{"version":36,"hash":{"type":"Buffer","data":"88gHUaQrSsPfPajb27SwcVy+0qVJOhnA+lv4bftrpOEh42eJJVV5+2Y12oe+am0nNc2rO80oc8Atv1o2+nFrs9bLrpZds2gFbJBC4OCMeeXZrZC9sfABCpWYhkkHkw32L5GIEOEBCF1DmqUqMTdfYj7mQiIWYyYi+1weBAZkRMM="},"indexValueMap":{"C+d6QUgGGsLOgh0mqrnOmufY6hn541ud0EYFWn7nAIA=":{"valueMac":{"type":"Buffer","data":"bF7GevKZ4XmZHXz551RuZiF5pLQBmLTgOUpWifyiXoE="}},"Dkx9HZ+srqfh+GLu9g2XD+pT97gbebIC3NEQy1y2fHE=":{"valueMac":{"type":"Buffer","data":"2ujMoV/mx0DHPkpNgcNNUaQunDKtVBxIw/vRF7gHpIA="}},"H4rKlGUmN9bZHCwMUMkOATwYcXS51LeysA2uzudLUac=":{"valueMac":{"type":"Buffer","data":"T6YYXMIyBhHLCrdgMoev9RFQyfnhlF2LgFYnNP4frzY="}},"KkA29n6HKdJu8yTAaReMpGjpKCnAOd4rJLgy8ui+s4g=":{"valueMac":{"type":"Buffer","data":"ZurQSOxQKHRai+FBM5le5yygtFYzwckjdIjyC8jIw9w="}},"MIY/l3HrwZqkUr1FhIcebfsCtOGB+rhQ961bLWhV/pk=":{"valueMac":{"type":"Buffer","data":"giYCzMZEC5+YvMGmsTmnL96Z35oVB/6oxVm3bqbZePc="}},"Mn2mGD+QAAp9d+2N11IO6QBF+W7N2oLNL9RNfndnbyM=":{"valueMac":{"type":"Buffer","data":"EXNTMHhOBGe4n5sd1U7+rzJLnJahqFb0a2DzYfwyf54="}},"U7tFzaIuK5H4TmEIhfUj/XuFvpiurjN7bYusiDTLMsA=":{"valueMac":{"type":"Buffer","data":"XPhBBazF0dMcc4ROl+Iz/u7v710dAFLhbQWfpXlvigE="}},"VwNz4I2cRwCK+yZ+T+XXdzBxeOkdxTXOZjZTt1PdkDY=":{"valueMac":{"type":"Buffer","data":"GxxkG6Jw4qpMv7vk6bZlbRbXbRqk6HK2k6X8JqmIYAI="}},"WbEjm3DBE1HqpaqLKBo3IMI0RqaJIZrLugxzX10evlA=":{"valueMac":{"type":"Buffer","data":"0JMnBMUSlAMzOeAIx1TqG6EAXTWAoMW5Kvq1eldwWKE="}},"Yr383AQixnJoxs3ZufaeE2NS1UVPso0WoSSjKkfiho0=":{"valueMac":{"type":"Buffer","data":"LAIKFJJZ9Q5+ceT0qjeMJ/o0DkTP/iwpIRmQANfowqg="}},"ZzNgElmhpaJbA6DqeNHLgXuN5e4/z4GoOXrp3bVhrcM=":{"valueMac":{"type":"Buffer","data":"xWDJ/Fmz1p39kEUOyfHSTf6n7V+BKApgNHGwYTtnlfE="}},"aRY+ZCYg8wLWPSzfIj0xh2Qkszo+VvuNpVSSwRviN8U=":{"valueMac":{"type":"Buffer","data":"Wc/gAEf264QmSOO9aNfwSg//jMDSg8UMJBjK/msdx4s="}},"bNVHzRAHfBWW5fI7PeuXGv/MYR4aQFR++d9I0e2yKLs=":{"valueMac":{"type":"Buffer","data":"cg3DBt8MdIWbXiiTK2UUPPQM6eiWhJg8F86n6e4QL20="}},"eJDRF3bHSiOjY1MGnUZ86vCqo5PB6jL1jcm0s4sVdCk=":{"valueMac":{"type":"Buffer","data":"AQecuzacVLFsNWCdSFmCeGS5s+sxaTx+qdiip9OM9IQ="}},"e23PjQPXaLKxF1+G151bXErnnt3tWrpRXzQz6j1Keh8=":{"valueMac":{"type":"Buffer","data":"tZsD0bYo4cIc9ns13Nb/XOO1eDyqWd7FmT432370p8Q="}},"hE7cL3bFw8TbpG8zeU+ncix16wyV6Kg2JCHwGW4PnAY=":{"valueMac":{"type":"Buffer","data":"xX2bG/sI3hmmRuMEdSydG+5Cq1cw1YssLGx1jEI8R8o="}},"jiIUlBVf73CyVgYmk7t3Ct40xeVOXeKA336574cy9sg=":{"valueMac":{"type":"Buffer","data":"Li/AC8NtKpPuMwoYmBQTI6eFCeqAUgyMXbkMNFNQZrw="}},"lkqn7msfCwKsrYpq2OfZP395WaPWoaDxeeEI7yAzrm8=":{"valueMac":{"type":"Buffer","data":"RzC76WhMHIDhqjlAjZQfU1th6UXZYbbgcPGgNNV8kfs="}},"mKqgWvKsfxmXYYbzkCCkqYDqYOROM1S3BKAT8UDlVjs=":{"valueMac":{"type":"Buffer","data":"zP6NQX6UltpbBsgTzQQGpIQUPsTcgCA6FHqn8HmK+VY="}},"nsOhkU3aRPpWm1jBQaUIaPq0a7vewDj7DDzhC9vQrCc=":{"valueMac":{"type":"Buffer","data":"7erVgaGkO53YufQHttnYTA6bWWiwEtW77ioQY4naaKY="}},"reBbQA5DiwxS6pOATi6KTW93waSxJzT8TNDTviV84mg=":{"valueMac":{"type":"Buffer","data":"pmd1QlHdpoXxP7tI1bEsQaCCnrUi8qL7tjbZ45ihQtw="}},"r4mxwjZBJWb53sBS5RZie0F2eKZgF3qNS7IBb2rkcqY=":{"valueMac":{"type":"Buffer","data":"g6mY4y8Qcg6aW3PnFPF3Q4ulif/S4Tc93FsGCjzDcp4="}},"s6LardpOhUd4slm66wYJbkhUBgC4b74xLG7ACg+OgFo=":{"valueMac":{"type":"Buffer","data":"R/QYNZ+bXI0e3/9j1U4aLd9H2u9KGZXPnnrc4Ho25Kg="}},"vW8SJeGNDd5XycZEE7rgbe5cxJtjq/gekvri6MvPRgU=":{"valueMac":{"type":"Buffer","data":"fLcKtcpIpe7fgAfK79g1yufHudITMwyZfWmMz/wsGOQ="}},"ycURfHyw2ucCjVY+DS1WRloQ/tXyU/35Qn3Gc5NKUQQ=":{"valueMac":{"type":"Buffer","data":"/Fv+ToSAW4JHnWTkkJWBevBeH5Rh2keJssPYNfeAQlA="}},"yt77Nr3iQ8hrQVsp3iDGw/zKs4aW3BT5sTMkqvX0eWA=":{"valueMac":{"type":"Buffer","data":"R46+kNSV3gwsN2CTcnu8X4vST1SgmVRjUFBatorV4zw="}},"zTh40pF6J2C8C1VsqVC4yj5DusJHtcMTuMlSznGwcvY=":{"valueMac":{"type":"Buffer","data":"HfAzsCjoq2Y9SJbvxoab6GIR/Bt3xre7gcZhxaBggi0="}},"0UzifShTSAv2GhSmXqfB3C/jUvgT5Y0ZO2BNWC5DLhM=":{"valueMac":{"type":"Buffer","data":"3lPpZnT7CgWfKlfWE1l+v9tckGB9X9cZ+c27SKRmzTE="}},"0osIQkX6lvNtwSODxOOK9I2czqd6rJ5+NRLBWPfol6M=":{"valueMac":{"type":"Buffer","data":"vEss4Yz+2s/tEAsMuZTrKJ7kj+F0vi0uoslA8qNB/Tw="}},"1+wI4jy2lVBOwHtlbD7Qyq3RuBAztof0gEVJGgPxQfU=":{"valueMac":{"type":"Buffer","data":"75wzCY9MhrX2JmAXibbQ8yUBvAOLDJJEvWy7cypGUcA="}},"3D5+YUuNqV6SsiI+rfOUnPuRpU5RFA0id3viCKNIOhk=":{"valueMac":{"type":"Buffer","data":"QMt357nFQdC5XeVdvDwUDozniGpDpjDofUiVMFdTO0o="}},"4wFpWnoB+kbg79XgsNit13PzE/Uaj2dc+qjv+lgS1yc=":{"valueMac":{"type":"Buffer","data":"rWSJlZsoBPythPLWTiLJpx6GVGUOguAl1IDITia1CQM="}},"5bxTZORKgsAaJOTXZQKsYYm2Jhb6EvKv3txKjWwqC1s=":{"valueMac":{"type":"Buffer","data":"DkmyN6+oL7jhTNUTPl5HeQCtL2lFOPlrCDKWn0t8Xhw="}},"64qeMmkRcpve+qBJfL4y8rnaTIlm8FBc8nazEQ8qC3w=":{"valueMac":{"type":"Buffer","data":"UtMAKaJbtH6VLss4kEuUTpEjszUPa0vv9yItggAzUOI="}},"65g1HOcuDbHOrb63zkx/CV6/Er4o7PRypSDrWxksh64=":{"valueMac":{"type":"Buffer","data":"UGSj55TKRJbpM2X0TRtrEK0szCnFf7COmwufyKnamak="}},"+IM7jfLAcFKWtQMkSJIZva93PIhDwYjOiuJiYmuUwUY=":{"valueMac":{"type":"Buffer","data":"uI/AcGIfYkgoR0Wr6wfoRDarqwkvz+kdHcSlxfSVM8w="}},"+eM4CySNJIfjfTgX3Rn2eMiKTJ0DWYPl3dSWKKmRU9Y=":{"valueMac":{"type":"Buffer","data":"VtYoOr+FeahzUjVi7w9/DVTwWwVS+APHzob99tLtZ8Y="}},"+z0DOJMJ4vo8FUXl6QOtKQTi9xESRRO6sxoXaB9f3CY=":{"valueMac":{"type":"Buffer","data":"YIOWYAxO3ksPTC/ImeLGbfc278xIz2Okwue65WQB6+M="}},"/RybuyqdwfJRnAVR7bxUiPQteHqPWw0OyqYnG7+QUx0=":{"valueMac":{"type":"Buffer","data":"zSZjTTc1kSKF4P+PSpq8zF2Uci4wG5UQJZ1pj1T/3fs="}},"/c+GvxJV+OOxR/T/MYfqDQ6LeysiDOTJzdnnmSvvMdU=":{"valueMac":{"type":"Buffer","data":"+RPc7A4u10vx/sxZ3nPw+u3jdzw1sBm94vkGjrkDh00="}},"/5z25peS4RkJbPI4xDu52ZxYgyjLK+06zCqK13MrIu0=":{"valueMac":{"type":"Buffer","data":"DIvNv7lTdPTjbaA37T9Fo3BdhMZ/9faawEueR33a8O4="}},"VUM6RTDFSa924Ls98z5FE9kDOry5VD8YTYLpSplVpQU=":{"valueMac":{"type":"Buffer","data":"EADwqH46hnPDHArB2Xp5PCynSojV2xEqPafyU8bvmkk="}},"kccSMaDjsHycpfZDjBlHBw/WioqMqkvGWVIh9qnkD3k=":{"valueMac":{"type":"Buffer","data":"u249puf2JErTnP3jfPhIHkSG50lUwsit/qokjIN7tdA="}},"AoP3GRti4jJoqRAf0CCsngVGwl3vpuyqAUa7eRQZx5s=":{"valueMac":{"type":"Buffer","data":"rKSmzTRFg4bakw8BgxiMpoBuzRkjRoCYYA7vQT8S6ko="}},"+Adrc6qcTHHNIkOow2mWHOLr+pOWXrJLxQFYz1R8Hnk=":{"valueMac":{"type":"Buffer","data":"SSDo8ENkT5dz/BHgcisUzBEK87p+ee9N4fHyQg4/OSI="}},"eKvGL55z+lLllR7rwUn5XAGKfedjAm9muBiib9/ZDEw=":{"valueMac":{"type":"Buffer","data":"w2s1H0dt1g7uyFBSu6nKAjGES5vOpOPoAo0Q0Go2n5g="}},"odWAiiqFiMpFjiRzy7si6Vav+k2v3kXiTRYUupd7JsA=":{"valueMac":{"type":"Buffer","data":"DWy1eNDieyI40j1zGCCGg+Yn7vOlN6rTJ/pHVKi/eiU="}},"o+d6gRiZEgL/ifNObLM/xE+gJxy/b5Wobn7y0dMC2KU=":{"valueMac":{"type":"Buffer","data":"MlxluQXI8azYaMJnWygUUAu/9ifuJCMJ5zOi6iPnfQU="}},"hka6ZttQ8GknYY1jqDnHS+HFe1yaqVTupKBTEOPLhxs=":{"valueMac":{"type":"Buffer","data":"svYmgtvnajyf/ZXC+wAOm1UrYcDvjX0/ccaAdB3rGb0="}},"7w6AHN+gqUd1ZeF8lEoEzGmKAjepRl1Tc0ddJ6GfJ18=":{"valueMac":{"type":"Buffer","data":"jWulRtpIJfkU9uVHXIxlQDYxPhhyC4/ZumHiLpynbxw="}},"eDb4tAf2X/5z1nvymx7buFWi6Q/6RMMmVVydrKr/dUg=":{"valueMac":{"type":"Buffer","data":"LlDFHKmT/H5CwACm2HppiM0X3snosx9k2tzLGZvT8ww="}}}}