{"noiseKey":{"private":{"type":"Buffer","data":"gJdl20oz8mjqSSxbt8qeMeJnrzDh7kRqk2e8SA5yt2Q="},"public":{"type":"Buffer","data":"eMisBu9Q9elqg4EvR8afw2ikq1CE5L3dQiU30Cep91E="}},"pairingEphemeralKeyPair":{"private":{"type":"Buffer","data":"cD1tawJYg9M7sqihrQE+AysTbdxPOFiHwLRDgARF5ms="},"public":{"type":"Buffer","data":"TiAxhSN8Yj/VnZzZz09GTIoNWLWGzUX2EfOGxRDBcVk="}},"signedIdentityKey":{"private":{"type":"Buffer","data":"MKTR0jolKVTmY8zPbG53FXbD4QClUpMp+wWAZ60ytkM="},"public":{"type":"Buffer","data":"WYcmMMhmtY3+eDLDfsPcgcnJQrfWZVTCnvfvHuHbJzs="}},"signedPreKey":{"keyPair":{"private":{"type":"Buffer","data":"UEie6FOLV1q3FlKgAMA4hkRI66YIR6MbXVgnDeK0tmg="},"public":{"type":"Buffer","data":"SD03xPKTcV9S2t4l3jXclHEyN58R7E1CNJhMudVCexs="}},"signature":{"type":"Buffer","data":"G7jklO/bUCl0xH3hNlgfEBOw3zmHQHejnfx7wXwP6769coJYO1efcG/zeLyyMIbfrVHyUm5RKnWAgqw/PJZLgw=="},"keyId":1},"registrationId":11,"advSecretKey":"xbptUSSajqZigI9JgQQ7Vw0OdY47JZ5f0Q2f10Ban0A=","processedHistoryMessages":[{"key":{"remoteJid":"6281214955555@s.whatsapp.net","fromMe":true,"id":"3AD1090D6338BBBBEAA8"},"messageTimestamp":1743244005}],"nextPreKeyId":31,"firstUnuploadedPreKeyId":31,"accountSyncCounter":1,"accountSettings":{"unarchiveChats":false},"registered":false,"account":{"details":"CNfKvIEJEKiVn78GGAQgACgA","accountSignatureKey":"colcVevNk/YvTJR2jIvT17v/o/dWtWO9RWlWN4Zr/gg=","accountSignature":"4InV93+KeOAa1+m4NDR5JCWlwldUKv2Qh0pMiQCWngh9dAs8BBRaaPSWEPZ972BsblQ/jqYK7ycWOXz5+zMdhA==","deviceSignature":"Ac1B6eQyKQl98kQGIO73GeZ2yloi+UbTPxt+F8a0JFrH9+EBmmb1CtfRjf0bTgbGLxNUdEtJpo4vyqgcpUi6iw=="},"me":{"id":"6281214955555:83@s.whatsapp.net","name":"JonesKepri","lid":"267963076763815:83@lid"},"signalIdentities":[{"identifier":{"name":"6281214955555:83@s.whatsapp.net","deviceId":0},"identifierKey":{"type":"Buffer","data":"BXKJXFXrzZP2L0yUdoyL09e7/6P3VrVjvUVpVjeGa/4I"}}],"platform":"smbi","routingInfo":{"type":"Buffer","data":"CAIIEg=="},"lastAccountSyncTimestamp":1743244097,"lastPropHash":"3R9Z39","myAppStateKeyId":"AAAAABcY"}