{"_sessions":{"BX2amnJ0tTeYYvlG/jHU16q7AURXkPnEE1+QM7iO24Qw":{"registrationId":151,"currentRatchet":{"ephemeralKeyPair":{"pubKey":"BQZBzlC19g4M/ruzde7L/3jZJmKQ9qO/64ujiYW6nC4P","privKey":"IIMQXIUK3bYHIO3JYSb6YjkszNeYsOVvifYFtNw/2HA="},"lastRemoteEphemeralKey":"Bd3CthDSzgbs+DvqwQRp/u8An5GhAcDCfrLZPZp5phll","previousCounter":0,"rootKey":"sNBp7dTpCJApUWjybSJ/DV3XpkLHR3cknZaPHPhda3Q="},"indexInfo":{"baseKey":"BX2amnJ0tTeYYvlG/jHU16q7AURXkPnEE1+QM7iO24Qw","baseKeyType":1,"closed":-1,"used":1743244124852,"created":1743244124852,"remoteIdentityKey":"Bbp6If26SK8ns7yXtRnRYc1OCVoQeOdQc1WVbKs4unAI"},"_chains":{"BQZBzlC19g4M/ruzde7L/3jZJmKQ9qO/64ujiYW6nC4P":{"chainKey":{"counter":2,"key":"i1SOa3WnJztC2+JJfPR/o7qfD0tEvkc7d5OpSgJFU2o="},"chainType":1,"messageKeys":{}}},"pendingPreKey":{"signedKeyId":1,"baseKey":"BX2amnJ0tTeYYvlG/jHU16q7AURXkPnEE1+QM7iO24Qw","preKeyId":892}}},"version":"v1"}