{"_sessions":{"BVfJWPywZf8Dc8qyEhQG6t8IE7DDJiI/1UAazqm1YYxS":{"registrationId":77,"currentRatchet":{"ephemeralKeyPair":{"pubKey":"BSP3zlk+oZUG0eB9UkxuawRvSK1ru/bg5JdWWsWFxHFr","privKey":"mKI4kpAweMRfGwRpaTZavbhr2ohxf2Vq6+FQTxbU9Eo="},"lastRemoteEphemeralKey":"Bff2KvYeWfXgD0oq6dz2QN3AODkXJBgMziEzzrvwTfAa","previousCounter":0,"rootKey":"a83P+tKGLPl91GQXGg5RwBheaEOQ3Z4Df5eL2vNAWdw="},"indexInfo":{"baseKey":"BVfJWPywZf8Dc8qyEhQG6t8IE7DDJiI/1UAazqm1YYxS","baseKeyType":1,"closed":-1,"used":1743244126545,"created":1743244124843,"remoteIdentityKey":"BbQvswwk5bJXmpO74PL99WrAWeIMAIt/XRcB+0RdfvU7"},"_chains":{"Bff2KvYeWfXgD0oq6dz2QN3AODkXJBgMziEzzrvwTfAa":{"chainKey":{"counter":0,"key":"Yo6NGu8epqM3HgOtKBGXAbSXc85SE8G8OporIp6y31w="},"chainType":2,"messageKeys":{}},"BSP3zlk+oZUG0eB9UkxuawRvSK1ru/bg5JdWWsWFxHFr":{"chainKey":{"counter":-1,"key":"dXavcSFYpvfVlGH4rwcriPctrROMX74PTy07TP412PM="},"chainType":1,"messageKeys":{}}}}},"version":"v1"}