{"_sessions":{"BY9rZBEpVK6wM81MURF2/sStupp0kIVtpcv4e8A1fO8Z":{"registrationId":413395460,"currentRatchet":{"ephemeralKeyPair":{"pubKey":"Bfu9snKRNtfT+IQnpPLFhKEkD1CKx3vsbE2qEd308S9z","privKey":"2BA/+2zpjBjUOA+U3CAQUGK1RL2HioJnZyT0R+NZZHI="},"lastRemoteEphemeralKey":"Bd9khxbWMzFdVLGlFR1ldbA/HD1tWtwj1KyZUMjX7qt1","previousCounter":0,"rootKey":"msju7AGkm5zNrh1Qt65iAOv31fFn40JluqNBf2lS0VI="},"indexInfo":{"baseKey":"BY9rZBEpVK6wM81MURF2/sStupp0kIVtpcv4e8A1fO8Z","baseKeyType":2,"closed":-1,"used":1743244043923,"created":1743244043923,"remoteIdentityKey":"BUkNcWirdX/MV52PzL+SYuoUlMOfNZ2sei8WOMOGy7Nn"},"_chains":{"Bd9khxbWMzFdVLGlFR1ldbA/HD1tWtwj1KyZUMjX7qt1":{"chainKey":{"counter":1,"key":"iO4B+GKIBvdaIs/BRLLmpsdLLZWDd/X06/8ZQvsV1cU="},"chainType":2,"messageKeys":{}},"Bfu9snKRNtfT+IQnpPLFhKEkD1CKx3vsbE2qEd308S9z":{"chainKey":{"counter":0,"key":"WIWz63eJAHXpi99BRjCk65guWfjQzccptESWPE5dxPg="},"chainType":1,"messageKeys":{}}}}},"version":"v1"}