{"_sessions":{"BSDwXR5i/aVZrJXHy3ah22FArLiVroQe+W6Lvc4ZHr1q":{"registrationId":1941948254,"currentRatchet":{"ephemeralKeyPair":{"pubKey":"BTiypFvmNWnM8dOjQ9Rhh7pt7rDVK7Gd2bo21glramQ4","privKey":"uJAGl9wHgJfqfaW1RPqSnPihMpxd5HDmUm9hYmyFtVo="},"lastRemoteEphemeralKey":"BXFTtiX4AkI98SNHxc0Ezip6THyh45SpeARGBlpNUoI8","previousCounter":0,"rootKey":"QD6yVD3bmlX6RNKV3S/IutiUX9uUoWmg0pmBhJjVYVo="},"indexInfo":{"baseKey":"BSDwXR5i/aVZrJXHy3ah22FArLiVroQe+W6Lvc4ZHr1q","baseKeyType":2,"closed":-1,"used":1743244149968,"created":1743244149968,"remoteIdentityKey":"BR5+oOsVzrySKGE1I++5rxvlckR+52CyPPL8Su+U6Tdw"},"_chains":{"BXFTtiX4AkI98SNHxc0Ezip6THyh45SpeARGBlpNUoI8":{"chainKey":{"counter":0,"key":"Wnl/j0R79j1fLWhsFZp1+V/dqQ0pCtwODyuzPPeSvAo="},"chainType":2,"messageKeys":{}},"BTiypFvmNWnM8dOjQ9Rhh7pt7rDVK7Gd2bo21glramQ4":{"chainKey":{"counter":-1,"key":"BrtwzqUqEDwoIoETepKb2vAXqwtTkSBLpAwaZbMtfOc="},"chainType":1,"messageKeys":{}}}}},"version":"v1"}