{"_sessions":{"BWdaDhCCFMvTfjGLxXLszSTTJxnuJcQ15CRl1aeG6u1E":{"registrationId":415544872,"currentRatchet":{"ephemeralKeyPair":{"pubKey":"BX4rffHj8px7dJpB4FUQkX84Y2qKUP5uZqn/t8AygXhc","privKey":"4JB/ejQpu/bCPmnW2Eskl2tqCBSiZTCoxQxhiSzFI2Q="},"lastRemoteEphemeralKey":"BeEDRfGQwvGMgW0mVVkCzCWQA662FMtBZkOMLdQ6Sy5O","previousCounter":0,"rootKey":"cIlypXnD2DkPB1zjfK6+PB4+8g7ldT1HLvjGldqw4K4="},"indexInfo":{"baseKey":"BWdaDhCCFMvTfjGLxXLszSTTJxnuJcQ15CRl1aeG6u1E","baseKeyType":2,"closed":-1,"used":1743244254953,"created":1743244190926,"remoteIdentityKey":"BW2kj+6/K/erL9cOEoAErL85vLYGZZUcfaIw7zf1s0V7"},"_chains":{"BRDAWXEkNpvF5YIYxsiNXRU4wSJv65weympola5Uy+Fu":{"chainKey":{"counter":1},"chainType":2,"messageKeys":{}},"BeEDRfGQwvGMgW0mVVkCzCWQA662FMtBZkOMLdQ6Sy5O":{"chainKey":{"counter":0,"key":"B3Aj9PlFaqQRGiMI5DK1syePjJKPSHWIYpTn5dkW8VU="},"chainType":2,"messageKeys":{}},"BX4rffHj8px7dJpB4FUQkX84Y2qKUP5uZqn/t8AygXhc":{"chainKey":{"counter":0,"key":"qEG+k4hyHeXtxx1jjnTd52IHo9RTUxI9abwQ2wgXCS8="},"chainType":1,"messageKeys":{}}}}},"version":"v1"}