{"_sessions":{"BVzYN1v2BB9q0ivTRAZzTJdm/GJ0YjMhKcXk1k3brXpQ":{"registrationId":883275368,"currentRatchet":{"ephemeralKeyPair":{"pubKey":"BRgtjkymxVbk/kW6aDUwIORqIfF8DbdvyvswpAe3VVUy","privKey":"6CW9hWB+N67dmh3R+pZoxadD7dutjMhaSY/Afgk+M24="},"lastRemoteEphemeralKey":"BenUjAk+TvmZcYgQtvCXRYHzzXJmSswxDLT7i+Pa1Lwp","previousCounter":0,"rootKey":"x9KviG7acr7zGkwOu1RWlCQjJPbcBC0g6FrDmEwSN/Q="},"indexInfo":{"baseKey":"BVzYN1v2BB9q0ivTRAZzTJdm/GJ0YjMhKcXk1k3brXpQ","baseKeyType":2,"closed":-1,"used":1743243949915,"created":1743243949915,"remoteIdentityKey":"BXKJXFXrzZP2L0yUdoyL09e7/6P3VrVjvUVpVjeGa/4I"},"_chains":{"BenUjAk+TvmZcYgQtvCXRYHzzXJmSswxDLT7i+Pa1Lwp":{"chainKey":{"counter":5,"key":"jB6jvfY2wx8BIFJcBSvONhfC+bHbamh7OKOlbhz0lCE="},"chainType":2,"messageKeys":{}},"BRgtjkymxVbk/kW6aDUwIORqIfF8DbdvyvswpAe3VVUy":{"chainKey":{"counter":2,"key":"/jJVnZ6jyZWRwOp68IC6ZvyccWCToPoVBbQvbGZLANw="},"chainType":1,"messageKeys":{}}}}},"version":"v1"}