{"_sessions":{"BUc6teg+ChDtBuxRF7jPaWGo2nnM4aaOn/mjZLo5GaBf":{"registrationId":14847746,"currentRatchet":{"ephemeralKeyPair":{"pubKey":"Bd3DoMBPAucsUcZ+TQt4k+mkBSxmBzeB8ILHr5FbxkxF","privKey":"mLTocqgx5EX3SUnSDH+g6IUWsYSAPK9+5iPkacWGikI="},"lastRemoteEphemeralKey":"BS9GBa0WlICWv+eFZ8USa2D6cLiGoyXNPZ0uumQ4KE1r","previousCounter":0,"rootKey":"8kMsbP+c5VHnlMaRph7C6m/cc+o2US9s/muaoYeW7So="},"indexInfo":{"baseKey":"BUc6teg+ChDtBuxRF7jPaWGo2nnM4aaOn/mjZLo5GaBf","baseKeyType":2,"closed":-1,"used":1743244097361,"created":1743244097361,"remoteIdentityKey":"BePLWHb4VMldZuyDHC2Uszcsring5+oqkRFUlIVEiPQX"},"_chains":{"BS9GBa0WlICWv+eFZ8USa2D6cLiGoyXNPZ0uumQ4KE1r":{"chainKey":{"counter":0,"key":"g5Q9gTWegara6fU790q6u1V1KgM6J/v7M5rAOGevqwM="},"chainType":2,"messageKeys":{}},"Bd3DoMBPAucsUcZ+TQt4k+mkBSxmBzeB8ILHr5FbxkxF":{"chainKey":{"counter":-1,"key":"hPkFjUrjR2ywV1vEiB072/FbIrMHvh0kyb8I6sDbPGc="},"chainType":1,"messageKeys":{}}}}},"version":"v1"}