{"_sessions":{"BdrUPqdZ2xNmZdxUVMU/Ixs/bsEgvy9O4Z0WEGd0MBZj":{"registrationId":1786863835,"currentRatchet":{"ephemeralKeyPair":{"pubKey":"Bdq9Uh9sD8NmwhyrMwiXkklMrrZAXwfTy5pBfAcEIjF8","privKey":"SC60PoZhEDvmmyRsNfGhBtJrLYS7EfTq/sAzVY4yBns="},"lastRemoteEphemeralKey":"BUw21cPzmCRaK6zsgkkBDlllG5LdEH2AleZmVvgGskQX","previousCounter":0,"rootKey":"+sneoIWXjMwRxFF+xZYbT2wQsVXnwLtZU9Y3RNQLeGA="},"indexInfo":{"baseKey":"BdrUPqdZ2xNmZdxUVMU/Ixs/bsEgvy9O4Z0WEGd0MBZj","baseKeyType":2,"closed":-1,"used":1743244026274,"created":1743244026274,"remoteIdentityKey":"BYnBZBgnpWeRYMOLyKjLt94PrrU1oddXg6firopUe4NV"},"_chains":{"BUw21cPzmCRaK6zsgkkBDlllG5LdEH2AleZmVvgGskQX":{"chainKey":{"counter":1,"key":"UO4f2EgkOUCXNfL/Bj3foCxxRtMr4lSw9GaJ+somq0E="},"chainType":2,"messageKeys":{}},"Bdq9Uh9sD8NmwhyrMwiXkklMrrZAXwfTy5pBfAcEIjF8":{"chainKey":{"counter":-1,"key":"IHMBbJZB86jDIzd0Tm3r1zB8kJQbUN2S+OgZyQZ9npE="},"chainType":1,"messageKeys":{}}}}},"version":"v1"}