{"_sessions":{"BVMlFx4kQCsfOINyN3ebv9/dcUglulWsIWialAKcaesX":{"registrationId":723978693,"currentRatchet":{"ephemeralKeyPair":{"pubKey":"BfGUXwyx38xJPZj6FFloGesyEEHE45EOajFKjcM5QKRp","privKey":"yFaXb+fF38ioPZnQ0ckemcgH/UMNibmE50wwo/C3F2E="},"lastRemoteEphemeralKey":"BXr2yPDVRhcAwO61ruAkEN++0KqAoZUwGMrsvJ/MlC1a","previousCounter":0,"rootKey":"uFdngZZ3lAq9h5aaZk7/UtoR7ztkjWyGRpHgRcXgb8g="},"indexInfo":{"baseKey":"BVMlFx4kQCsfOINyN3ebv9/dcUglulWsIWialAKcaesX","baseKeyType":2,"closed":-1,"used":1743244362100,"created":1743244362100,"remoteIdentityKey":"BZovh8NjwFcHpmf7TRAGt9gRYeoophyWichhJVCMFBIi"},"_chains":{"BXr2yPDVRhcAwO61ruAkEN++0KqAoZUwGMrsvJ/MlC1a":{"chainKey":{"counter":0,"key":"Lo7l5MhUQ5e6OLb9vWhjNkPuObr6N7jnMYlhFCs7INE="},"chainType":2,"messageKeys":{}},"BfGUXwyx38xJPZj6FFloGesyEEHE45EOajFKjcM5QKRp":{"chainKey":{"counter":-1,"key":"qYQDRi+y8ed72qK10tqWp5qyZO0T+2eXXa+6wGNt+dg="},"chainType":1,"messageKeys":{}}}}},"version":"v1"}