{"_sessions":{"Bdo7qXz5OPswx2jt3SD1/uRPHJ0BTiWBdtqdD2GkkDoY":{"registrationId":423475928,"currentRatchet":{"ephemeralKeyPair":{"pubKey":"BdUYO9i1XTf+m0hlDZ0LYZ6+KA6Ti7fdZIuyb3Dfblw2","privKey":"WKQT5RzKwcPMMMGu46mW/AZCLLwd0V7AuF0QggUm0FI="},"lastRemoteEphemeralKey":"BcUhdv9XVZx11A0X/AvUUeYu0QQLttFYJL9XNnGqO9Ra","previousCounter":0,"rootKey":"whZlWvzj3ufVc2StwgSCcJAZLdqqdCtFrdSBGIAmFZw="},"indexInfo":{"baseKey":"Bdo7qXz5OPswx2jt3SD1/uRPHJ0BTiWBdtqdD2GkkDoY","baseKeyType":2,"closed":-1,"used":1743244345372,"created":1743244345372,"remoteIdentityKey":"BYRAiMxKpuFFF+E44rZY2cZWvxL/UW46eMprjA1LAVkA"},"_chains":{"BcUhdv9XVZx11A0X/AvUUeYu0QQLttFYJL9XNnGqO9Ra":{"chainKey":{"counter":0,"key":"gli/TX9Zu3zzPBUTsXdKYMeIColsfUklz2eM766IGWQ="},"chainType":2,"messageKeys":{}},"BdUYO9i1XTf+m0hlDZ0LYZ6+KA6Ti7fdZIuyb3Dfblw2":{"chainKey":{"counter":-1,"key":"3vBdkc0FtlHM07lXtcUJK2zXlb3is4tZEBD64KWIyTI="},"chainType":1,"messageKeys":{}}}}},"version":"v1"}