{"version":13,"hash":{"type":"Buffer","data":"YzmApMR3QRyCdQ6IcVyE1TQ1SxT/t+N8+TdpghX7aUShQB2OcE0zzjVW5y2DhSRlV7gf1XVSokvKormq951ojWnqTC2CY4GUcTCE0oy7QN1FqUrOpZwCQburlgV9MRQ/sWjHFjULiyJUa0ZmENJo5CRrhswgytZ9ww7PJl0Xrkw="},"indexValueMap":{"AAXZpmJTkRkT62AkR8A6s3KeZD9TlzdZNopg8HGDGgM=":{"valueMac":{"type":"Buffer","data":"XD5W7sJG76EJdzc+flr2DPdkk98MnjrsSsy+nh5dtPs="}},"Bay69XyhnMzmFR/yKiSOcLXCb67fS7RJ7r/u2eNynlA=":{"valueMac":{"type":"Buffer","data":"sliN3XPbi41ThP2ZPM8MXUKa11rwRLjuFfVUeua1Guo="}},"Bf/eWu/U9TNuiFdrdby2sycje//BEEuoHDs8oxr2AeU=":{"valueMac":{"type":"Buffer","data":"9GFCDSPqfqO/tN7Yw6a0bTUpxDT1xNmNVdc6V5KsDlQ="}},"CCG+aEsmhdfynuSPX1h4SWW6t3U416wwT7pOTkSHj9I=":{"valueMac":{"type":"Buffer","data":"orTb27u/d1ccQxRK+SWikiwMwVLnQ0k9aeESHE/bAhg="}},"CdadXDoBeVMlCL3zv2PqG3o6bemTD1pVu5gguOAFBEA=":{"valueMac":{"type":"Buffer","data":"yVO1Z3nw+qnvaFNXuix9nFi4m3BeD9TBm+VmI5whoWc="}},"DR7LKKVfDxhaKjYAprZOSA/IcV45+oYrUj6DzjPLn8Y=":{"valueMac":{"type":"Buffer","data":"xY7SR7aIYWIreA703D2OueK5ebF3b4/vH0N5P3wiEtw="}},"DYT/1YL+A3VtbUc6vVMYZf5iIkBLq8vkPnNvR6lEQPw=":{"valueMac":{"type":"Buffer","data":"iAFf1WsjyMa2OY+HENI9vP1/0281zQyI0IYrIcS9LzU="}},"DmO7f74c8eloQR+PSAkurUBow82zAEP+ZrQvQz9BVQk=":{"valueMac":{"type":"Buffer","data":"oq9QAL9OGfcZq3eyIrJfYY/+l1eXsMEKV03kR550/yk="}},"EG7vXe2LiD8J4H/CZ2HxdmfPDrcb3hkseAW7Lusp1ck=":{"valueMac":{"type":"Buffer","data":"xHTPtdY9HfCK0YD1IM84eyPpO3v5CwLRqWDcUtJKuOo="}},"E/ahdWmrvzNsSfcP8FKQUa189k/Ui0E3BLiSszQWaE8=":{"valueMac":{"type":"Buffer","data":"x/PdE4maeexwwczeMgMC3zeFsGq/E/DRm9fveeHOt64="}},"Fx0FCQE5Ipc0nemCJUIu+Iv72vDfGVvD+OxplBZzP6A=":{"valueMac":{"type":"Buffer","data":"NZDHYE0BTMDPCIIafE0MpP4U6Ln6WFbch0aK2mu5Nhs="}},"GcnOC26WhNfa+9A9xto1e7lJzKeLvccg3AadvTyp3Bc=":{"valueMac":{"type":"Buffer","data":"n8AGm438i7QP6chURgliNmfGqAQJDkLBOpDmzGN1bSE="}},"Gtp8V6QYQUciRo05klaWvFFb/jw2LPkmZ1rX6e7C8nA=":{"valueMac":{"type":"Buffer","data":"pYayQYZDfy/Xb9jZ/jb4+zdhlWCKfc/3RsRGxCzvHxw="}},"HJWsENQKbCffuPzjz8vkYk2NDjeb/i8Th4Ffim06kw8=":{"valueMac":{"type":"Buffer","data":"ofvqBfmenVgdr6PiR2mIkVJcEnKIhcfITUw+zPv9KZs="}},"HUWYE3lDPVXZ+EMakVHmXLmH49wQYRBQEJdxq8vvbek=":{"valueMac":{"type":"Buffer","data":"2fnXLURxX15YhJuON+bd78jKxnet3lbtKUtB6DK0Uxk="}},"HUbc7soNsvuBNTaOMF7gG8OYo/ZKAZlK2R/js4fIfzw=":{"valueMac":{"type":"Buffer","data":"os937ZCaiz8ctwszvAi7tUXOEvOoocYghoWQtY4Rk9o="}},"HVvEq36Wwl6D+SV6OoZVQz9KorDs4+kd0urClnXvOIk=":{"valueMac":{"type":"Buffer","data":"4AMtOEs4AzOXNMrfZaJNLDlgRIQxm5U3154OcfH0Cnc="}},"Hqk2i651n3YsYFbVrClALpjRfkHZmqKUHlJYQQzm6T8=":{"valueMac":{"type":"Buffer","data":"xNiCk+L+LbbrN7F7spCQP8lZ8Bdl1U5AtpfRka+Dk8k="}},"JEwPUAuKATiMMArxQim6vh7OIVU5gye+r58AIbwwBOY=":{"valueMac":{"type":"Buffer","data":"dytSDuZdEiViW3AqRbZA3iLIyAjHy3eJji+bbLZDQG0="}},"Lpu9HmlVa/NrPtpHgCFDK0aQTJdVK6hPFgE7dxJzVAw=":{"valueMac":{"type":"Buffer","data":"mNAJTcOBzdzjuAiJLQFG1RAoSgFBWEX8J/so4afLgh4="}},"L7/8cTvZQmln1ngOs6KxJvuCDHZhmTVvxUr4Z3E+qTc=":{"valueMac":{"type":"Buffer","data":"meZiW4X4jtMMWvtn6C035saReD2b7EdQiDOkzDnAJnI="}},"Ms3Eic4YjCRi7ybM70DGqba3VUSMTKwg7s19ltUQG/0=":{"valueMac":{"type":"Buffer","data":"KWsooM3AZk4n65TrrJLm/5rIP94WGfR6FCBOOGJCXG8="}},"M0l1m6tgv8MV5KYM99YTN1Y3foGDK8Aal9lCs2ifHbs=":{"valueMac":{"type":"Buffer","data":"uwJ+AzppQ3JpsfEABuItTiA9NvYF7WD//ri/jlpWvZk="}},"M264P9ssqKhDz0/M9vejeT2CDDnVEvrtE9XTTLmmlBU=":{"valueMac":{"type":"Buffer","data":"NMdLMsW9kDIzLTlvnThXKSrzsSzcMr/b21dBsoJt7tc="}},"M9pZc2ND9y69BHUxGDte5mUm9jhzYTeKhj8bZECtTN4=":{"valueMac":{"type":"Buffer","data":"TNer9PU13WTQ532nhQ98yd/wWrIaNhzNnIpDZiVxqWQ="}},"NW0taF9YbtHTE0yS37ySUYn6Z/3U9hltvt+SK4Ha9HU=":{"valueMac":{"type":"Buffer","data":"LdD0biDH23qcQLzuS8gV44uj8n6ebk8pEbUpzEKZPhQ="}},"OLVyvThCGj6u4EhayKuKoIf4sLnG8Wik7g6VYQf2SD0=":{"valueMac":{"type":"Buffer","data":"9O73O8NxlVNGbnBjECfRkIAV8i3X0TFFi4mcftCI/d8="}},"OxfUhUWW2VVtD0U1VIZWtjkgDItv0vHcI6U7aMdgmXs=":{"valueMac":{"type":"Buffer","data":"M3VQ/MCadJXEO9bXdN4XtnMqwdD0E98V3klFXOe2NWU="}},"QzJHZOCn9+87vGnovVyKhHhWEstUqQklZW5Vjno304k=":{"valueMac":{"type":"Buffer","data":"HVQ+5LuSHq9en292mVFWMgAS8f3Z33PoeGst8NJpNkE="}},"RNwEuVbsgjXhxA/9G2AcFRiq1RxPYa66yS3Eukp+ODY=":{"valueMac":{"type":"Buffer","data":"cKxqkK53EIRJya6PewwW3cGcXNKFk0GpX+AoTtpf65U="}},"Rk7JOBeYiPFWpcaRA/fMqZ+CaHOFVw27d1o7gL2hpcA=":{"valueMac":{"type":"Buffer","data":"F1bGSlY2PpXMqHYPcV0YnTayGax9flRrwNHzN/nmdeQ="}},"RsLB6GGpRVPFNHKaP8FxwQz5GeHBBHrqUlRXZtQ78y8=":{"valueMac":{"type":"Buffer","data":"EnODz73TrqRxJ/AbxdZSOVPin4ByTt/VvRllieA0q+Q="}},"S5l5KmxnMNoi1Dx8hbG0IjFlOZMRPdnZwUu1NTbw4q0=":{"valueMac":{"type":"Buffer","data":"YkknIdqD5Gdxk8PsE72vEq5zbEDoofvEKqkcFBIZNFA="}},"UTYvDnW9VFjR5uYmpPVxmGdgIDCEloudYrQ7Kd3h+7M=":{"valueMac":{"type":"Buffer","data":"HjiAw97hB6Ts1CjnBUdFCIJHuTndzeBl76wyhWqZGpI="}},"Uac8utiH/kyrvXdjF4Y+pR5ybnMH5OhZE4AmwQscbH4=":{"valueMac":{"type":"Buffer","data":"TjcNOSSf6wF6Yk1NbC1ZGxAltB4wkCX8MZzqR+uTKME="}},"Unbn5GT8Xqh6x+RNtz+1yvl/HIlkWbM/bi4EgyorT6c=":{"valueMac":{"type":"Buffer","data":"zab+F3l3RkTqFvi6sDqMJIH4XXm2doWDLNWfHlK23to="}},"VtEjbEF3S3Z747UNfuytPUshOdNWoFIFy7fFp2rMUAU=":{"valueMac":{"type":"Buffer","data":"Bfh0B7qnPMEUbazrOuNU+NVMfFDt5LJ/ggOuHW/6IHE="}},"V3kWkC6GEA/ATnsdDRrKiYd6d2jFK41RDdp2dqxoIaA=":{"valueMac":{"type":"Buffer","data":"Zc0G9VlcuaFPy+s0Ah2V/EEpCWX29q6hA+e/p30KfEk="}},"X0t0wwsZKwPgW2r7rfdaidpAtrNiefrTeQ9Hpodfc/A=":{"valueMac":{"type":"Buffer","data":"xJyKlTFrI2jEFVQ0Fkkq8DuDG1QuNSue9ctlEYBr7Eg="}},"Y2ka/9orIMblbY1s00KxuTPagiJAGG1eVj6PQfZP0eA=":{"valueMac":{"type":"Buffer","data":"Kbyb2nCUwNleqRdprRJgJo+LJGdvLhQHc8VX8Y/RcTM="}},"ZqPMHEyu1MZKdLR3FGW0DexX0QTC1KIm25h5GAhPBzU=":{"valueMac":{"type":"Buffer","data":"2wxtOU06qSVRJdGy+ja+YIRxsZxIyS4+JYYZ/jK9Qe0="}},"Z05NlthVkvWb77wq70pXGIz+PpNV/CmxZ5jEaAMLT08=":{"valueMac":{"type":"Buffer","data":"RROj+5XrXelGN20YbITXXVBjA+OAK7hlTddMPJ7FW7A="}},"aMNLvW23/Jn6SFGLRMJKPjEGQxlv3vUYgGuWovtTdNA=":{"valueMac":{"type":"Buffer","data":"fXTNNNmkiMzKIo7TDNyYE28rQLifmxPtPBnEuf3O/+g="}},"ae7yQw7TkEt2bR4IFwtE1sPVmb76kT6yk2VsZnzeY8U=":{"valueMac":{"type":"Buffer","data":"VpSAhGQzsHPJ71L4O7lN1Sy6TTtY4ufVDOUcQO3jh34="}},"cHBjbgMY85rhnVcsQRJMtg9PFvgF5U0okbysp4zZL9A=":{"valueMac":{"type":"Buffer","data":"oD+LWwWzRKA9hoj0OW5o322ZSJJbnr+/TPogOqzlb24="}},"cJDRUGjjPJW+eCpzSneZIDdYNp904BsGfC991Zor2nM=":{"valueMac":{"type":"Buffer","data":"Zmhhk5qFcGveJ2YH4D7jdPwv7Fp6JL2k6d9+s5VdhyM="}},"cSgHY1QreW1RgntXWRyyXFczoXNk8zqU0TrKyIkyRLI=":{"valueMac":{"type":"Buffer","data":"yk97K1PAnggXa9+9mU69rogGELBylek1KT+yYxOR/FE="}},"cy/xjYP2Dh2rmJho+7qYnnYpme6rNlnytdv3E2Cz1xw=":{"valueMac":{"type":"Buffer","data":"BYOTxQM1NX5sVWcXJhMrOdVsiA7VEommsv3Nt7eBN1U="}},"dUq7fvRTR0cmsg+AEOWSFjjeZq/nrng5O65neYFpvas=":{"valueMac":{"type":"Buffer","data":"TpkAQD5T5dUWzAT+9CT5aQxhp+yDE4KNDzYCrhCmKv8="}},"e7sraHyihfD/4s8/camRTuACCF+zz5hNmmfH9/vd9qk=":{"valueMac":{"type":"Buffer","data":"lRReMZ91Kr+9/kPbJiJP3FMrsBXQ1jkfYwJ461ZxFDc="}},"fWN0ejt26tS76LWMtr9xe5vO+Pi0/rs2nQxvgA5Vdbo=":{"valueMac":{"type":"Buffer","data":"xNtAPDGux67G+F1UgI2ztq0N7EWvnDIh2IFP4aMaG0A="}},"f/5RVi3XCqGMSlmJz0ef/WJ8FO4IXF7YabIJ5cZj9pQ=":{"valueMac":{"type":"Buffer","data":"twx+r6fAwQKI8D/XNDgLPtYHqCa6BiYDv4S9HvOysGw="}},"hnCoE82us8iHIfa78BB6px1Al884prtSmdrgGH5xX9c=":{"valueMac":{"type":"Buffer","data":"17xV42FD5vw+TBulce5ZN2t8O4rJ0UXdobQW5mQOH3Q="}},"hpurvCcOx8kL8i1ks5U/s6bNgrbjPLD9yVQQkzTJs2c=":{"valueMac":{"type":"Buffer","data":"7vnE7NhQC+wou9oqyLetyXPjWP3NvSuhi529fDmaIEM="}},"i8Bq7StdYgCwje5aXuLsE5tDCyajyDIhiSKzOZCOQFs=":{"valueMac":{"type":"Buffer","data":"KpD6kuFep6TshzuDggdHi9VGoJ/k3SFBnkfHrg1ttBs="}},"jWyr5dKPRDRd6X1xsTMdRXxusZsoyyDIhcovANIAPW8=":{"valueMac":{"type":"Buffer","data":"RPHaIwpCbDDZiaPpkScnYATk+l/94UKlMmwYK5Q5aPc="}},"jf8jY+XO7sX7MZ6r1U/xIGs345+DzWdwOYtkOQukRs8=":{"valueMac":{"type":"Buffer","data":"uZtFIYoEBiRRmhhn7lr7T/O2rEbRNwn7ekO8NkrPj8o="}},"kfcWNzWlYjvY2hlxGm5c9GfJ2dgnhKIQx2jJiaZ66Ug=":{"valueMac":{"type":"Buffer","data":"f1CwQW+s7EfROpWNFcQiH85UcVeXvJTSeah+N/LviYo="}},"koAKcKokT/nCnYulUvC5bpsy9B0otJtPVzzINUWsjJc=":{"valueMac":{"type":"Buffer","data":"9gOz4cWgouKBIDCkTap6Z/gRXR/pnrPpuNWVy9txaIY="}},"k1LWr7/FWrqwDv5IPIz2etubCE8FJ6b+ACIdwv5w8lI=":{"valueMac":{"type":"Buffer","data":"cHp88bujSwdhVglAu1NEHhHCl9ZVG4oKm/P4xck2Qmk="}},"lbjdo3XgsTMgxOIakiGxB+nwIzUQg7qXAYH8MMsdpn8=":{"valueMac":{"type":"Buffer","data":"4cosQ+Nc/z3e/EjVgHS1znv5VUZyktiesKk6RgqcYmY="}},"lfahJSaJaMIV4j36sXb+XdnSNmuR8zZWqGFtwMpwoXQ=":{"valueMac":{"type":"Buffer","data":"ufpnhVAhhA7DP0/lhF6gCKR/93kSmsX4AHJNubv8nbU="}},"mJ90Z4o0NPU9BjIb9qVGfNDJ9cWEsimAL0QSHrAE7BM=":{"valueMac":{"type":"Buffer","data":"bUFaOXj+UQAefFRthnku3aslv50jesLs/s2SGg+npn4="}},"mRKK4pS4CHDRieTHzYiSC9NBuS9SdzJWo7x/jED5Gfw=":{"valueMac":{"type":"Buffer","data":"QM6BXmQQzzLuWDs1iArTrOHbbd9lTYMcemcIFWQYNSQ="}},"miP5I9YN3bhfer81FMAXMcqbCBByL/WMSOPk9vVlPCA=":{"valueMac":{"type":"Buffer","data":"rJh5cDR4NaFsLu3Zc39ZoMJ/2tLRENf1Zube4YJCjnI="}},"nroud/dGj6qt/PLaxwwNIoaPQ/UBwbQTGDaxVjJeGLs=":{"valueMac":{"type":"Buffer","data":"2Sy4BPkDH+2pGaKClPMZxTAzcny8I5CTtkWa/vdRDCo="}},"ns3PIN8Qck34eH37c/y/1rNiUAfHsfum2IQyhOv5CX4=":{"valueMac":{"type":"Buffer","data":"NLtNHOBs0eVhON6zKgFMUimOSabi52WYEAhkVCfzcpo="}},"n57+O0nl5RaR/BGkomBQE2m2XWZBY1ePxAqzAFwBT44=":{"valueMac":{"type":"Buffer","data":"LsAuOXORTMQreXkogWlGwRhqVlrhGCJbYteQEla4ioY="}},"po+YcVQ2f53jBZv2mmXiNC9Hricv+UFogy9bat2H0HM=":{"valueMac":{"type":"Buffer","data":"5nYl/DC07TvgGfEptmjHJE57W5H0RXxm5lfa6EeTnrg="}},"qldS1UvVeR7mkgfb1muqIFo6VeI3X1eIDb03G/L3Ygg=":{"valueMac":{"type":"Buffer","data":"Cv1UwQFppS/BfQ1njZk3l/z0UTRNcUQHyKKNjECxa8U="}},"rcodx63D6d3hKdWowi2pm06tAyePR2zwhOCVLAkRUjA=":{"valueMac":{"type":"Buffer","data":"vBZAv1qNPUy3schnbZm+9AKuD4e49GisvNibCd0uqEw="}},"rsywB+N//xg6emNClrEc/WChlRQCLJxGpafWNd6bEo4=":{"valueMac":{"type":"Buffer","data":"L6FKojsZdVe9bbOqHOYVFw9NpWlLaYwT9SAeh97Jzuw="}},"s0Yu21XTkwgC59rnB8L/rhG12Sixcim4BgCSGV0+6b8=":{"valueMac":{"type":"Buffer","data":"XDjH4eK5lOI0lcqPryYcZzEPAvzziQNJcsIRSl3Jfrc="}},"tNFxmdF4hFtbnFy3P0ewKAn/8dKmpgHUGT87XEZMIfM=":{"valueMac":{"type":"Buffer","data":"go7EHle/pYFZsd6YU/HwYm3rkfjnbGg4YJ6Zw3iW+kk="}},"tQnI4At1TG3IxrB4dTZz5zMwc/G5YvqiCTISDr5UolQ=":{"valueMac":{"type":"Buffer","data":"1zyjCmXjXVQioEULe2d4l06+JP2Y0N/aIkElao5wmYE="}},"ttLTEda3XTtcCQGg1XkpJu25p3cajBqTzK56S4PN1uY=":{"valueMac":{"type":"Buffer","data":"3nfZr9KqY1RYXtBebBFyICcJEk5MgQ9SXG1ZB6mpAfQ="}},"vnhES3PUlguRug+BY17oDYbG1bp8DGnw0v8o5SHimCs=":{"valueMac":{"type":"Buffer","data":"bIsowJ5yWjo7PjAVBmYmh6pD6xoon6joodgkU9ZmGCA="}},"vqiqozYtG0qnd3qP6R0x4Io+3kQBVJ08cLysWhlou44=":{"valueMac":{"type":"Buffer","data":"eX94ob+bozwqM6IcqfuIN3zSgtNIUtPzFQLx6c40qfE="}},"z/0yHoSyAE2rGqbjTmFBkyni/r55FEhW7OIn3MxrxUE=":{"valueMac":{"type":"Buffer","data":"Z+FT/Vly2/nBRe7EN0wukBy1RLeKp3sd0k5z9VVB65M="}},"0dEVoxqFiQ4UoXwSN/+RqvND8if2xqnvN9ZRCg5cLA8=":{"valueMac":{"type":"Buffer","data":"K9JxYGQz0W+FwHdg6eLW7ZbzTsi3fi8bW5KrtieLlz4="}},"0qHNCheSGyrvu9QmP7hdQ5X9BIhT4XI7RvW58+r4Pr8=":{"valueMac":{"type":"Buffer","data":"NgmgpVwvl7wCkqVqEqA5OxQdx8hbIPB6dEJtO1J4XJ4="}},"0vIKHPzicsWQKZW/ui3nFwUMj/Bh6x+H7Xs28RWAKGw=":{"valueMac":{"type":"Buffer","data":"HqAq6B1NhbD4Xd6IM4CFrystVEIO54yIxHTQmDEyt4k="}},"2stuyFESIKTnu7Z8mM/8sdB0HGfm3OpwoWbTvZZQbmk=":{"valueMac":{"type":"Buffer","data":"6KHvvliX29pAIXrt7w3wHG/U/lUoOmppsrR4FmzYHjw="}},"3K6/Rprvs0VY2NvN3oiBotb97yyxo3R10AVXBk0SyVc=":{"valueMac":{"type":"Buffer","data":"L56ut3adD7T7zfq++no+ITNN+NoMigDxdf7E/iOvoBY="}},"3VMtUvKrTKFpxIpWuGfrOZEWf4YrVOVbeBQ2r6qjRYg=":{"valueMac":{"type":"Buffer","data":"SXTjNltCDjaijdDXdQnppvwi4QwMeJJ92125DFCmqCI="}},"5LAbr8tyl3+8YMMK+zZ/kazGnbWqueRcv55n0Qu5/nE=":{"valueMac":{"type":"Buffer","data":"RnFRwSp5iOsdiscjueMz067O50IXjPSk3YMa6UqSGKU="}},"6bCH6QbZ/9MzlUxHaaJXImAs5OQGSme8enyANrvyyZU=":{"valueMac":{"type":"Buffer","data":"sYVmsiaEfXy+enssh1wxSQgHb749pG5Qkvtb2vKdqbI="}},"6bJ+0WTQogmIB/JpYGbIB+xaqJAr9zb/k2qb8qleWZE=":{"valueMac":{"type":"Buffer","data":"xdB8bIMCZyEKW+UjjpCSzBHJOOstpLDAEPBlKjILwNU="}},"7ZBB9LdIZNYkcgmT7pK4uFQQzh+fvBXOKJG5Cd75QFg=":{"valueMac":{"type":"Buffer","data":"cnsPVnQA9D2JjPHhkZGlyRATQ7AVa4/tOpdUZ5qWVfI="}},"7coLhQB5EyZqwC0g46FRnz9Cz/LJkzpgdZTTZaTEYHo=":{"valueMac":{"type":"Buffer","data":"tSCDCIHSsno7IF89DpKnCuwPlChsZ9rxi+SP6luBLvs="}},"71CqNl7kknHMoxtFm2TU/wG5+LSk0OZkaYDx0Rga4Sk=":{"valueMac":{"type":"Buffer","data":"NIdpSKNa07gVDI3WYGRHL9izqXLgcz6mxhViBMzU3XA="}},"73rDiwrxIutyKTxrQaLTfSGnMCgpFaNu7mhPDGyC60Y=":{"valueMac":{"type":"Buffer","data":"yENN/HANqUp5SqQthPoDjQmpyaypvtaYUc1aFhIPbxI="}},"8kPO1e0dbBDhVr9BGPZ1EdDEYDjtHUZjV4LDB0AuAZ8=":{"valueMac":{"type":"Buffer","data":"h3m/ikGup6jHC9Yt2ltbNyrUh6Mbg0BjoGl7mm0sdOo="}},"88uKg6eqbR2SD8jPWTI7oYuR86nDYxAjSXbfpnD8PmM=":{"valueMac":{"type":"Buffer","data":"yxi+C5PF0g3WHZV+7D+55uP54Gu1bEO9zREPWSd9snE="}},"9FYsA4alks/XlRcsQrPYXNnNHVmoeUEuW8Oehw6L0oU=":{"valueMac":{"type":"Buffer","data":"HlWNpj+GiGbB1Qp4wMB8QTkuov/KAQ8L6UvYzTFK+vE="}},"9F5JOdf5/Z3APblkmH7rOXXLcNL1ZXybATS3mpx3Wt8=":{"valueMac":{"type":"Buffer","data":"MjU0dsF2q3fI50Nv0Q9IGmr58qtCSNNcXL7KTaT74xY="}},"Q3vtd8bIkQMjN3CgSlIzKXWDTrO0fUskwKyS3buG/5M=":{"valueMac":{"type":"Buffer","data":"rt2PO6tCLVKHHyCqH2+3yCI6prxFvn37J2m66YgCSCc="}},"1l+Yo7sU5ro+xmI0kQM+pIKC8E531x/rHqlSaaB0r8Y=":{"valueMac":{"type":"Buffer","data":"T+iyq+3Quid69zJDn5IWs59jShzOLbyh/+lMJAb1ce8="}},"gWCkK1eJBLXNiZZ0x2xqG82XAXEsRWm/0Ojt+YpOh/8=":{"valueMac":{"type":"Buffer","data":"C1g7WNHmdPH1Ki13yHrOVLJeplju/9yiQ2Fm84F4m/w="}}}}