{"noiseKey":{"private":{"type":"Buffer","data":"0B14S9NWqGXUMvgsznz4cx8WywWA0IYEWPFG0tUrl2w="},"public":{"type":"Buffer","data":"lO8JqMc6wpwhM0nUUPDHWrSasgp/cyD80YrHx9QoR1k="}},"pairingEphemeralKeyPair":{"private":{"type":"Buffer","data":"QDLRtu7XqrA3MzJeV5wikTd3lKAUq500B7/00KF4KXY="},"public":{"type":"Buffer","data":"gdEZwd524CVQm6P39smCJX2SIJ7PeaC3wG3apjIoMSU="}},"signedIdentityKey":{"private":{"type":"Buffer","data":"MMXjY1RmBFi+iDmwHZUXrM7gE8hEl6yTwkTLR7f2rGE="},"public":{"type":"Buffer","data":"aSGuF7hkSrDJnmIT7COpU2AqGmHWM/e7kaZNOl9BEXw="}},"signedPreKey":{"keyPair":{"private":{"type":"Buffer","data":"4GCyysqQ7ybkJrXxwRoquAVrMSiJdSV4G9nD7hJxSUY="},"public":{"type":"Buffer","data":"ZMlZMGkOHlxgLjgJea0zGoGZ6VdA5BziI3c7geBotmo="}},"signature":{"type":"Buffer","data":"w1urayMIwv2Cdo1TDCG6G8UHi/iRB5CwrXs4I6bRoIOg3X98hlFgwEe+O1lsrYJygcHfXnp9DxcQ8NbwzEiMBA=="},"keyId":1},"registrationId":170,"advSecretKey":"nS6CXSo15sM3Wybp1M972acpO96h4KIvD599Nm2WRAE=","processedHistoryMessages":[{"key":{"remoteJid":"6281214955555@s.whatsapp.net","fromMe":true,"id":"3A14D24CC0B8D05F928C"},"messageTimestamp":1743923288},{"key":{"remoteJid":"6281214955555@s.whatsapp.net","fromMe":true,"id":"3A842B6F8F9C4FD61CF7"},"messageTimestamp":1743923292},{"key":{"remoteJid":"6281214955555@s.whatsapp.net","fromMe":true,"id":"3AD39CF5398D4DD2EDB9"},"messageTimestamp":1743925001}],"nextPreKeyId":181,"firstUnuploadedPreKeyId":181,"accountSyncCounter":1,"accountSettings":{"unarchiveChats":false},"registered":false,"account":{"details":"CNfKvIEJELzQyL8GGAsgACgA","accountSignatureKey":"colcVevNk/YvTJR2jIvT17v/o/dWtWO9RWlWN4Zr/gg=","accountSignature":"Xul3oZa8uUtWcLbhP75WiQKAkIOUpg2ax3W1FnAA+Q2ZemT/jQasnisPIzImoe7FDUWiqu/KGrU7ZtDFgrWBjg==","deviceSignature":"mI4sVzsrc1vVEsa/6bb2OAJa42Sk8dYnu44bbD4Kw1EoDat3Ag8eGCu4vtdGWJxZi8iiVcKUcCqDhww+LcqrDA=="},"me":{"id":"6281214955555:90@s.whatsapp.net","name":"JonesKepri","lid":"267963076763815:90@lid"},"signalIdentities":[{"identifier":{"name":"6281214955555:90@s.whatsapp.net","deviceId":0},"identifierKey":{"type":"Buffer","data":"BXKJXFXrzZP2L0yUdoyL09e7/6P3VrVjvUVpVjeGa/4I"}}],"platform":"smbi","routingInfo":{"type":"Buffer","data":"CAIIEg=="},"lastAccountSyncTimestamp":1743923436,"myAppStateKeyId":"AAAAABcm","lastPropHash":"3R9Z39"}