[{"senderKeyId":1613605398,"senderChainKey":{"iteration":278,"seed":"d8FlUwfKgvDzLoaUl4lNr6ZN9JCWuGWrwWELeDff7L8="},"senderSigningKey":{"public":"BR6tJe5JSUp2yLUO+O0GoIteMncsdezwQRDn6EI/qCRp"},"senderMessageKeys":[{},{},{},{}]},{"senderKeyId":1613605398,"senderChainKey":{"iteration":274,"seed":"JGJkB9hbub/s/0nxaQXJYa1u6+iu82rUoNQFBTWuFC4="},"senderSigningKey":{"public":"BR6tJe5JSUp2yLUO+O0GoIteMncsdezwQRDn6EI/qCRp"},"senderMessageKeys":[]},{"senderKeyId":1613605398,"senderChainKey":{"iteration":275,"seed":"rqEBZJDxVeSATVYuWL8y5gvJ00vVgQhrpzgnH+wLjGA="},"senderSigningKey":{"public":"BR6tJe5JSUp2yLUO+O0GoIteMncsdezwQRDn6EI/qCRp"},"senderMessageKeys":[]},{"senderKeyId":1613605398,"senderChainKey":{"iteration":276,"seed":"NzkS3MB+y7xJREjprSYI7Z4LzfCW9pzabujQuJxNC8U="},"senderSigningKey":{"public":"BR6tJe5JSUp2yLUO+O0GoIteMncsdezwQRDn6EI/qCRp"},"senderMessageKeys":[]},{"senderKeyId":1613605398,"senderChainKey":{"iteration":277,"seed":"q2ru3HslcjVsmUMu2g33ZLDl3vKkrUGajjVdhBb/zgU="},"senderSigningKey":{"public":"BR6tJe5JSUp2yLUO+O0GoIteMncsdezwQRDn6EI/qCRp"},"senderMessageKeys":[]}]