[{"senderKeyId":574809869,"senderChainKey":{"iteration":1,"seed":"pWMeCcxrPznDLNTqLRc/9eoBHGP0soOK/0f4TJapzbs="},"senderSigningKey":{"public":"BUPRim5PlA9cBUNIuz+NJudRe7s+u2QaRfJqjb1HndYX"},"senderMessageKeys":[]},{"senderKeyId":574809869,"senderChainKey":{"iteration":7,"seed":"Dx1V6C/iYQywqhVuwN6EhQf4hNyN5VGPoNgU+3Pwp7U="},"senderSigningKey":{"public":"BUPRim5PlA9cBUNIuz+NJudRe7s+u2QaRfJqjb1HndYX"},"senderMessageKeys":[]},{"senderKeyId":574809869,"senderChainKey":{"iteration":9,"seed":"fQtr8cqgkU2KawHLYqIDVGEkI4rjvF9zgQRGUR4843s="},"senderSigningKey":{"public":"BUPRim5PlA9cBUNIuz+NJudRe7s+u2QaRfJqjb1HndYX"},"senderMessageKeys":[]},{"senderKeyId":574809869,"senderChainKey":{"iteration":12,"seed":"8fIP5v17/kU8fbUJXh1Ak3nh1uk6rwT3vYo/fXcS9WM="},"senderSigningKey":{"public":"BUPRim5PlA9cBUNIuz+NJudRe7s+u2QaRfJqjb1HndYX"},"senderMessageKeys":[]},{"senderKeyId":815152168,"senderChainKey":{"iteration":5,"seed":"UInxZsVWM0D//NVBDJmc1igdUXVJjE3eCG04wnSih1c="},"senderSigningKey":{"public":"BZWT1MZJKVyQsn17M+o1/H8zo5knz1oNGTkfE2xYbIUk"},"senderMessageKeys":[]}]