[{"senderKeyId":2103705358,"senderChainKey":{"iteration":1,"seed":"p389zw33HPlMcjJBjnjOn3teKfU0HWnlhxaZcoIsYNk="},"senderSigningKey":{"public":"BWMO+VHV5dkFits5C45LfcSIFKZ85OjIqOZjM+oMFYcC"},"senderMessageKeys":[]},{"senderKeyId":1418115409,"senderChainKey":{"iteration":1,"seed":"hnF4v63IXK9qQliK2B5kU89ToIOgBKCOxMMKuxIvvG8="},"senderSigningKey":{"public":"Bff6Cp63770lC5YOl9G1+mcfK5PgITYBcWjIPoEI9SJ+"},"senderMessageKeys":[]},{"senderKeyId":10869141,"senderChainKey":{"iteration":3,"seed":"w6Lh0ovlKrHHNLNIVZ6EXqWgZXracSF+vTcLG80wu4w="},"senderSigningKey":{"public":"BYRovvbqTSMnz5KzSDrtTBgQD8P+kj6Jnc+x8yJ2bNFr"},"senderMessageKeys":[]}]