[{"senderKeyId":1850478121,"senderChainKey":{"iteration":508,"seed":"yJPG7KjSvhK42pEGJtRXLwtc85QRVLNaDMaTG0Fgizc="},"senderSigningKey":{"public":"BWqYzOsX/1pKyrVMtVUvRARDtTqG7MEMg7fQDn5rtEY5"},"senderMessageKeys":[{},{},{},{}]},{"senderKeyId":1850478121,"senderChainKey":{"iteration":504,"seed":"l/IJxIPk1Ga9U534PjnH8DNJnphp2AEeupavuDpIJNk="},"senderSigningKey":{"public":"BWqYzOsX/1pKyrVMtVUvRARDtTqG7MEMg7fQDn5rtEY5"},"senderMessageKeys":[]},{"senderKeyId":1850478121,"senderChainKey":{"iteration":505,"seed":"BUKlAoysn774/GdhSxcWKsjuswK/4WtQcZ2cg2/84jY="},"senderSigningKey":{"public":"BWqYzOsX/1pKyrVMtVUvRARDtTqG7MEMg7fQDn5rtEY5"},"senderMessageKeys":[]},{"senderKeyId":1850478121,"senderChainKey":{"iteration":506,"seed":"KDJFCMQk1eNt76Lsgf6aALUx1Y4Ye/4CuP+pkzAnrQE="},"senderSigningKey":{"public":"BWqYzOsX/1pKyrVMtVUvRARDtTqG7MEMg7fQDn5rtEY5"},"senderMessageKeys":[]},{"senderKeyId":1850478121,"senderChainKey":{"iteration":507,"seed":"h5wIqKw9AsvDahdqtuv3qc+hN5MMCUxe6vX99GC3Wr4="},"senderSigningKey":{"public":"BWqYzOsX/1pKyrVMtVUvRARDtTqG7MEMg7fQDn5rtEY5"}}]