[{"senderKeyId":569758801,"senderChainKey":{"iteration":1,"seed":"sRU5LDH8xJXdq3Lg84qHH7VKmZJZrPjpx1kWNGwQ9e0="},"senderSigningKey":{"public":"BfAGTsKn+jozICrwAHHCDYR0RBd3yKFIYDvry/a9PARt"},"senderMessageKeys":[]},{"senderKeyId":1028933496,"senderChainKey":{"iteration":1,"seed":"T81xz1JgDwaOIgxq12ayNETXzqJoDsx2Qmgud53njX0="},"senderSigningKey":{"public":"BXkKsT/g0jJpAH2k6aFR2n06CO/C+ru9OZ2MwTeo0T1C"},"senderMessageKeys":[]},{"senderKeyId":1022581710,"senderChainKey":{"iteration":1,"seed":"1tvOxi+J0CfPIliLzgXDaOz+Nl6V+x+tH71qEGmUevM="},"senderSigningKey":{"public":"BWVqoP2IeNcxZzN5CnZTy7EllilO1skW5a0cVGi2CCpp"},"senderMessageKeys":[]},{"senderKeyId":849336375,"senderChainKey":{"iteration":1,"seed":"Hc/BPYyk6nPlvDFvc7/yy5qaNW6srrjep2XwGeQJmkI="},"senderSigningKey":{"public":"BdBu3fcR0w5w2sTVbPEWUQOB1LimU6Ttk6NWuH6wzXkt"},"senderMessageKeys":[]}]