[{"senderKeyId":791980391,"senderChainKey":{"iteration":3,"seed":"ZdQOAp1Kw+0rdKQKW1DM9Yt414y0HR58V1QJqJcrLCQ="},"senderSigningKey":{"public":"BQXY4mnzQgt5O+2aTD9L4GNPAaPRh2eV5y4UHcXoRxc8"},"senderMessageKeys":[]},{"senderKeyId":1336897697,"senderChainKey":{"iteration":1,"seed":"Vi7qg1PZMiTbHmrebmdw6IbOXBaJkEXOPTXCNzPmYX8="},"senderSigningKey":{"public":"BcjQ2aBAwilPj3qbJgoBS/PJovD9bf2pfAku/olJhydc"},"senderMessageKeys":[]},{"senderKeyId":2107052772,"senderChainKey":{"iteration":1,"seed":"WlhbMmUZwODFiKTBln3oGWaP8s5tWmo8wT8sdD17/xQ="},"senderSigningKey":{"public":"BXcog4LPbYttcduJyNDM4g0N/VNA9XK0zALIYgzXc1M8"},"senderMessageKeys":[]}]