[{"senderKeyId":943292862,"senderChainKey":{"iteration":285,"seed":"QHifICKcohQQdqzU8qmViZI2jldGkz9uuVZnrzHOvOw="},"senderSigningKey":{"public":"BecVNbXVJZAGJAxv6u0ZB/tRcGfSACplOv+gyWTPfKNp"},"senderMessageKeys":[{},{},{},{}]},{"senderKeyId":943292862,"senderChainKey":{"iteration":281,"seed":"3D2rVYYALbzDpFlLKEseT0exiX+AxoMaYq28f+SXGFM="},"senderSigningKey":{"public":"BecVNbXVJZAGJAxv6u0ZB/tRcGfSACplOv+gyWTPfKNp"},"senderMessageKeys":[]},{"senderKeyId":943292862,"senderChainKey":{"iteration":282,"seed":"RRHdh5JntVVt81xGTsQWOkANWYV57NUnza4PEbdreaA="},"senderSigningKey":{"public":"BecVNbXVJZAGJAxv6u0ZB/tRcGfSACplOv+gyWTPfKNp"},"senderMessageKeys":[]},{"senderKeyId":943292862,"senderChainKey":{"iteration":283,"seed":"zkF4/N3k6eqIaxD4VDFIoE8WdSIjVlr6OgvM+ULXLbA="},"senderSigningKey":{"public":"BecVNbXVJZAGJAxv6u0ZB/tRcGfSACplOv+gyWTPfKNp"},"senderMessageKeys":[]},{"senderKeyId":943292862,"senderChainKey":{"iteration":284,"seed":"KnVbWMDeorwerez7Fi5iR5ZnaOXYh3rEIHrcpsXPecU="},"senderSigningKey":{"public":"BecVNbXVJZAGJAxv6u0ZB/tRcGfSACplOv+gyWTPfKNp"},"senderMessageKeys":[]}]