[{"senderKeyId":3016520941,"senderChainKey":{"iteration":675,"seed":"RrYp/3rIxTXLXzz16kq3sv9LQ1EY6XsbYC7snwgv9Sw="},"senderSigningKey":{"public":"BRiovEyAHFuezk8/qAOEG2YoqYmkfT0j8rddrraPnYFY"},"senderMessageKeys":[{},{},{},{}]},{"senderKeyId":3016520941,"senderChainKey":{"iteration":671,"seed":"0BN44zn0A1JOz5DjilYOtjrqgIBLW5Akm/KglL9J4Js="},"senderSigningKey":{"public":"BRiovEyAHFuezk8/qAOEG2YoqYmkfT0j8rddrraPnYFY"},"senderMessageKeys":[]},{"senderKeyId":3016520941,"senderChainKey":{"iteration":672,"seed":"N8DBhsxbOGr+lQhYfF/9+gzpMZ9ktZmMnUp1uytllYA="},"senderSigningKey":{"public":"BRiovEyAHFuezk8/qAOEG2YoqYmkfT0j8rddrraPnYFY"},"senderMessageKeys":[]},{"senderKeyId":3016520941,"senderChainKey":{"iteration":673,"seed":"vEKhI7akhZ7PiFpMEhWBYt3ghCjwUGuL8fkyDOqXVsA="},"senderSigningKey":{"public":"BRiovEyAHFuezk8/qAOEG2YoqYmkfT0j8rddrraPnYFY"},"senderMessageKeys":[]},{"senderKeyId":3016520941,"senderChainKey":{"iteration":674,"seed":"RZr7ZGlP/wQ7BF9WBPu4Ox+v4Da1gcu4fNvx+8/uOhM="},"senderSigningKey":{"public":"BRiovEyAHFuezk8/qAOEG2YoqYmkfT0j8rddrraPnYFY"},"senderMessageKeys":[]}]