[{"senderKeyId":1046903806,"senderChainKey":{"iteration":18,"seed":"XPlOvjGZJTi+sLQr2lrMDnmkRFA8xeueTTVxmyMHCcU="},"senderSigningKey":{"public":"BaG7mvxDfaKNw7b9DGyxEOpBLkdBymPLDG0bCmGAQDRh"},"senderMessageKeys":[]},{"senderKeyId":2057721454,"senderChainKey":{"iteration":6,"seed":"XzXphBE0cN9JQOZifoiebMYEgYCpVf4j6DPyBI8e8tE="},"senderSigningKey":{"public":"BUA+hLDNboC3hW93PWcJ9M5H6w2HfPVv6YlTrIEzNdk+"},"senderMessageKeys":[]},{"senderKeyId":547452207,"senderChainKey":{"iteration":1,"seed":"YmdFA29ScegLqG0eqV87VmYwjQsLYrj+RAgMyXN8/RQ="},"senderSigningKey":{"public":"BaTPWcF46Tlm1pWR9T3AO4AKIvdCUwCW7Z6C/Z3rxBls"},"senderMessageKeys":[]},{"senderKeyId":4874593,"senderChainKey":{"iteration":8,"seed":"GxAOEqzH8OIqBZEcDqxv6HEwAG7pMuOFcrKdo23ocE0="},"senderSigningKey":{"public":"BZRLAjUcK7VQ6a8E6PKgBA5tzooL7mY7/S81TCylv6hD"},"senderMessageKeys":[]},{"senderKeyId":327378940,"senderChainKey":{"iteration":9,"seed":"aJjSZJc9lKFmwJVQJA+c1Iu4WOUuVNwcav+9JcqyOvw="},"senderSigningKey":{"public":"BZ7hs48tao7CyyFKtZn83mvPMWa5mAEmlPUWG8lydRQ8"},"senderMessageKeys":[]}]