[
  {
    "id": "1",
    "keywords": [
      "Selamat Hari Raya",
      "Selamat Hari Raya Idul Fitri",
      "Selamat Hari Raya Aidil Fitri",
      "Selamat Idul Fitri",
      "Selamat Aidil Fitri",
      "Selamat Merayakan Idul Fitri",
      "Selamat Merayakan Aidil Fitri",
      "Hari Raya Idul Fitri",
      "Hari Raya Aidil Fitri",
      "1 Syawal 1446 H",
      "1 Syawal 1446H",
      "Maaf Lahir dan Batin",
      "Maaf Lahir & Batin",
      "Maaf Lahir dan Bathin",
      "Maaf Lahir & Bathin",
      "Idulfitri 1446 H",
      "Idul Fitri 1446 H",
      "Idulfitri 1446H",
      "Idul Fitri 1446H",
      "Aidil Fitri 1446 H",
      "Aidil Fitri 1446H",
      "Minal aidin wal faizin",
      "Minal aidin wal faidzin",
      "Selamat Menyambut Lebaran"
    ]
  },
  {
    "id": "2",
    "keywords": [
      "Teknologi",
      "Inovasi"
    ]
  },
  {
    "id": "3",
    "keywords": [
      "Tekno"
    ]
  }
]