{"version":32,"hash":{"type":"Buffer","data":"YTaTjnfXFdKFfl0jhV40hlvw+wo27DNZqTPbu54P9JdtN3rJo6XBpiomO68j8K4BVsWti0KZp9s6bP9jg0YbtMbb8FFOQFtF4eFU2OdFm241nDZqBT6D3NH/q3k6lzS2gG5M2eelOmnYYL5X0SEZItTaT62p6KDz8zH+dN979D0="},"indexValueMap":{"Bx0ANUwyLxujTKScBscPx7+MZ+tFofPgTWiqkcNYgQQ=":{"valueMac":{"type":"Buffer","data":"FF3jse20PdZ4HUG6DU6kxTqd8HgniIZKiSvuOrFwESg="}},"B8Kh2KCaEKhHp1UxquZ4NONVQHazYfQGzwlK4/wgl4I=":{"valueMac":{"type":"Buffer","data":"7k0u9B+tMUb52dy5/qIYfgpffQ1ZNa0Jm3R4qVGbtjA="}},"FLAhLSqcev5IXKeM1bPLiruaNOYwk2Rjgk1IakbGV68=":{"valueMac":{"type":"Buffer","data":"+mOf74+yagnijwyDIEkqF2yyLeg0j+z+bAhRV+I4+WQ="}},"K9c3zGB1qbnIDavhmHmtxQtUUrVVfgVZQ8yR4v0R+FU=":{"valueMac":{"type":"Buffer","data":"xHeuBLt2liptbCveeIravfGCeKhVjaNr4mqPnA1+IBE="}},"P4ljMqxTkoPV+TU6jGG6/xBX957BYZDmsVIA5pl22HA=":{"valueMac":{"type":"Buffer","data":"DjCl1pXMjTY96YITQJMVasq1tSRx04m5VMbJyc+MRqQ="}},"P5TpQR+bHMea8w0n5RQmiR5GXvszKpYsezKYUt5GaKc=":{"valueMac":{"type":"Buffer","data":"lBJWPPLitA7XcKnUopqv1lqwOwXxANDSyDV0e9roE94="}},"RqkXf7YA/aTmeRhkw0z2XOo1rycOjCJ2KTKqVaCoSKM=":{"valueMac":{"type":"Buffer","data":"f2OIA9EVeOmw7bZwbv2LEclFpkR8LeKXqDkJcIEFkSE="}},"d/lPhUg64OWRKFJ9SyLme2PsH0gb34hiUCIYt80+Er4=":{"valueMac":{"type":"Buffer","data":"0FpJo/XlWVwpSN4Drh3is2+O5AxXx3TDjsG5P8bW7Qo="}},"emNQ+ui5v46tcmqtyEQJsBvUg9Laf+d4iWZuYjZ1FEU=":{"valueMac":{"type":"Buffer","data":"3dBaMs7pMW2BqQ7CsRNNSxOidYOv6qRQPbJg/lJwlIU="}},"pc2YsiNg/JiNi/x9+aHPs3ImPB4ewWTIiHVbqxaOKwg=":{"valueMac":{"type":"Buffer","data":"FIE8+hnomXFnOz0NPLQICfCHTA7eh/PaLxnzULIfqQ0="}},"ppeXhRncGnhF/c4z1MEx4ZEKQKKOKFsnxEXTvE2aU4k=":{"valueMac":{"type":"Buffer","data":"0a1eHtQKYFK02WE4+yDZ1V2uJBeZn3bKuyQmSTjXydE="}},"thk8oW7Z8j32xhdf/hzvs3gsJwjHbHD0/GK/D8hmx3w=":{"valueMac":{"type":"Buffer","data":"/xkK1H1J5nGZbTOicCazr/UcHlN5axS8WW7OhVxOHxw="}},"vWCp5Q0pYtjYb7uiF4tPbBT4MHg67uR4PFG8dMt0J1g=":{"valueMac":{"type":"Buffer","data":"Lh1GNqbRFAeoCf3SN2WiqBpq21sVq1mONHtWatOKZW8="}},"ymM7DHp85IKOe13Q6ZsZpo4blIQeYt0CIceRoNUqsxM=":{"valueMac":{"type":"Buffer","data":"Cx4aSJiEchN1ku0uAa0Q0HWFg8oRoscQsBkYtQUF1Yw="}},"0Is8JiD+lxfvgK8N5JM3c2MIOxSehAF6gmjaBCcnPmY=":{"valueMac":{"type":"Buffer","data":"a1oG5u5Dozz2csr7UE4TwHLB0gklVltt397gE4EhklI="}},"3Naro0EFyWKA5EWZJ6YQyQGIlyn7Gxl02Ip/VaG2e4Q=":{"valueMac":{"type":"Buffer","data":"4EGzRfWUkn1fj/AuJf81ZSz1wSZwuIbZQKCq0ni/t9E="}},"7Ji9zV44ZBslKLbNgwxhji3Q272xkbuKN+KN3Yyg6Yk=":{"valueMac":{"type":"Buffer","data":"o4scCoZrJ772D7NBjO0WszKVSEQi96iVVk+bk7iPFTU="}},"8PBr2Fc5Raz2zmfUPxuVmgZl55ND8jCLPTc/HnmVXow=":{"valueMac":{"type":"Buffer","data":"aJoU1nr21YjhlWAVnqXqG7Oenk3D09590FaLrxgVQyE="}},"+T3KcBqMUCgaQ0mXENXFEJPfsILpiAArUjuPXbiH5Jk=":{"valueMac":{"type":"Buffer","data":"UUBJveOSGX1UhgdYl9pt2P7un/rA4vr4FTQ7NHT8kJo="}},"CFA2Q+zoEvl5+iP91iHWK+je496I3zJ+dxCkw+hb/yo=":{"valueMac":{"type":"Buffer","data":"RCSzuE/b62WaVV8KfxfSPocduhfsM+saaWQqHcYiSZ8="}},"2HcN38wSSfg/VSF5Hi9ocKU7jPK/Xl/axXbetJeJ1ho=":{"valueMac":{"type":"Buffer","data":"qxFQlXg73s638a5Mb1cqOD6AAR0oc+SxhBvR188kwyE="}},"hv5/G9DpZa/PKcvO0jD3UEpe0oRyut9yO1mzz9khnUE=":{"valueMac":{"type":"Buffer","data":"INSgttRKGOTMLBc7VR4Uys7GO1Wf2pU5/zyd0G6bOHY="}},"CiMK/ZuXQ8u4aX6rcAyYl0Zd1N13kaMdcNJDO1wLSoQ=":{"valueMac":{"type":"Buffer","data":"Qht4wErlLCeYmb5NXVkBbAEE+w2ra7QfaNUh/BO4yic="}},"sme08K0zmlpyCOTUfTn65dXOiWkPZ+suVBVytZD9yw8=":{"valueMac":{"type":"Buffer","data":"EmuwvONK1kGhMeHcHJa+msCWj8C2RWw//xByPJwaH38="}},"dpw3jWhxNokjNjHN5NeorRiru2ZxYcCPqAHniIsfGMY=":{"valueMac":{"type":"Buffer","data":"Qvdv2dMv8AjDoO3Rfxc3EzQaVCswhGVhm1PVNNMbigs="}}}}