{"version":15,"hash":{"type":"Buffer","data":"LMsZXqR/CURP7FRFM2z39NXlEo9sSRMZrsII2mfjQXBB17+dTaFSoQPNpvMedS70tQ108IAifnNJBnkEsU0qMRGaX6h8YYZooWNuyt9oaNO62If7fyRpzlnbl7oCflZ1pTfT/+bnNvTy+t1rw4Zcd7WG+0rCwfI8dv+9IENws9w="},"indexValueMap":{"zPy/UB0yEq9qhxzQYxLLUr4XuaKPump18JZb5yK01I8=":{"valueMac":{"type":"Buffer","data":"B+i+fq5rHbcBbszfEc/EkdLGJU4c/Xj3O8g3ZS3B4AI="}},"L8p/FTiqS5Rgon79/F/gbFT876UT1omLFUE0fKy2PvQ=":{"valueMac":{"type":"Buffer","data":"3YabfBc0GyWw0Bt5wtqWadW+lfP6FNgVOfzAfSJQXBM="}},"2qfO+ia1mpi7UZQcG/Mkb+/5AokCUNtkBZVvsnIwOhY=":{"valueMac":{"type":"Buffer","data":"1IdMtGkPGxO5rsBvL44i4TxYDYppuYPSTV0iic8yDfg="}},"Jmhz0kfg/kWFJi0WgEIsqlglk4uZHAD5UCpFlZWd7W8=":{"valueMac":{"type":"Buffer","data":"0W3LzhmhnWUGrUcZiSnhkv/8KERJhf3F/YOQbipqwH0="}},"oXy7EcDzSjrd6c0LdbrpjbnhJBr6QHYI6YlpL9XvyMc=":{"valueMac":{"type":"Buffer","data":"mFKUMJ/dfg91kIBulz6C2pryW8Jn6IJ6URjjI25sAY0="}},"+WjhbWl4+8YklROJKUYcR1kgnWiM+we4IOqJj+tho+I=":{"valueMac":{"type":"Buffer","data":"pDGEG3EWwPwcVE2IJsYUhOfaBVbt13z96aDM0n/Quog="}},"9QiUDgkZUg2KYYbM9cZDo7+F1PRiI3/n5sDl0vmL4cE=":{"valueMac":{"type":"Buffer","data":"hUwTviLx81r8rX9CK83TR0KuXqsUe3yfPnz5J8r07xA="}}}}