{"version":27,"hash":{"type":"Buffer","data":"W6xGns0eh3FpUzORLuC2Wd+68SjF+dzXmA+l7qZSvPkyWkh/UwuEgpT61DX8iOO4Sfzuh56c3FbN52g4yjOTUMVVnhBzL2ynnar3EYnKzFL1RU1dbk3mbxHEXom08TfGTwblVxYsmSP1g32qDC0ChKdYB0FWlzytKUzZ0gDuMUQ="},"indexValueMap":{"C+eQsNMiCXYUK6Ssd/YKhS0dWdzUdboP6ouCOKiPWnY=":{"valueMac":{"type":"Buffer","data":"y+OjlvgMROjz1njz8kzuKXv9SpKnc7drPPwDD7U5IFk="}},"VByBksG+GbUBocZHVuBKzcFK7bOOPs9Dwui5hcgrpV4=":{"valueMac":{"type":"Buffer","data":"zYZG44dPq4JmktahOmI9M21o7kgKzaLtCm3NOyu2n7o="}},"lUpCHXtgcfRwA6Y5dmL0He+RvQ9RJFpRNFK9liDCVSE=":{"valueMac":{"type":"Buffer","data":"zWEJZ6GqQWM8zbPIJ/o0Er449bGdfuwQBpUE85jaN3o="}},"oaMJ7ftETGX8ULHYD+tF1UcrRXlh6rY6i5q+Ejc/HSE=":{"valueMac":{"type":"Buffer","data":"6wCADJI708r/fYHW2ojadW51E6AER/y2uMkCNojQX6k="}},"22SZUyTAnjC7S9OR2wk62uT/WGkEXQlFtoWr47+7eok=":{"valueMac":{"type":"Buffer","data":"oizPR4+b385q2Zoum1ji3MdywkPyvLrUwEl6gHuJAyE="}},"3/lp3zW9au87JWJiGH+Kjaaev7keNzbl7qzdvn43tLg=":{"valueMac":{"type":"Buffer","data":"jSfMHBeh/j3brbhKQhvaRSLEyfbnysz3jQ6gKeh4zvA="}},"+ILpUD3nwDNc08+FzBwoqo+dn/BkfZ1+6tphZBm2K4c=":{"valueMac":{"type":"Buffer","data":"MXncYDVKXht9AfzUBJdaka70/DVupyFpo9I3CvDIcHc="}}}}