{"version":12,"hash":{"type":"Buffer","data":"58480AuLdXcYwPBdusCWRyxvqulnbGzbqwEjZ8zggysEm1ztwLS5N/sWDIV/2NA91DQFCR60k/EPO6c4JeJlpWXAiSgICLS9SA0Lr+Hz4IdtYzZtFJOABTe7uKhWF+uMXdmOziEdYSwq9lVxwU2g1tQ09/73s2jVrMg9IgETSow="},"indexValueMap":{"KzcjhB0bzcznBmT3sLOdD+TQITvZWt2Ez3qNjMQ18S8=":{"valueMac":{"type":"Buffer","data":"FF+KDEI6J2GXNnKS9k2q9sklqMQHEZaiaMxY3/+neVo="}},"gB5sJeY4K5kqjtn3fflQni5JlwQwvKGqSekD/+FFGAA=":{"valueMac":{"type":"Buffer","data":"Ci/WOP/B7Bg+TEY4YiZCtRUiMBIKIT1nZnb2KwKbb4I="}},"yHj+vw63swmNLdY/qCvmnPAbwaLm0COiUHWxuJILKqM=":{"valueMac":{"type":"Buffer","data":"WyVA58/2Ak3I/AohppjDgY459o2a+bkrBo/r6gHT3ew="}},"YaornB4SuzH7UQkiGcKt3HbFLIn2pCvrM14gpgDwScw=":{"valueMac":{"type":"Buffer","data":"X1kIz+j/hEV4zau+82pXl7Wp8EehMFRZSp8j+o449K0="}},"N9hzAol4PHSCCrAGN3Zu0g8Sa1ofAhrHnq+4Uxn0n6M=":{"valueMac":{"type":"Buffer","data":"+U6A+VZNhKo41fJQiQWNdGhXBOyHfJrIKHMUGBdCy/c="}},"5Jvfsxko1kkf+V+kw6cEnmp+nD1aVYtkL9AVHEQj5G8=":{"valueMac":{"type":"Buffer","data":"ejKFnpgXGXnWJx69u7kZl8cVg4vUi777bRb6B0HqRTE="}},"jcsOP5i40odvRLeqiwxAME4S6l9vm/KI2DPsY535628=":{"valueMac":{"type":"Buffer","data":"pL53ITMBzsqdH0Y8+VXv2Ezb4az/9QSzI6VrlVOBr3A="}},"UGbcG8esga024n+Pu+c3cMPmnIqKhK8ot7Zv/j7Afyk=":{"valueMac":{"type":"Buffer","data":"nv204r6j6fjYea04LI4yBTS+BVfufYbmWnvLLspv6uc="}},"VDbO48QOBCDZs/v2/BjTzY+9krULhklrthFTmCDZm1Q=":{"valueMac":{"type":"Buffer","data":"CoKZAwqEr0KNkeQutq5IpcFNeCzyLK+Xc2b64+0vCm8="}},"klRrDrzWgQzsSvBpHAcSd23n1jWokA+gjCXhVjPzrU0=":{"valueMac":{"type":"Buffer","data":"9BIBvBSBrYofAWbOOhpgFD8p0yxj/G80pIkSJC9JtQg="}}}}