{"noiseKey":{"private":{"type":"Buffer","data":"IAXtBwj7/x9hWYR9Cy8JL+XQP+jwncSa11Rqhcn//Hk="},"public":{"type":"Buffer","data":"bYYoUWvs+6prRxZ0581jHMAPPbo87OuyToYeVwVkRF4="}},"pairingEphemeralKeyPair":{"private":{"type":"Buffer","data":"UCTWKGWsheNGRadHmErjtQFNglJQUHtsXOz7WGKF0l8="},"public":{"type":"Buffer","data":"TwW8U7Cw2C2xIKyymxuWyymweAKOUjZmnrXsAO683E8="}},"signedIdentityKey":{"private":{"type":"Buffer","data":"aJCFEqazeTdLNOM0uZJFMuClZeaUbo/QKgjOrmaop1Y="},"public":{"type":"Buffer","data":"tC+zDCTlsleak7vg8v31asBZ4gwAi39dFwH7RF1+9Ts="}},"signedPreKey":{"keyPair":{"private":{"type":"Buffer","data":"SFPghxjE4ZyBswohFS1dhIKMShmq713MNCnwHnicQGU="},"public":{"type":"Buffer","data":"suQabQtfxhaykAPLO7TrXLjSCHrZBr7W7z8f/YFColY="}},"signature":{"type":"Buffer","data":"ZWJ2zaOWZLEX8hSVNLJOcxVAh/WdQlYGnhaAAG7E8WIN+PwubsWMpwADEFeiOnuQhH0Vp8tRSamYdvhXFi4CCg=="},"keyId":1},"registrationId":77,"advSecretKey":"WPyrHl7klH29c2wOXQi7z9E4zZmwSH+6eYc+t/GCOl0=","processedHistoryMessages":[{"key":{"remoteJid":"6281215465555@s.whatsapp.net","fromMe":true,"id":"4F5BEB14E179C22B3E9C99377C016331"},"messageTimestamp":1742173484},{"key":{"remoteJid":"6281215465555@s.whatsapp.net","fromMe":true,"id":"0B27F3C4925547F89027F6DB1EC5FB20"},"messageTimestamp":1742173485},{"key":{"remoteJid":"6281215465555@s.whatsapp.net","fromMe":true,"id":"DCDD3CE9E97AFF27AE514384DA7F901D"},"messageTimestamp":1742173498},{"key":{"remoteJid":"6281215465555@s.whatsapp.net","fromMe":true,"id":"0B2B1ED36AA0748A7E1ABFE49E918DAC"},"messageTimestamp":1742173498},{"key":{"remoteJid":"6281215465555@s.whatsapp.net","fromMe":true,"id":"E9246A5B42D3E0771EF3689A2BBFA596"},"messageTimestamp":1742173500}],"nextPreKeyId":183,"firstUnuploadedPreKeyId":183,"accountSyncCounter":1,"accountSettings":{"unarchiveChats":false},"registered":false,"account":{"details":"CLPu764EEKbq3b4GGAEgACgA","accountSignatureKey":"SQ1xaKt1f8xXnY/Mv5Ji6hSUw581nax6LxY4w4bLs2c=","accountSignature":"IYn/s4EUCJw5bk1txgWp7pvtW2QwJvSNUEd5edRp72f00OrSD/fVvDVlblBgWICiQeWQ/gYqo7yhsyrgENmqCg==","deviceSignature":"LLp0vBUnnyFJvAkgGA+Qb2U4z6SNLBR95p4F4nTfxbnL7WekuEFfBEjjEC3AQm+Hm1m5TerccMaZHEXGgH/mCA=="},"me":{"id":"6281215465555:24@s.whatsapp.net","name":"Admin AMS 2025","lid":"1228729790613:24@lid"},"signalIdentities":[{"identifier":{"name":"6281215465555:24@s.whatsapp.net","deviceId":0},"identifierKey":{"type":"Buffer","data":"BUkNcWirdX/MV52PzL+SYuoUlMOfNZ2sei8WOMOGy7Nn"}}],"platform":"smba","routingInfo":{"type":"Buffer","data":"CA0IEg=="},"lastAccountSyncTimestamp":1742785173,"lastPropHash":"1K4hH4","myAppStateKeyId":"AAAAACi1"}