{"_sessions":{"BTcXGv2RPQx7KxCx3fYeIuSE72uRPYmUFtRcb0NkXvl8":{"registrationId":1696,"currentRatchet":{"ephemeralKeyPair":{"pubKey":"BXAZAAgBsKv62B6UitPAlRJgst5FNjfc5+Bp//IgS/Na","privKey":"KN14t6IyyLCnwwbX5Waz0nK1RSwulDUKv5TZGIwHbHY="},"lastRemoteEphemeralKey":"Baq1yryWzftuU+uuZxZJEU2VrEI38vSfZdXJiLHT+2MJ","previousCounter":0,"rootKey":"e25cz4xx6CKs9NWjnTTWKDzS31/+vYRN7hJ88B5yKu8="},"indexInfo":{"baseKey":"BTcXGv2RPQx7KxCx3fYeIuSE72uRPYmUFtRcb0NkXvl8","baseKeyType":1,"closed":-1,"used":1742260262676,"created":1742260262676,"remoteIdentityKey":"BeSN7icJlBP/aYjxm4JaVZy5Pn6/jzKGkwVS+a7v/7Ah"},"_chains":{"BXAZAAgBsKv62B6UitPAlRJgst5FNjfc5+Bp//IgS/Na":{"chainKey":{"counter":3,"key":"sMdD3boaFDj2eoZ+oEnyYfzDq5qGJYrmu8i/mtq7Ue0="},"chainType":1,"messageKeys":{}}},"pendingPreKey":{"signedKeyId":1,"baseKey":"BTcXGv2RPQx7KxCx3fYeIuSE72uRPYmUFtRcb0NkXvl8","preKeyId":441}}},"version":"v1"}