{"_sessions":{"Bbg1nJvGXjPjigPpD3R4oWLGnsDVfvIyZLzdVsADB9ly":{"registrationId":1161,"currentRatchet":{"ephemeralKeyPair":{"pubKey":"BW66IHrZKWOqmv+lIGK6ri9RLftBv5vEr2MsrV9OYwM6","privKey":"8GrBXxuSKkyXsUQWVtBaa7LqgR4f6UqA6VBYPcPJ6kw="},"lastRemoteEphemeralKey":"BSEBFXkvSTQoaDi2iPkroUUR/FySd39J7wGmQPaFy7UI","previousCounter":0,"rootKey":"aiD9o72LFOt25a32fMNzAD+gDfAPHhRSXaPwUt+bOQM="},"indexInfo":{"baseKey":"Bbg1nJvGXjPjigPpD3R4oWLGnsDVfvIyZLzdVsADB9ly","baseKeyType":1,"closed":-1,"used":1742366301851,"created":1742366301851,"remoteIdentityKey":"BbJ1hdH3VtVHesLAYaNL3KvnizYJrOA+0+4ONsptcPtG"},"_chains":{"BW66IHrZKWOqmv+lIGK6ri9RLftBv5vEr2MsrV9OYwM6":{"chainKey":{"counter":2,"key":"Req7abnjbjvi3mlF2YWQVPzOvwrpb2Q4utY6XxumSjk="},"chainType":1,"messageKeys":{}}},"pendingPreKey":{"signedKeyId":1,"baseKey":"Bbg1nJvGXjPjigPpD3R4oWLGnsDVfvIyZLzdVsADB9ly","preKeyId":4289}}},"version":"v1"}