{"_sessions":{"BYXbatri20bXZJa9rUxa1jt8/hDK+es2R7047ecoUYBy":{"registrationId":1153831367,"currentRatchet":{"ephemeralKeyPair":{"pubKey":"BeVDOqGr0baHfyOr+20ea3Rbf94ls9H4BKnmanz/docl","privKey":"yK7oDzTgGF0DEjaMUSKcKxSW1Q9mjjZURG3MTIUN+Uc="},"lastRemoteEphemeralKey":"BXk33kBfT/xsCze8k1LH1GtR1aaewQ8grdsL094GY+9I","previousCounter":0,"rootKey":"ps4Ql0jIs+7A6MflriyE7QDNFQ8GXTJbkrZHzFT6YR8="},"indexInfo":{"baseKey":"BYXbatri20bXZJa9rUxa1jt8/hDK+es2R7047ecoUYBy","baseKeyType":2,"closed":-1,"used":1742179287444,"created":1742179287444,"remoteIdentityKey":"BV3FVettW6lw9HlPcyagWTSzmC4gIsLTo5tUeZ6sIEQR"},"_chains":{"BXk33kBfT/xsCze8k1LH1GtR1aaewQ8grdsL094GY+9I":{"chainKey":{"counter":1,"key":"7Oi4QjzZqGxKB77WAwrOW2ydC6TtgmyMoqGAXtS4nOI="},"chainType":2,"messageKeys":{}},"BeVDOqGr0baHfyOr+20ea3Rbf94ls9H4BKnmanz/docl":{"chainKey":{"counter":-1,"key":"vND5DbNHcyUsmkeZOuMP55UTZnn2xSimUT/0USrGn6I="},"chainType":1,"messageKeys":{}}}}},"version":"v1"}