{"_sessions":{"BQiC3Dyu480jL+EnwH0UTPHhJwqfSnFbROHvFufFPRku":{"registrationId":1756466275,"currentRatchet":{"ephemeralKeyPair":{"pubKey":"BSnb9pCS/qBsL0/RTXEO2CtTtMEoVwLUvdqtDBH6/Xgc","privKey":"KN5PcR6P5xwFGKsBkObry2g1Lz3dmN3kz4pODxw0xF8="},"lastRemoteEphemeralKey":"BR48fPng02PZQbyxzJmKui/ivS/Cs2Iffgs4rQzxNMZU","previousCounter":0,"rootKey":"/7eOEVFPKLfdIc0sdR1zDDyFBne1/oUBAbwL5WKnKEU="},"indexInfo":{"baseKey":"BQiC3Dyu480jL+EnwH0UTPHhJwqfSnFbROHvFufFPRku","baseKeyType":1,"closed":-1,"used":1742259698898,"created":1742259698898,"remoteIdentityKey":"BTpwyeJQQriN+pLkVF6s0B7wpysPhww2qQJntVlMTCMl"},"_chains":{"BSnb9pCS/qBsL0/RTXEO2CtTtMEoVwLUvdqtDBH6/Xgc":{"chainKey":{"counter":9,"key":"cv77qEB+lZDFSKvGJtjD+oC1LRPXZq5t4LRgXNPZr9k="},"chainType":1,"messageKeys":{}}},"pendingPreKey":{"signedKeyId":1,"baseKey":"BQiC3Dyu480jL+EnwH0UTPHhJwqfSnFbROHvFufFPRku","preKeyId":760}}},"version":"v1"}