{"_sessions":{"BT+NS+h3Rpyb6YqUtaLtgufwUQe2v4v1UCuAiIEApQMi":{"registrationId":242600638,"currentRatchet":{"ephemeralKeyPair":{"pubKey":"BbsgHljIf7/JmEGFt0mOC1SC5T9GEKDsfn8g9w8QLeZe","privKey":"wFq48mtJI/JIO3TRwqPlYihu++SdgKTnMuXE18Wesko="},"lastRemoteEphemeralKey":"BbHLz/ldMs1KPXL4QMs/FKySdxOZRG8dsneon2Xc+M04","previousCounter":0,"rootKey":"f53JuN48+VtbNu2oceff41yHRvY6cdDF+tkY+5//vjY="},"indexInfo":{"baseKey":"BT+NS+h3Rpyb6YqUtaLtgufwUQe2v4v1UCuAiIEApQMi","baseKeyType":1,"closed":1742865630932,"used":1742259811611,"created":1742259811611,"remoteIdentityKey":"BeSwyih+UoUi065ndWou9KyYiHY4EbRBtvyAZci2ZwpQ"},"_chains":{"BbsgHljIf7/JmEGFt0mOC1SC5T9GEKDsfn8g9w8QLeZe":{"chainKey":{"counter":14,"key":"gGmAIVn69xJvLB8CwxS9lEuuNai9w+MGieKNixYHNt4="},"chainType":1,"messageKeys":{}}},"pendingPreKey":{"signedKeyId":32,"baseKey":"BT+NS+h3Rpyb6YqUtaLtgufwUQe2v4v1UCuAiIEApQMi","preKeyId":913}},"BQweUmn9Xa2xDkaSD5JhKxmdS7oryeafe8Zjg0n+SagV":{"registrationId":242600638,"currentRatchet":{"ephemeralKeyPair":{"pubKey":"BTkPbjjhY61Fc5fLWZn5mXYhEq8zSlzI2IZwBBmKWXcw","privKey":"4HOtdcBSKkEDd3J66Wk7BOdWc9YgO9QrqcABZG2OZlc="},"lastRemoteEphemeralKey":"BZ11uDdmK64U1RjKdk4iEzy5+5lxXfPrI6eHakWvu/U2","previousCounter":0,"rootKey":"o+krzyje8W3TlUj6mmkgSetNXh+3KYT3/aX8nap8F7w="},"indexInfo":{"baseKey":"BQweUmn9Xa2xDkaSD5JhKxmdS7oryeafe8Zjg0n+SagV","baseKeyType":1,"closed":-1,"used":1742865630928,"created":1742865630928,"remoteIdentityKey":"BeSwyih+UoUi065ndWou9KyYiHY4EbRBtvyAZci2ZwpQ"},"_chains":{"BTkPbjjhY61Fc5fLWZn5mXYhEq8zSlzI2IZwBBmKWXcw":{"chainKey":{"counter":6,"key":"kWR+spvB8Rck0VoZCSvuWDkzZID3w20tbi+qtBslhu8="},"chainType":1,"messageKeys":{}}},"pendingPreKey":{"signedKeyId":37,"baseKey":"BQweUmn9Xa2xDkaSD5JhKxmdS7oryeafe8Zjg0n+SagV","preKeyId":1129}}},"version":"v1"}