{"_sessions":{"BT5i3FrwWULT487ySDmrL2I+CMjdaXXUwrIWMsV8BzQ/":{"registrationId":4333,"currentRatchet":{"ephemeralKeyPair":{"pubKey":"BQKV0O8wDuw9W6pym2Muq4u3bx8acNwM62SA1oaJBzwM","privKey":"UO7ynNVP6yvGd65uOL3GwCnuMbxjDgVoUemcT7iC03k="},"lastRemoteEphemeralKey":"BfjZkJRfjXkRn86M7eWw51UWJ2n1u9AFFlZm72lvM9R0","previousCounter":0,"rootKey":"BO6w5yVI9FqMP6ZxHOhjNcGX2sbV0yVLcckOVRGnpTA="},"indexInfo":{"baseKey":"BT5i3FrwWULT487ySDmrL2I+CMjdaXXUwrIWMsV8BzQ/","baseKeyType":1,"closed":-1,"used":1742259754139,"created":1742259754139,"remoteIdentityKey":"BU9qHPsdjGqfSTQZg7Imm7a/8Oj7eDeCfv4cVczrKXhM"},"_chains":{"BQKV0O8wDuw9W6pym2Muq4u3bx8acNwM62SA1oaJBzwM":{"chainKey":{"counter":10,"key":"6iVsrwXtdt+gXe+Bsr+WAikiBgl1XstngB29u/kJFeM="},"chainType":1,"messageKeys":{}}},"pendingPreKey":{"signedKeyId":2,"baseKey":"BT5i3FrwWULT487ySDmrL2I+CMjdaXXUwrIWMsV8BzQ/","preKeyId":816}}},"version":"v1"}