{"_sessions":{"BR2CXvZ4J1V5UjErSETWxGpCcmsSKyFhbOUIHJTl43Rh":{"registrationId":11042,"currentRatchet":{"ephemeralKeyPair":{"pubKey":"BSP3kE+XfYFaKjfLn/i+1x8DUYoPxp1iBntVpEjSZqRE","privKey":"wJ0x5MPfVgYQTWGgw+moA1ZmSoPJZCb90ttY1R8sMF8="},"lastRemoteEphemeralKey":"BeCCwrG6RQCCjrOVcFIsO1L2vKC6qnMf8ZyRPHecvG0z","previousCounter":0,"rootKey":"yfo+wKmLl6mqpbylh+WqMzaXqnqsFNdKdbIaf6S0YOU="},"indexInfo":{"baseKey":"BR2CXvZ4J1V5UjErSETWxGpCcmsSKyFhbOUIHJTl43Rh","baseKeyType":1,"closed":-1,"used":1742183661707,"created":1742183661707,"remoteIdentityKey":"BRFN1VtBKedK8Aa7BmdsYX6esFztovn2ejryniSuOkEL"},"_chains":{"BSP3kE+XfYFaKjfLn/i+1x8DUYoPxp1iBntVpEjSZqRE":{"chainKey":{"counter":6,"key":"4hB1gSWC11zMtMvliBwuwWskAkuvF1yVR7djNxN5AUE="},"chainType":1,"messageKeys":{}}},"pendingPreKey":{"signedKeyId":1,"baseKey":"BR2CXvZ4J1V5UjErSETWxGpCcmsSKyFhbOUIHJTl43Rh","preKeyId":993}}},"version":"v1"}