{"_sessions":{"BYesUaXRttuQ1p7n1UsYsy6IDGZ59LpHbCJZVPskgytu":{"registrationId":617890990,"currentRatchet":{"ephemeralKeyPair":{"pubKey":"BZDECNEfi/897BRjDR9eaZ4ff9yqVxUOq12/7DETGxZ7","privKey":"wF4sH9Tz3grW3sBZE5D7gRivy3S7d7eBa4Mogxub7XA="},"lastRemoteEphemeralKey":"BVB2qsjyozQX2kwdCp/JGUqnWvHwI9st3exV7OSsf5oo","previousCounter":1,"rootKey":"pusBWOPkzzR8GsUR2JiDS6PQyuExtWTWvQ3lT9hAup4="},"indexInfo":{"baseKey":"BYesUaXRttuQ1p7n1UsYsy6IDGZ59LpHbCJZVPskgytu","baseKeyType":2,"closed":-1,"used":1742866688209,"created":1742260156959,"remoteIdentityKey":"Bfy0wEYlyR8uoePT4BZbsNF54iLbfENN+alG0nUoGskZ"},"_chains":{"BTSI21SiJVIxC98M0hucTy5SOxcYElLi1/vJH7pVk5lf":{"chainKey":{"counter":0},"chainType":2,"messageKeys":{}},"BUptxVingdO7r47kIK8aiSbZpx9Ta71J7jdEpizS7rdn":{"chainKey":{"counter":0},"chainType":2,"messageKeys":{}},"BRt5LfyYbvaiWiRG35GDZuxijKedYMkZWxo0mb1HBalu":{"chainKey":{"counter":0},"chainType":2,"messageKeys":{}},"BR/+s8q4nzaK87QraTiQyBXkqePkY9TVEF69LE2KBds9":{"chainKey":{"counter":0},"chainType":2,"messageKeys":{}},"BU2N6LNM7XsbQ0rFNmvi7CTCm7ckbckWCIBhE53HFIZI":{"chainKey":{"counter":0},"chainType":2,"messageKeys":{}},"Bd1YrC5pZ5ZMh0AqNkPIs6fAXyMQpJCAGrZR425V7LE+":{"chainKey":{"counter":0},"chainType":2,"messageKeys":{}},"BReZWR+6CtC7sAq3v1Ja5SwqTUX34UJluxGJ0DVI2Ipj":{"chainKey":{"counter":0},"chainType":2,"messageKeys":{}},"BWNHT1kq5yB7fndK072y0+rUsWgw5sGR3wJR9+Ly3hUI":{"chainKey":{"counter":0},"chainType":2,"messageKeys":{}},"BVB2qsjyozQX2kwdCp/JGUqnWvHwI9st3exV7OSsf5oo":{"chainKey":{"counter":3,"key":"wg0TvmvO5rlvQYqaMD+LNT9KzvflwtQGKTMMSPyNVdc="},"chainType":2,"messageKeys":{"0":"DQunNPxr3HHjsI1DZ6xEmii7VVu+SZyBX4JXFtdIF+c=","1":"Hul8EVDGz/DDnhWhlaA5NVH2yUog7qJgm+D+zjL+DyE=","2":"FWDY18FKXOxgQJ7pNZ/zNdLoaB0vmBZg/9uLrkhiGUA="}},"BZDECNEfi/897BRjDR9eaZ4ff9yqVxUOq12/7DETGxZ7":{"chainKey":{"counter":0,"key":"1Cf63F3r9d3bfpFQaIj7OAuw7Du3+Pd0t06QEsNkgpQ="},"chainType":1,"messageKeys":{}}}}},"version":"v1"}