{"_sessions":{"BTNdfX3uVxBuK/szfx8vPwvSeSG0jPmEZ6d6u5cfM38a":{"registrationId":1044656267,"currentRatchet":{"ephemeralKeyPair":{"pubKey":"BXvQBvXYzBhtxcpRxJxUz4LgIBVgPdR859KlN/CmCFh/","privKey":"cB0JHknx/Heq6TZdRgo1ur6w19cuLfmKkUhJKPQWRHk="},"lastRemoteEphemeralKey":"BSP66XFo9jSzSy4+GqJu5hXUrCtBLfyr4CwWj9roFuhI","previousCounter":0,"rootKey":"5KhPeaRhy6l6HyYJQ+CTFuKt5Ywju0yqt/6hBMFmj8Y="},"indexInfo":{"baseKey":"BTNdfX3uVxBuK/szfx8vPwvSeSG0jPmEZ6d6u5cfM38a","baseKeyType":2,"closed":-1,"used":1742865651468,"created":1742259688727,"remoteIdentityKey":"BQGppl6Z9I67zb27LJofKNV0DeWyVV3OxrGQNMPafrhD"},"_chains":{"BSoYVIJ/KkkuBdAsR0AIlFf3vumaWf3dAAWmMNunAu8D":{"chainKey":{"counter":0},"chainType":2,"messageKeys":{}},"BYODv/6NxgbfnqaWLhl+hjYJU7DN86vaPEDOTgueAbgg":{"chainKey":{"counter":1},"chainType":2,"messageKeys":{}},"BawEM4slhwRZSi9Scvuu/mu92qvPy/4N71SkS4G2C+YD":{"chainKey":{"counter":0},"chainType":2,"messageKeys":{}},"BW1Ejfotl4E1CpzMG+9+pQ2oCiHyV6U0wXaJFQ3xplA7":{"chainKey":{"counter":0},"chainType":2,"messageKeys":{}},"BfYHq2vRjLpSXhquZkm4clLRDMVGniq9+uNCuatF+Ohp":{"chainKey":{"counter":0},"chainType":2,"messageKeys":{}},"BT5wAv5reMYEFyYJg5nDGWV2pm6PWCyS4xN3JpmQPOMp":{"chainKey":{"counter":0},"chainType":2,"messageKeys":{}},"BffrGwsivTuTzeSCuyA1Hb9JqbbxFqw+XEPoc4ghwg0C":{"chainKey":{"counter":0},"chainType":2,"messageKeys":{}},"BQKFPBFlA5k7qbp1VnZHslg5odqxtB5jUrrvSnl0JRRj":{"chainKey":{"counter":0},"chainType":2,"messageKeys":{}},"BSP66XFo9jSzSy4+GqJu5hXUrCtBLfyr4CwWj9roFuhI":{"chainKey":{"counter":1,"key":"Xv6AyVE+kjqQ76Ui3Q31Af4FGWGxsp10vTiVzxJJGow="},"chainType":2,"messageKeys":{}},"BXvQBvXYzBhtxcpRxJxUz4LgIBVgPdR859KlN/CmCFh/":{"chainKey":{"counter":-1,"key":"YC+NFxcr1wgwnkGUlGmrTAzpmw/MXPVaKVDJVoZZON8="},"chainType":1,"messageKeys":{}}}}},"version":"v1"}