{"_sessions":{"BbEShtjvVttrmHpdscozBDkotIhOVN7cD2uJhT5A80Ev":{"registrationId":1982343348,"currentRatchet":{"ephemeralKeyPair":{"pubKey":"BcSOQRBboV6Wi6r4/aZ4XglZO7LZgGxG/CpmAGgX2O8m","privKey":"eMYHRyVwmuvP6aPWEzsbmZK9iOgfwOdOPUIWzjSSclc="},"lastRemoteEphemeralKey":"BeGICvkRo82Q70tc+Szbfz/wAodhKyCp/PaVu8SPfB8u","previousCounter":0,"rootKey":"nxcgVnjLvd+t/67QO41phz3NwACmfj9ASkiNX2BxRi8="},"indexInfo":{"baseKey":"BbEShtjvVttrmHpdscozBDkotIhOVN7cD2uJhT5A80Ev","baseKeyType":2,"closed":-1,"used":1742788218024,"created":1742786850456,"remoteIdentityKey":"BeUVptsDzL7gt2B8iBiiUooR47vVGOmVhV8NHxW6L80l"},"_chains":{"BTBch69ZgrqnHZxzJx985/7+sVxpBG07+GBb8Lui83Fu":{"chainKey":{"counter":0},"chainType":2,"messageKeys":{}},"BZaF5HYm3oU7yyHjzllSNgJwVEuRub3HUcBRFk0gmL8i":{"chainKey":{"counter":0},"chainType":2,"messageKeys":{}},"Be1CZJUCPfLugfJ+zntR5l2OkHGRAVf/P/cCG7ht3a5O":{"chainKey":{"counter":0},"chainType":2,"messageKeys":{}},"BY19Xutl2jKS9wYw9gHWzGBnfvtcGDPuk5EVq7bVKcsU":{"chainKey":{"counter":0},"chainType":2,"messageKeys":{}},"BeGICvkRo82Q70tc+Szbfz/wAodhKyCp/PaVu8SPfB8u":{"chainKey":{"counter":0,"key":"+wgp92w4sBWG09pmNFMXVNUF//4vOu34PfEoSkqLubY="},"chainType":2,"messageKeys":{}},"BcSOQRBboV6Wi6r4/aZ4XglZO7LZgGxG/CpmAGgX2O8m":{"chainKey":{"counter":0,"key":"3G1kUx2sJ9ElTVnHeMngqPi8OpRpAqYq9EqFPgiiu5M="},"chainType":1,"messageKeys":{}}}}},"version":"v1"}