{"_sessions":{"BVfp3P8sWJekM/ZelO5jGldKZgN8njYJ9nplv2oddWNx":{"registrationId":724566870,"currentRatchet":{"ephemeralKeyPair":{"pubKey":"BbJZq89ZiG/i1ZFyx4raJKh2PgQw1m/6TMlToiclw4xR","privKey":"WMGqJFrChv08XLGto4MSW3sDDffjX9s7UO8U86MuWWY="},"lastRemoteEphemeralKey":"Bc2kz1DVh76C5N2KXWXk17UZI03FpnGChhcxDg20ZO1Q","previousCounter":0,"rootKey":"+/FZlaIPZ9d06X+h+Aah1kqMbSR4IC85zVbYlu+kQ4Y="},"indexInfo":{"baseKey":"BVfp3P8sWJekM/ZelO5jGldKZgN8njYJ9nplv2oddWNx","baseKeyType":2,"closed":-1,"used":1742790534468,"created":1742183773528,"remoteIdentityKey":"Bd7XCGCuYn7hENhutoZ9tpxKuh/JsfQ48yKythKCUOYJ"},"_chains":{"BdIbbE2T2kiFx4Ipki8A2OHpWS0NdfJ6g31hvFXc5LFS":{"chainKey":{"counter":0},"chainType":2,"messageKeys":{}},"BftHfbHg5lbAvogxBPrXlz6cfnrFj1XOfVtKa+aQ4TFe":{"chainKey":{"counter":0},"chainType":2,"messageKeys":{}},"BQEK8DaxVfehFdUmjcS5BzQFORlPGpstkgOLqu6hJclB":{"chainKey":{"counter":0},"chainType":2,"messageKeys":{}},"BdXAskkr8ZK/9+yLwBVG65KHONsqxod1uXfhytQnJOJS":{"chainKey":{"counter":0},"chainType":2,"messageKeys":{}},"BbI09+CQ8Myj3dwRUKkD21PCoNPVkNmd+wb23YUR9pRW":{"chainKey":{"counter":0},"chainType":2,"messageKeys":{}},"BV/hzOBxO9Veo3iYdEA+28kmicYJYFdtz7owjOufclNo":{"chainKey":{"counter":0},"chainType":2,"messageKeys":{}},"Bfu9q6p4zZS2IJWhSmibY4SszzpOfSg/SPCPagzlO8tT":{"chainKey":{"counter":0},"chainType":2,"messageKeys":{}},"BRYUDIET6CGJh6Rem9s1ijMu36hcWF+t+fIb9EYydxYg":{"chainKey":{"counter":0},"chainType":2,"messageKeys":{}},"BV1sJZUNjshHngnYnZxlRkgLowc18SAb+AbJTcSrcn4e":{"chainKey":{"counter":0},"chainType":2,"messageKeys":{}},"BXO28Mn4NnP4XDFb7zwoPFGJwpCpWI6aW7uPiWycMTIu":{"chainKey":{"counter":0},"chainType":2,"messageKeys":{}},"BbfXyxPYJrQ1ROGbu+B4EX0jeCBQdsPCxL+0zMVwcc5g":{"chainKey":{"counter":0},"chainType":2,"messageKeys":{}},"BbPtgip3cnQNzh/CodlP5TxmoiPP4rVVTNwd/O88FMID":{"chainKey":{"counter":0},"chainType":2,"messageKeys":{}},"BWypB0BYppwya39KM2Iq8LZ5e0WE9ESXAtYb//OJ6y5g":{"chainKey":{"counter":0},"chainType":2,"messageKeys":{}},"BUECCE44I266ux9Vyib93hBcHwJ1wp/Tu6hmb0x4peJM":{"chainKey":{"counter":0},"chainType":2,"messageKeys":{}},"Bf1Hugq3yBOcns85ImxlNqY4aShRoX/Yt/H4WqlEIiJr":{"chainKey":{"counter":0},"chainType":2,"messageKeys":{}},"BYjh0ICAO3jeeJ98U3gfu0NJApKt6d32hvg1Lfc3HD0d":{"chainKey":{"counter":0},"chainType":2,"messageKeys":{}},"Bb9QaYUYrfyzEr6HSHjn09pgPW1daN+sMEvvlG1+hGca":{"chainKey":{"counter":0},"chainType":2,"messageKeys":{}},"BSX2apI6MRPzKzlLz+1GY98rFkBBbSDX3KKSiC+Lx7AK":{"chainKey":{"counter":0},"chainType":2,"messageKeys":{}},"BfmL28xFUuqJgTILMvJvkeyxwysnZQDTgBgDKGfiweBM":{"chainKey":{"counter":0},"chainType":2,"messageKeys":{}},"BfSapAmHBpdkrXEJxFVTxlU4qKfUFhovDAYPAGnygaw4":{"chainKey":{"counter":0},"chainType":2,"messageKeys":{}},"BZY7M7Y6kZh8j89/SUJURcL018rczK5dKuDDSdAdHV0t":{"chainKey":{"counter":0},"chainType":2,"messageKeys":{}},"Bc8TDO2N1KbWRGG2SGOcuhiGByieXa5/+gZtetpAUExE":{"chainKey":{"counter":0},"chainType":2,"messageKeys":{}},"BTxs4aR04UaK5Ujs0sexxvy/6ZqijnaBTs/U90tZOCIn":{"chainKey":{"counter":0},"chainType":2,"messageKeys":{}},"BWBbMAj5vDukLNNlmEupmph4HkFdMhFNCrNCpkianuwT":{"chainKey":{"counter":1},"chainType":2,"messageKeys":{}},"BQukSktOfSsmWZ4drBZlXl3hTtPpfCVZiSpCwUN2VXt4":{"chainKey":{"counter":2},"chainType":2,"messageKeys":{"0":"+ivEC3BEvjNJ35xQnYr+TjWdxJDosKnMAEVW157IjNE=","1":"RuBV8Q1TyoLsq2o5XqMIMUIxp0rescG43zXusqv9nXE="}},"BaUjSrX3aj7UWQSNA0z7Jh3iYK/69c3AAXgnwJVlMnkp":{"chainKey":{"counter":0},"chainType":2,"messageKeys":{}},"BQpnGsC4sk3bwaAVxxr0FIcruzVKCPFNK1SSdK4ldUh/":{"chainKey":{"counter":0},"chainType":2,"messageKeys":{}},"BUb3pdtv8ChHBA2wCRbQZL8xFUbsve+ipdcgBKKeb5NA":{"chainKey":{"counter":0},"chainType":2,"messageKeys":{}},"Bc96uOAj+D7TEd69XsW/cz8Qxwb7vrAZ9jh8T9ENESZt":{"chainKey":{"counter":0},"chainType":2,"messageKeys":{}},"BcRL9iT33JktfSSNESJ4NQwx+jQFBj9+r+bCVxiVoZQ6":{"chainKey":{"counter":0},"chainType":2,"messageKeys":{}},"Bf0CSq4WJlvoIG0mo6JvOfNzQQfIH1ay6zdWfXeZNHUT":{"chainKey":{"counter":0},"chainType":2,"messageKeys":{}},"Bc2kz1DVh76C5N2KXWXk17UZI03FpnGChhcxDg20ZO1Q":{"chainKey":{"counter":0,"key":"Ic3PoATRYjDf19xodUvDWmxWIvXldGIDHAAsQsE2LiM="},"chainType":2,"messageKeys":{}},"BbJZq89ZiG/i1ZFyx4raJKh2PgQw1m/6TMlToiclw4xR":{"chainKey":{"counter":0,"key":"vyOJW1JCOL8UMyXJ7NKYEktg6BnIOz+BauxdzGhHtpM="},"chainType":1,"messageKeys":{}}}}},"version":"v1"}