{"_sessions":{"BYPNFo5yHoY2qwiuE6ASNqID7E71Oc1/HoSj8ZQrX1dg":{"registrationId":287648672,"currentRatchet":{"ephemeralKeyPair":{"pubKey":"BZzbgj0c7AUDAWUJISOnElj9eDiod3bNfa6xLO5kBzBi","privKey":"uLaSamaBlaymA4nH4WCgXFxZF1a5syg2TUPe2Nx/EU0="},"lastRemoteEphemeralKey":"BbFp8yd9PRaMqO4n41L849eKCFKtyvnrHJs4TrTYEEVf","previousCounter":0,"rootKey":"yY50FQLTvbcyCpwwLIU0C6ONNlQKQSdDvXUSsB4VhdA="},"indexInfo":{"baseKey":"BYPNFo5yHoY2qwiuE6ASNqID7E71Oc1/HoSj8ZQrX1dg","baseKeyType":1,"closed":-1,"used":1742183734059,"created":1742183734059,"remoteIdentityKey":"Ba+8pEzwCKhVpPtOWNEiUmoPZXqKvOoiZRsNf6JTAVU7"},"_chains":{"BZzbgj0c7AUDAWUJISOnElj9eDiod3bNfa6xLO5kBzBi":{"chainKey":{"counter":6,"key":"XhSGo9ihCtEG43lQagv8grTIHonlWbIAw1t7ORsO0hU="},"chainType":1,"messageKeys":{}}},"pendingPreKey":{"signedKeyId":4,"baseKey":"BYPNFo5yHoY2qwiuE6ASNqID7E71Oc1/HoSj8ZQrX1dg","preKeyId":1789}}},"version":"v1"}