{"_sessions":{"BXx0A3l66rSFBEVQGoCJiGdZTzOEbcyCiZGJgpgy67d/":{"registrationId":638887671,"currentRatchet":{"ephemeralKeyPair":{"pubKey":"BQ9/Y7jn1Zeb7c/Ii8+nkeh4Ua6IBV+ljlxxug7nvVA5","privKey":"aHld9rcgVShLx/pa8a7E7AuXYhbr+zPcr2rO7u/kpUE="},"lastRemoteEphemeralKey":"BTfd8IMc/xwlMFomoM8NAT1jQiEC/uArThTFpwuaszxg","previousCounter":0,"rootKey":"UFMssLkc7A7dIUfQsER2SUCW1nUPUqavlfxgBL90cYY="},"indexInfo":{"baseKey":"BXx0A3l66rSFBEVQGoCJiGdZTzOEbcyCiZGJgpgy67d/","baseKeyType":1,"closed":1742833724358,"used":1742183644023,"created":1742183644023,"remoteIdentityKey":"BR8W491c5ncInz8W679ktnCGdBBjqnJmSLPeULBjrkZ2"},"_chains":{"BQ9/Y7jn1Zeb7c/Ii8+nkeh4Ua6IBV+ljlxxug7nvVA5":{"chainKey":{"counter":9,"key":"JF1pZ4ONww8vN92/aUr+BcV/c/IyfgqrAU73nweK6qw="},"chainType":1,"messageKeys":{}}},"pendingPreKey":{"signedKeyId":3,"baseKey":"BXx0A3l66rSFBEVQGoCJiGdZTzOEbcyCiZGJgpgy67d/","preKeyId":360}},"Bah/eHae894ieJPE7yAPxhtCF4VB1CFwJCU1Y+IthUJ7":{"registrationId":638887671,"currentRatchet":{"ephemeralKeyPair":{"pubKey":"BV2pbRD+uQKIGVYYiCQvItLlvFtcFF+1Lc+Gfx72lnJz","privKey":"yONcuw7y+gZutXSJM3KBOHbpuo+HxiRi+7fS1Vk4qW0="},"lastRemoteEphemeralKey":"BTfd8IMc/xwlMFomoM8NAT1jQiEC/uArThTFpwuaszxg","previousCounter":0,"rootKey":"OgkbKBOp63gGbi9bsA1GWeRtSmQ6WdgDITcJsSd7qJk="},"indexInfo":{"baseKey":"Bah/eHae894ieJPE7yAPxhtCF4VB1CFwJCU1Y+IthUJ7","baseKeyType":1,"closed":1742833725104,"used":1742833724337,"created":1742833724337,"remoteIdentityKey":"BR8W491c5ncInz8W679ktnCGdBBjqnJmSLPeULBjrkZ2"},"_chains":{"BV2pbRD+uQKIGVYYiCQvItLlvFtcFF+1Lc+Gfx72lnJz":{"chainKey":{"counter":-1,"key":"qQ3kdOAwxFU9U/Xn7CxpqkJ5+bjCh+p14mJgB5VPrFM="},"chainType":1,"messageKeys":{}}},"pendingPreKey":{"signedKeyId":3,"baseKey":"Bah/eHae894ieJPE7yAPxhtCF4VB1CFwJCU1Y+IthUJ7","preKeyId":389}},"Bep2J6+rfIZ8jJvHCd3sptyHMhshIifogAWLkNDY0d5h":{"registrationId":638887671,"currentRatchet":{"ephemeralKeyPair":{"pubKey":"BfwP1E0qw7YsBEA/GOy/8SsuspuH3DJWXg3moe7hB50g","privKey":"YN0boRWYUlrAha4JaWMhZqCltk7c46fY3pfytji1aVw="},"lastRemoteEphemeralKey":"BTfd8IMc/xwlMFomoM8NAT1jQiEC/uArThTFpwuaszxg","previousCounter":0,"rootKey":"MlaT8xNx+vO+TkxiM+e59XUHaojFop3RU/TFjGMfWVc="},"indexInfo":{"baseKey":"Bep2J6+rfIZ8jJvHCd3sptyHMhshIifogAWLkNDY0d5h","baseKeyType":1,"closed":-1,"used":1742833725092,"created":1742833725092,"remoteIdentityKey":"BR8W491c5ncInz8W679ktnCGdBBjqnJmSLPeULBjrkZ2"},"_chains":{"BfwP1E0qw7YsBEA/GOy/8SsuspuH3DJWXg3moe7hB50g":{"chainKey":{"counter":-1,"key":"dV+tAq+8ZfO1pVD6wpvrmFYtUAzJKbQHDBIbNZzh59I="},"chainType":1,"messageKeys":{}}},"pendingPreKey":{"signedKeyId":3,"baseKey":"Bep2J6+rfIZ8jJvHCd3sptyHMhshIifogAWLkNDY0d5h","preKeyId":369}}},"version":"v1"}