{"_sessions":{"BX8TmSz019wm4FndStk14FlF1qd4LEWp+xHtI696rWxs":{"registrationId":901801903,"currentRatchet":{"ephemeralKeyPair":{"pubKey":"BT592G5UscvBWATLsZTrrtKhfy/LEo7ug+j+cZwL5HVg","privKey":"yCg90HbGbM+M3WWrjBjFf1r8Te24GOwhfPzMCZLvalE="},"lastRemoteEphemeralKey":"BatMSgxuhUVXipIk6HPk95DDSMd10R6sJcX0kgs6TlNl","previousCounter":0,"rootKey":"VvFvEUsG13/9qvQUtRLvuXSx1ZCBWV2AMk+qXe51+TU="},"indexInfo":{"baseKey":"BX8TmSz019wm4FndStk14FlF1qd4LEWp+xHtI696rWxs","baseKeyType":2,"closed":-1,"used":1742790392068,"created":1742183655533,"remoteIdentityKey":"Bctfn2KpMSr5JgplZPyQ7vROyf1+WN+drxH/RM+O8UU6"},"_chains":{"BS2L1FYYmkrJL9be1m8tS5RSprcxqqyzEeV0MgFQKNIG":{"chainKey":{"counter":1},"chainType":2,"messageKeys":{"0":"p7NkmhwNVSrWPSf0Mhwd2dSSZ2jPBRRoWwyzgM6C13I="}},"BeiqdBcC/petXp455YKYzcay/k03MxmkKWdWpvG8DexO":{"chainKey":{"counter":1},"chainType":2,"messageKeys":{}},"BbfW91Jk5rP1DVUeWLW+BOBQYFWQZCg1JlwHjeosxz4D":{"chainKey":{"counter":0},"chainType":2,"messageKeys":{}},"BStxylilkUmMx8jBwtun/7SW9yUeQ7rDhJSkSa2323pa":{"chainKey":{"counter":0},"chainType":2,"messageKeys":{}},"BW2tQS+cWmMZjkgS6459IWMVfu0upajgTwN8SuYbB6gu":{"chainKey":{"counter":0},"chainType":2,"messageKeys":{}},"Bb6h6jCNDHRVKKjGqjB+i4bZqVigcveJ4OVi4oRX7a1y":{"chainKey":{"counter":0},"chainType":2,"messageKeys":{}},"BYYFcGSh06+9PBKHxk4cmZVjuXR4Begyx7sKTkGcwX0/":{"chainKey":{"counter":0},"chainType":2,"messageKeys":{}},"BTckWgW4dMJ5DJ75hFEiJfzZnK5ddrZ/YNKtWrr8faBw":{"chainKey":{"counter":10},"chainType":2,"messageKeys":{"0":"2syxonnQ0nGWBUdr63w0S1GBKlr1WF1vz+/JRbIoApo=","1":"oyxG0Fn9KPMhVBSiNyvroKAgGcFX1owZf9JjgdAl97M=","2":"31T72veX5mqDDBcCpvdlkhrtCfYGeBrRleAZRMSXHUw=","3":"NePOIX/+h/G9Cyl6A5ZR6fmSXOKnY735Gu4c+loRzi4=","4":"VhxGQ+wf9tuBLYdzQ7UkqkYrwtl1CAMFCr+LBuqrYIs=","5":"XJWJ7KM2DT+UX0pyM/e7khNrbICTHHftziTPV2FcgOg=","6":"SDpwf+6s0VuXa5MY1eq40LevMoypYI/uoei8UfRPb0A=","7":"MD4WF+2XeuKLIwpgjXrSKfn/QNkinLEV92NA7NBVXvA=","8":"izKRDT25JwBetz7+xMv+tUQG/XSyBaZ7KO+cv1UhEUo=","9":"zSB0vHApwQHY+ESF03oqFQDNoZAEuR2dkrKKYjhrZj0="}},"BaVlZwtlzb1d6LYUu594jqkJSQXcGu0ExkhUkG4ojdJa":{"chainKey":{"counter":0},"chainType":2,"messageKeys":{}},"BQePEF6/jL/5A1W8jYVnZHa5kK3fBcdnrZpT8RAynBoR":{"chainKey":{"counter":0},"chainType":2,"messageKeys":{}},"BV4DvhG2bnRWu7k4hX4MwxXDpRnTKpZ28rQ/YfTTT/BN":{"chainKey":{"counter":0},"chainType":2,"messageKeys":{}},"BTg4NY3kPREVkoBvpWKiZFskdjZrtWh+V7GuD9vZpJAx":{"chainKey":{"counter":0},"chainType":2,"messageKeys":{}},"BeCX3XGCgmtoOgy0qiyYTmjO8N2EJQr9qOMlOL60TV8g":{"chainKey":{"counter":0},"chainType":2,"messageKeys":{}},"BU+YqAJGldKz+HM7FvHeg4S4E5f98NM77aWue9sWAcJ9":{"chainKey":{"counter":0},"chainType":2,"messageKeys":{}},"BcnjNvkTu76sxM4bguOCls1fSS61X7x1Xxaz9WfJmLoQ":{"chainKey":{"counter":0},"chainType":2,"messageKeys":{}},"Bbdx8PSQ5qn3lN1V+EuiyMiDs4IHJ+imjC7qrStfn51P":{"chainKey":{"counter":0},"chainType":2,"messageKeys":{}},"BfoGFFvduwoPB7qR/wkDQ3207WYxTZDq6w8G2o+cXkVw":{"chainKey":{"counter":0},"chainType":2,"messageKeys":{}},"BeCr54pfBnraS9JJI31tAfe1nebYwbfXU5G2cqNN370A":{"chainKey":{"counter":0},"chainType":2,"messageKeys":{}},"BatMSgxuhUVXipIk6HPk95DDSMd10R6sJcX0kgs6TlNl":{"chainKey":{"counter":0,"key":"DwrV0D3zAB2ZVT+dXxyE06fp6a56yVv8gbDH+ZpOpjw="},"chainType":2,"messageKeys":{}},"BT592G5UscvBWATLsZTrrtKhfy/LEo7ug+j+cZwL5HVg":{"chainKey":{"counter":0,"key":"btdn8Ns600yu0S6NcpC7bVoYJmRLLyy8wGIGAk4vZ80="},"chainType":1,"messageKeys":{}}}}},"version":"v1"}