{"_sessions":{"BaKiMOSBnCnOp52m0+I/JJZcTLk1QNNF+J32NxmX/PNE":{"registrationId":149253382,"currentRatchet":{"ephemeralKeyPair":{"pubKey":"Bepkit4sgvHyCrZhclRtTabP52vzmiWmy7dwk3w8OKo0","privKey":"sNOsxwkvSW70j6LgAQGrkaz4w31hrvGOSpuREcHWDl4="},"lastRemoteEphemeralKey":"BTOFGScD9rAotAsukbQcy22sse7K6dDPqydu0yPiG0Qx","previousCounter":5,"rootKey":"doiiRfTlWdqmb59ZEd1y4RbkK3ZN3WlDNFT/Y8Nb6UY="},"indexInfo":{"baseKey":"BaKiMOSBnCnOp52m0+I/JJZcTLk1QNNF+J32NxmX/PNE","baseKeyType":2,"closed":-1,"used":1742790576287,"created":1742183577862,"remoteIdentityKey":"BeYup6GcGpWIvIqU0epSpnY+gcxwMMvemEfX3P5I0sY9"},"_chains":{"BQtn6S3FTwpHnyiQzitzWqUVaes3XHOj7/edKgxGGjF/":{"chainKey":{"counter":0},"chainType":2,"messageKeys":{}},"BTOFGScD9rAotAsukbQcy22sse7K6dDPqydu0yPiG0Qx":{"chainKey":{"counter":0,"key":"dyYwuvX8Jz3/Xfp+YV4Jxqu+/BDkHKe7bnU7fG9lgoU="},"chainType":2,"messageKeys":{}},"Bepkit4sgvHyCrZhclRtTabP52vzmiWmy7dwk3w8OKo0":{"chainKey":{"counter":0,"key":"/Qv90YHSloxdHKOqUejCDIc0ID/4LND3BUxfV3gYR68="},"chainType":1,"messageKeys":{}}}}},"version":"v1"}