{"_sessions":{"BSCHqwAlhjNEmwVB+PPajnuSQ1rjhgKMKlTontcNuKQf":{"registrationId":2146942212,"currentRatchet":{"ephemeralKeyPair":{"pubKey":"BR7bfaM6E/vJin6D7iH0L/LQlDh2OMAcWzopH+ZA3qki","privKey":"sH3/nUTjFBxAKkrciUJVx3x9JcolwpyiVQz9dOnSJEo="},"lastRemoteEphemeralKey":"BQRoJXV1ttzl1MkgNkrC5g3KWf8RzOPKBhSMorXpgrk/","previousCounter":0,"rootKey":"nlTCS1bghZiaeDrDPeozzO0XXK0U0kcm8hyIBHRuRCE="},"indexInfo":{"baseKey":"BSCHqwAlhjNEmwVB+PPajnuSQ1rjhgKMKlTontcNuKQf","baseKeyType":2,"closed":-1,"used":1742865223135,"created":1742260155559,"remoteIdentityKey":"Ba/H2aEexZXe1YjaSmwn9BcUVDlBmtftlGcuQkT9QW4F"},"_chains":{"BQNY2Bv74n9edDfpc+PLtfHPkxswwDsPhKQPFZ7/Ph8G":{"chainKey":{"counter":0},"chainType":2,"messageKeys":{}},"BQRoJXV1ttzl1MkgNkrC5g3KWf8RzOPKBhSMorXpgrk/":{"chainKey":{"counter":0,"key":"zhY39bd7RglOsf3DXbIUk6GPP1hN6sO9LVal4leerxI="},"chainType":2,"messageKeys":{}},"BR7bfaM6E/vJin6D7iH0L/LQlDh2OMAcWzopH+ZA3qki":{"chainKey":{"counter":0,"key":"+PFKgl1requRpNrPC02KNWqEdQ9s9t7e+l64Gcx314Y="},"chainType":1,"messageKeys":{}}}}},"version":"v1"}