{"_sessions":{"BTsQ0UqUMaq2kiA/b4tp7zUVx5w9q5CBOjPmmlPWq/Nv":{"registrationId":3899,"currentRatchet":{"ephemeralKeyPair":{"pubKey":"BS4qMthzV22p60UTr/b1WdpjToR073F+KiFA8K/lDRQv","privKey":"0PFlMWi0pl3dyQNOSAL9zwIHj0eNa0QGt8XJTnrlNmQ="},"lastRemoteEphemeralKey":"BddoV0J1153cltfKAp0R/HzB25jjw1YCVKbluMtN6hMS","previousCounter":0,"rootKey":"yurWZhxAU14UPIk/M0+G3hU+jwwDeW4231cua+qoQqQ="},"indexInfo":{"baseKey":"BTsQ0UqUMaq2kiA/b4tp7zUVx5w9q5CBOjPmmlPWq/Nv","baseKeyType":1,"closed":-1,"used":1742366301867,"created":1742366301867,"remoteIdentityKey":"BXkobEHI3/bzNS/1Kp12zZFRt6aCUiGGtguYbsPEp8p7"},"_chains":{"BS4qMthzV22p60UTr/b1WdpjToR073F+KiFA8K/lDRQv":{"chainKey":{"counter":2,"key":"vJFkj25rk931wFogAnAeCjihKOxDx595mmC3Ig0+p9Q="},"chainType":1,"messageKeys":{}}},"pendingPreKey":{"signedKeyId":1,"baseKey":"BTsQ0UqUMaq2kiA/b4tp7zUVx5w9q5CBOjPmmlPWq/Nv","preKeyId":1557}}},"version":"v1"}