{"_sessions":{"BT9cHRxMRVW/H8IGIqkY/29WUJgnOX2gMwrNya74xP4Y":{"registrationId":350884889,"currentRatchet":{"ephemeralKeyPair":{"pubKey":"BUho8ZrQaXNqjVf5qOpwXObaHm4oUWATDfSHsGyPktAw","privKey":"8A5kj/309o7d9EoPGZXaniWnk6I7KUs9OkmkwgQmUHg="},"lastRemoteEphemeralKey":"BfxwMaT7tn9rvB2+8XK5woSx2rXMWbo+ByBfcnH8bVk9","previousCounter":0,"rootKey":"TlxyTtQN/8Md8sQS76rQ1Cmf95yLQnpFA92lvZhUHX0="},"indexInfo":{"baseKey":"BT9cHRxMRVW/H8IGIqkY/29WUJgnOX2gMwrNya74xP4Y","baseKeyType":2,"closed":-1,"used":1742788451784,"created":1742183538718,"remoteIdentityKey":"BRgZ5wEKtRFHOBv7/2LTfMrUwczq8/uwn+U7E6km5mlY"},"_chains":{"BfCBrwE5KntaakNLrFQXy/femXQXGxyssNMVyJlTXPtZ":{"chainKey":{"counter":0},"chainType":2,"messageKeys":{}},"BcMo+1VpPS50+QULJPZRQ8/3GwD8GkMySHy+b3ytZBcI":{"chainKey":{"counter":2},"chainType":2,"messageKeys":{}},"BQzTaqSQfBPJd357oI6V17jz5fRm6/f3/rdPJymgFqcA":{"chainKey":{"counter":0},"chainType":2,"messageKeys":{}},"BaGBoUrLZxTfs7NIkPAxkGK12IWCzWWJbf22sh2YHyci":{"chainKey":{"counter":3},"chainType":2,"messageKeys":{}},"BayJBF8bN+Q/3OzNT2mxLm19vTPynLNpDzvHtigrxeF4":{"chainKey":{"counter":0},"chainType":2,"messageKeys":{}},"BU9dB7cUvKUsBYvxo6yJywWlBThNhS6nLWdCXnqxjfEq":{"chainKey":{"counter":0},"chainType":2,"messageKeys":{}},"BdAFpS7PHGKAuvzZmRgpVKRHbV2dryvuW/a+FX9koeV4":{"chainKey":{"counter":0},"chainType":2,"messageKeys":{}},"BTGqokqUCZz4NPbujG8LQIu5KffLzgTKp7H/ZiFWWC0L":{"chainKey":{"counter":0},"chainType":2,"messageKeys":{}},"BZhuSWqZrx4huzRlZEfqTSD41DpZvY/p/7BpTkjgimBO":{"chainKey":{"counter":0},"chainType":2,"messageKeys":{}},"BfxwMaT7tn9rvB2+8XK5woSx2rXMWbo+ByBfcnH8bVk9":{"chainKey":{"counter":0,"key":"De1ZiaDo5dxrxLYLY73NbjY0I//EewV5toqrou+p8Sc="},"chainType":2,"messageKeys":{}},"BUho8ZrQaXNqjVf5qOpwXObaHm4oUWATDfSHsGyPktAw":{"chainKey":{"counter":0,"key":"TpKrIyUh2CZOykmjmlJFBK4/AAPPSbtki0VPgQhSK/4="},"chainType":1,"messageKeys":{}}}}},"version":"v1"}