{"_sessions":{"BUUU5g5tUm5po+Uc38KnWpv9p8TXfaAyWz2OUjQImPlE":{"registrationId":1974838543,"currentRatchet":{"ephemeralKeyPair":{"pubKey":"BQVIHUmtqkJPZ9R7rCdNjGVkFCcijmz5hx9wDKKzHJo5","privKey":"IK1/hWOmyWpp8VXcMZm55W3yxH42QjAFu836zhVaUFI="},"lastRemoteEphemeralKey":"BeHKwZoyW1zrEiXgxXo56fkMS+wtYXK0gqGfvKFU0EJ3","previousCounter":0,"rootKey":"XTYrtaM5QDZDj6ScFF6p55CI282eWF1PBRnK8gVRrL8="},"indexInfo":{"baseKey":"BUUU5g5tUm5po+Uc38KnWpv9p8TXfaAyWz2OUjQImPlE","baseKeyType":2,"closed":-1,"used":1742865326949,"created":1742259981555,"remoteIdentityKey":"BZ5UJJXQD3aAyKSBp5qFblceyNJYoKSR3c9knCKcMOY7"},"_chains":{"Bdje6qirRlzG7Ya17y4aTpSikz+fBsA4aJRh40oaNhw+":{"chainKey":{"counter":0},"chainType":2,"messageKeys":{}},"BWdpD19SN7PouNEym2Y3ntvolYMRVAy05yVcIlmC/84e":{"chainKey":{"counter":0},"chainType":2,"messageKeys":{}},"BUalIYGhhTnkJVQTHeRaufv8/L+Y81RKW63JQOHFbgwi":{"chainKey":{"counter":0},"chainType":2,"messageKeys":{}},"BUZI/clVKHopKQGHW7wSBEx5xbEca4Tn0P9wMvB7Rc0o":{"chainKey":{"counter":0},"chainType":2,"messageKeys":{}},"BXx9fGXyIrIOUNfCemmWC3Xv2zRFlX3GcImDO0YSqNZd":{"chainKey":{"counter":0},"chainType":2,"messageKeys":{}},"Bdaan1lQTCeypr/XM5XBKzErhzZPfFtKb0G5oVLcESkK":{"chainKey":{"counter":3},"chainType":2,"messageKeys":{}},"Be4MElCDUoPgfjfgVF1erbumRRerl9fYq1o098o8PZQ9":{"chainKey":{"counter":0},"chainType":2,"messageKeys":{}},"BV7I3jB/0yn0aizh2NSyNeEVPZ300P2ORJTuBjSAZShK":{"chainKey":{"counter":0},"chainType":2,"messageKeys":{}},"BbTVhPuY+OQdZb9XhuYm8YAsU+3w+MOUA4nZn8UUDhxa":{"chainKey":{"counter":0},"chainType":2,"messageKeys":{}},"BYgro5UUDAR3vmsX0VrsiFVcfKj/9D0Fg+4E9nzIZ5gm":{"chainKey":{"counter":0},"chainType":2,"messageKeys":{}},"Beyhk3I8jdmjiFLSXnqwE42OtdW62/UGV8CFWrjQjABK":{"chainKey":{"counter":0},"chainType":2,"messageKeys":{}},"Bch3h5F8NlVyKMX9avgPuhOdBXBlkODQka6LRb05+7Ro":{"chainKey":{"counter":0},"chainType":2,"messageKeys":{}},"BeHKwZoyW1zrEiXgxXo56fkMS+wtYXK0gqGfvKFU0EJ3":{"chainKey":{"counter":0,"key":"A5GS2nd4D85VBGmWlu68qqtyZ/2Dt+CMVv3IIq4Dy3o="},"chainType":2,"messageKeys":{}},"BQVIHUmtqkJPZ9R7rCdNjGVkFCcijmz5hx9wDKKzHJo5":{"chainKey":{"counter":1,"key":"RMJueLIvGhoU9YrWYM69ZBiP54XMUTZpUunSq04R1ug="},"chainType":1,"messageKeys":{}}}}},"version":"v1"}