{"_sessions":{"Bbgn2KjZGGbzkPt+odrgyebNnY3d5c8GYi5Ymd3ggXt7":{"registrationId":13677,"currentRatchet":{"ephemeralKeyPair":{"pubKey":"BRxAwNYXbGZ+XIukJbQUY7f2CC5KaGNmenqrZsWxS3co","privKey":"yICGX/OkEA+Xt6tI8VhBpsonI8UvTmVqtlVgrCIe5no="},"lastRemoteEphemeralKey":"BSdt+t8kICAWBGPNqXjZ8y0fGW/EH5n3X3I90mGDvyMY","previousCounter":0,"rootKey":"w1DUAw3+G9o+94/R1r2j+5vWJehPxP6lAmHm60N4imU="},"indexInfo":{"baseKey":"Bbgn2KjZGGbzkPt+odrgyebNnY3d5c8GYi5Ymd3ggXt7","baseKeyType":1,"closed":-1,"used":1742866467512,"created":1742866467512,"remoteIdentityKey":"BemeWZII0X1IHvnNrUQWefuo81newPqqZj7XkAry1LxL"},"_chains":{"BRxAwNYXbGZ+XIukJbQUY7f2CC5KaGNmenqrZsWxS3co":{"chainKey":{"counter":0,"key":"rg5JD46HI3ftZ/DykulMiVVJOmBeAE/+oTKsb5ZBxgQ="},"chainType":1,"messageKeys":{}}},"pendingPreKey":{"signedKeyId":1,"baseKey":"Bbgn2KjZGGbzkPt+odrgyebNnY3d5c8GYi5Ymd3ggXt7","preKeyId":695}}},"version":"v1"}