{"_sessions":{"BWP47rgedh5oi9nEvCd0SczyTnfRl7u4Ndheof/ylpMR":{"registrationId":336069815,"currentRatchet":{"ephemeralKeyPair":{"pubKey":"BbdNYMlZ9BEyF/5gaRRRTkK8/RgK9LZFziIaiOF6f9wR","privKey":"YM73NJRudhZATv3M48+aZLoNqhIFsvg0lLybpb3+pHc="},"lastRemoteEphemeralKey":"BYEnW3nfxK3A0oM8kjbAVByM+NN08uteH7lATr0HNq9d","previousCounter":0,"rootKey":"59KrR3xLs4QjWyJFwRaBPk55uaJeE/iWkJQ5oOQwFkY="},"indexInfo":{"baseKey":"BWP47rgedh5oi9nEvCd0SczyTnfRl7u4Ndheof/ylpMR","baseKeyType":1,"closed":-1,"used":1742788751641,"created":1742183592251,"remoteIdentityKey":"BcIK+KBTkjHfabWuCL5FAzJ94V1uwMWW7hGw6QF6LgAY"},"_chains":{"BUMu2zCrSTZRdgkDOnH0O0vI9qhtWyC4+PLEgIHXJlof":{"chainKey":{"counter":0},"chainType":2,"messageKeys":{}},"BVid+UE2BD3r2LMGsuOItXxiVu8Gg3g1JIEbFzAnuo9R":{"chainKey":{"counter":2},"chainType":2,"messageKeys":{"0":"JKgvePy5aODBQ5RCUBMIflvZfzARoTIoAhFYRNNG+IM=","1":"Io1tuZoxSeGBHstIHzb3KvgITMrCyhPj0NXimBB1Hi8="}},"BYl/21oaVqd8p6ot5LZZLIcycZijJaj3BfH07KCJm0NF":{"chainKey":{"counter":0},"chainType":2,"messageKeys":{}},"BYEnW3nfxK3A0oM8kjbAVByM+NN08uteH7lATr0HNq9d":{"chainKey":{"counter":0,"key":"5Fuc6K9K/c1g6fwSIfX1qqPlA+igTzn9MRNObGM28vg="},"chainType":2,"messageKeys":{}},"BbdNYMlZ9BEyF/5gaRRRTkK8/RgK9LZFziIaiOF6f9wR":{"chainKey":{"counter":1,"key":"zMZ4+K1razTGJlelplvgJAeM36ktWrt5UPI2r0FfmKg="},"chainType":1,"messageKeys":{}}}}},"version":"v1"}