{"_sessions":{"Ba8upoIwsA0f6T1aQ41lDpdsz5//WYOMy9xtDR0YCIcl":{"registrationId":1448658154,"currentRatchet":{"ephemeralKeyPair":{"pubKey":"Bf4mCadgMGY5s0OjeA5c3unDQBqgH67qAf5/Z+wpTwh3","privKey":"YEp3G/1w4qUL9BTXv5FovM3Z9oXTwBvHXxa29fLhSXw="},"lastRemoteEphemeralKey":"BVexRjhx5DTe7NpUdepWotVWSdGHjt8sFq5/5HqhAA1w","previousCounter":0,"rootKey":"ZGenm8VCud1hE6Lfr1CnQk8+oqDKPCAJkaqQC67YoFo="},"indexInfo":{"baseKey":"Ba8upoIwsA0f6T1aQ41lDpdsz5//WYOMy9xtDR0YCIcl","baseKeyType":1,"closed":-1,"used":1742259698907,"created":1742259698907,"remoteIdentityKey":"BTKXzcYWu1P9hibyC1SUcbW5krTnNkkzNPFI2+v41BE0"},"_chains":{"Bf4mCadgMGY5s0OjeA5c3unDQBqgH67qAf5/Z+wpTwh3":{"chainKey":{"counter":9,"key":"xJpEFWTxuTWRkGnbWFduLlT97qWuqwyqgYU7QyAJbIM="},"chainType":1,"messageKeys":{}}},"pendingPreKey":{"signedKeyId":6395928,"baseKey":"Ba8upoIwsA0f6T1aQ41lDpdsz5//WYOMy9xtDR0YCIcl","preKeyId":4833}}},"version":"v1"}