{"_sessions":{"BcBU716IYPIuKtEWx3TFmHwrHbJKzBO41XmBPm0Lmthh":{"registrationId":2097717373,"currentRatchet":{"ephemeralKeyPair":{"pubKey":"BUrg7ztEyQkZUdJPrCSMh4yyVWCXSrrZMtFe+XBvYwg+","privKey":"EAIwJRdYmc3ORgLUOMV7yFz2pSDj9tCB00dzug46zUM="},"lastRemoteEphemeralKey":"BZN9m35EMqhzTIhGhQyQhpdW/VRGJHR3koaPlPPrZZU+","previousCounter":0,"rootKey":"2Ecfu0mlRR+ReNSXNwfTgCj+VPM2Ki3sv4AhXNOrdnU="},"indexInfo":{"baseKey":"BcBU716IYPIuKtEWx3TFmHwrHbJKzBO41XmBPm0Lmthh","baseKeyType":1,"closed":-1,"used":1742179291690,"created":1742179291690,"remoteIdentityKey":"BdlZjdfEUuCv+DierVGvUcFtVr4HyyX6eUEWD2YHIgJO"},"_chains":{"BUrg7ztEyQkZUdJPrCSMh4yyVWCXSrrZMtFe+XBvYwg+":{"chainKey":{"counter":10,"key":"oR0rXMfShKE5VM+VAGxG94NPQBN7x1BJGcHPBsEhDJY="},"chainType":1,"messageKeys":{}}},"pendingPreKey":{"signedKeyId":5,"baseKey":"BcBU716IYPIuKtEWx3TFmHwrHbJKzBO41XmBPm0Lmthh","preKeyId":293}}},"version":"v1"}