{"_sessions":{"BYqqSrg3wtgdLVu+h6DGjjnKzBXscO5AekcyAIUmztNN":{"registrationId":1429185372,"currentRatchet":{"ephemeralKeyPair":{"pubKey":"BSnDbewR6s6AiM21OBl+6UuiZ0TPl6Dc3FRqrkXyfl1R","privKey":"YOHMDgCa09rfh34AEkR2RkxEwwpnNltCMevaSdf69Hk="},"lastRemoteEphemeralKey":"BWoSck/NO27++Q+x11d9oc0WHRlEv/mjOpTM+blU1jZK","previousCounter":0,"rootKey":"210JoXvLZAUlpD3AmyCRLFxhPOQyuGHAWnLou5C0GP8="},"indexInfo":{"baseKey":"BYqqSrg3wtgdLVu+h6DGjjnKzBXscO5AekcyAIUmztNN","baseKeyType":1,"closed":-1,"used":1742788493606,"created":1742183676541,"remoteIdentityKey":"BWJm//4mmTs9AUv/Z9Rvo2XLkDSOlFda9Ylu61vhbfh6"},"_chains":{"BeBxHXhVR395PLYds6nfNZeJD/TR108fpJ53LV6sTnIF":{"chainKey":{"counter":0},"chainType":2,"messageKeys":{}},"BXVgZsIO2tjrDL7JYxGu/lgtFn5HYwgmgpNWd8FLxDov":{"chainKey":{"counter":0},"chainType":2,"messageKeys":{}},"BcZZvcs3S1VXwuFAuBB8Ultq2GLezNu1iVbOC+pZ670l":{"chainKey":{"counter":0},"chainType":2,"messageKeys":{}},"BWgioC6rIrCaSdoaTjdr86UwtEGHCX4eIS6q+4o6JOot":{"chainKey":{"counter":0},"chainType":2,"messageKeys":{}},"BWdjH3AeFqDQtfPqasF0dAP2mnfCrDnr7Q1pvGXgn+p7":{"chainKey":{"counter":0},"chainType":2,"messageKeys":{}},"BWoSck/NO27++Q+x11d9oc0WHRlEv/mjOpTM+blU1jZK":{"chainKey":{"counter":0,"key":"ZbvPgg3pzVzsN7bq7IUIT9NRab60k73KZQYKU7gF1pw="},"chainType":2,"messageKeys":{}},"BSnDbewR6s6AiM21OBl+6UuiZ0TPl6Dc3FRqrkXyfl1R":{"chainKey":{"counter":0,"key":"DQ//VNhRSwhC4MoVCINz0B1HPATnejBJGllwAIAosmk="},"chainType":1,"messageKeys":{}}}}},"version":"v1"}