{"_sessions":{"BQTpojIPj7DyNV5W/emx7WwPzObfZRW0Ds88f1mfFYIs":{"registrationId":578604233,"currentRatchet":{"ephemeralKeyPair":{"pubKey":"BYoEAJkLMb7Anf0u9jNf/UT0v9fPs4Pd1wBq5xCwxWJC","privKey":"MGJu5NsINdodfJFULm5Hq5LDkpcmNU0viHd+d1yEJnU="},"lastRemoteEphemeralKey":"Bc0YTC4ZSZQb9HkIcwkUIxT+KQjWxXPI5pCtYnuwkzdT","previousCounter":0,"rootKey":"HaXb3+m1BORVUegwS1YxyGQdykmekdfp5yDzsva3yOM="},"indexInfo":{"baseKey":"BQTpojIPj7DyNV5W/emx7WwPzObfZRW0Ds88f1mfFYIs","baseKeyType":2,"closed":-1,"used":1742263858315,"created":1742263858315,"remoteIdentityKey":"Be3q47Ww0bpq1YmHizCPcOgfL+Nj0hflvHzXxJKc5J8T"},"_chains":{"Bc0YTC4ZSZQb9HkIcwkUIxT+KQjWxXPI5pCtYnuwkzdT":{"chainKey":{"counter":1,"key":"F8sRzOv/VCp6Vkg40RluTSOJ3DkK/Xxwgl0r0gLzeKU="},"chainType":2,"messageKeys":{}},"BYoEAJkLMb7Anf0u9jNf/UT0v9fPs4Pd1wBq5xCwxWJC":{"chainKey":{"counter":0,"key":"MD2WgH3i9NXjy/oUWD8JYC1hqoYx7WMWCurHuaVlU6k="},"chainType":1,"messageKeys":{}}}}},"version":"v1"}