{"_sessions":{"BUI68pTD4tLFKZbRLMVkyjVjgDPim8RbOSpI65Lq/Lof":{"registrationId":684161754,"currentRatchet":{"ephemeralKeyPair":{"pubKey":"BcXrYnP9IarQ68B+DX/N/wSAdT0rF8wlQz3BHZ6mir8o","privKey":"QODrzC3IF/GycIiY1jsoLjoI7X3S/kC71cO16CEo3Uc="},"lastRemoteEphemeralKey":"BTZsF0PWZO15k3q5LcwIAaMP/KCSBA6o2QpCNCoNnAgE","previousCounter":0,"rootKey":"nS4kaHuC9PcmJOfSVrY2KwO+lGSr/mhJv6tXlzdD6h8="},"indexInfo":{"baseKey":"BUI68pTD4tLFKZbRLMVkyjVjgDPim8RbOSpI65Lq/Lof","baseKeyType":1,"closed":-1,"used":1742183860936,"created":1742183860936,"remoteIdentityKey":"BVoPH+cOBYhlyUjF5aijSINParWAORdpPMY4n8pPI8gw"},"_chains":{"BcXrYnP9IarQ68B+DX/N/wSAdT0rF8wlQz3BHZ6mir8o":{"chainKey":{"counter":21,"key":"XxFR4IrOMA1OdUuWBrIvSXHQ6OruCMcNLFROdQSpFQw="},"chainType":1,"messageKeys":{}}},"pendingPreKey":{"signedKeyId":1,"baseKey":"BUI68pTD4tLFKZbRLMVkyjVjgDPim8RbOSpI65Lq/Lof","preKeyId":709}}},"version":"v1"}