{"_sessions":{"BQprB5k5rcl5ZlEcbniogh6JesJit+KDObK92fAnnihk":{"registrationId":1485464816,"currentRatchet":{"ephemeralKeyPair":{"pubKey":"BfyCtZdD/rlV2m4lFh77S97ugCe96c/fWGqqDlcF0A5g","privKey":"4FUTmh//CjMoYksrsJ0CABwixRykUtmZzpvvvCgDkWQ="},"lastRemoteEphemeralKey":"BXWXpfohpUZ/uYp54xDrP0vrkCkcwA5pOasmGs3GC0Qo","previousCounter":0,"rootKey":"5wiKAN2IR7Y71XA5gpENNscpZM+KGjtVlOZqOIhjXJU="},"indexInfo":{"baseKey":"BQprB5k5rcl5ZlEcbniogh6JesJit+KDObK92fAnnihk","baseKeyType":2,"closed":-1,"used":1742788556150,"created":1742179287398,"remoteIdentityKey":"BQI8JNm7yaXc8haWY8ujmyFEq+9myblDKkgCOVUMex1k"},"_chains":{"Baj503Si3ZMelVzJODE8VdkF9Cj/51pKxaFlJBz/hPQM":{"chainKey":{"counter":0},"chainType":2,"messageKeys":{}},"Bb8R43dyHVRai1/apy9XAWhtfUtmxVT1JuN8mrxh1tkX":{"chainKey":{"counter":0},"chainType":2,"messageKeys":{}},"BVxDOmLUdI43aPkFLfYuNGuLO1kEZ3QShXUmu6JQPpdc":{"chainKey":{"counter":0},"chainType":2,"messageKeys":{}},"BaKiZtXZnNiYE8ruu9yvzJn3wAF926heFsk092qZ+Hwy":{"chainKey":{"counter":0},"chainType":2,"messageKeys":{}},"BdnYR0+S3AfQ5Pvr9JK4DeDOBMRHhkl3nIvBEdN44E8q":{"chainKey":{"counter":0},"chainType":2,"messageKeys":{}},"Bc+ugaf2LPRBhw4wOqtPpnR1gPzipuQJsxDSidRvzHY0":{"chainKey":{"counter":0},"chainType":2,"messageKeys":{}},"Ba22p7bR36EgcVyAQX+1yQrfj+Cgqa/ea0QSMrOPpu4i":{"chainKey":{"counter":0},"chainType":2,"messageKeys":{}},"BVdHlf3fK5Ge75SdANuFnYGkoAAVVQ4g+q4T0Qmv8Bte":{"chainKey":{"counter":1},"chainType":2,"messageKeys":{}},"BexZAuOybydHAV/79tNx6p/qF/Qth2GzCHQdHo9IDMFD":{"chainKey":{"counter":0},"chainType":2,"messageKeys":{}},"BXWXpfohpUZ/uYp54xDrP0vrkCkcwA5pOasmGs3GC0Qo":{"chainKey":{"counter":0,"key":"FLMc3Q9dguvddu8BpagRlSGbcbrkXAf5aj3rRVW9a5Y="},"chainType":2,"messageKeys":{}},"BfyCtZdD/rlV2m4lFh77S97ugCe96c/fWGqqDlcF0A5g":{"chainKey":{"counter":0,"key":"pdr6nOgcinGSwPyLwAWyD1Ot576PPvRE91UqHLlUrX4="},"chainType":1,"messageKeys":{}}}}},"version":"v1"}