{"_sessions":{"BcRDn0IXPBc6zVMZXh3KGMrWn3t1SkMfH+77iwZkgdtv":{"registrationId":1277353302,"currentRatchet":{"ephemeralKeyPair":{"pubKey":"BWIlhCLtcnHXetRrCwq4ulXbBaY94k+u2kB7wwD5Z45h","privKey":"SFO69bNrKMp7/+8miOqIIxTPne7rMJMDS8F9pKgVgkg="},"lastRemoteEphemeralKey":"BTuTrL2bcbfULAbmPoCsncjLb7P2SgLgp8Pkvguu8dQz","previousCounter":0,"rootKey":"bdO+e/aLFiadUg1J9tXuC2uW0STb6v/p/CgwwTmJ9bg="},"indexInfo":{"baseKey":"BcRDn0IXPBc6zVMZXh3KGMrWn3t1SkMfH+77iwZkgdtv","baseKeyType":2,"closed":-1,"used":1742790458595,"created":1742786928837,"remoteIdentityKey":"BUMw+FkMvHVR5iexqou7ULpUwe5ezEQzc5MlaR27ErNY"},"_chains":{"Be9cQN8okqXDtCB4sznL7CkptltsWEJ+ie+vHniaoh4g":{"chainKey":{"counter":3},"chainType":2,"messageKeys":{"0":"1OpLSUIDG46oIbvHDc+btvuTrT38OmKMumCiQj3/f90=","1":"Ukbl8lFqCiI6laDcu7VR8LnkCk4wf3k+pH110t8rmrg=","2":"zPI1MJDm+3azPDFxVgExyLyIrg7x+w0W9e++sZdGvbI="}},"BfsTD6+3Xgh0d8PrnBXxbPxw6MAL8roZIQnmXozMHOY3":{"chainKey":{"counter":0},"chainType":2,"messageKeys":{}},"BY+DOEsn1oiXck7OeFA+MzH1WAtkLGTaE9nYFlX/XVxP":{"chainKey":{"counter":0},"chainType":2,"messageKeys":{}},"BTuTrL2bcbfULAbmPoCsncjLb7P2SgLgp8Pkvguu8dQz":{"chainKey":{"counter":0,"key":"CkuOLXWYtvElLyqdI1z/OXkGPIhEUtbUWMeVC6hPtWc="},"chainType":2,"messageKeys":{}},"BWIlhCLtcnHXetRrCwq4ulXbBaY94k+u2kB7wwD5Z45h":{"chainKey":{"counter":0,"key":"Dt2zafVfrBawlT5sV5AIgWiywVAyrQTkZSLMPbWrsl8="},"chainType":1,"messageKeys":{}}}}},"version":"v1"}