{"_sessions":{"BWC+QZSZwa9FT911avZxZkETBRbh0IAhfHhnNZAdYBdj":{"registrationId":768236943,"currentRatchet":{"ephemeralKeyPair":{"pubKey":"BcVXd8/cEpIsSGTTBvDZ7QAktP3DNqh1JDJKYuIuoNd4","privKey":"IEZZqx5wDpHrtsSmsWlOvWAitBj5NJxh1BALUIYV4FA="},"lastRemoteEphemeralKey":"BY4xS+tPUDDdIo8aI5FILHhKaPwpSidWhhr7K5IXvvlB","previousCounter":0,"rootKey":"bTHGEQmge9IqehdtbtD19Pe690LsOMCLM67OVYIbPRQ="},"indexInfo":{"baseKey":"BWC+QZSZwa9FT911avZxZkETBRbh0IAhfHhnNZAdYBdj","baseKeyType":2,"closed":-1,"used":1742788681483,"created":1742182897347,"remoteIdentityKey":"BSMQq3T4+PT6zgKCb+fq3ltNCnakeSpP62Tzx3XC+MJ2"},"_chains":{"BYLKDhBY/VeAfkEAKmjRy0ViPnkX9gZfQrV5CeKrrE0x":{"chainKey":{"counter":0},"chainType":2,"messageKeys":{}},"BVYt/dB5MTpMxRJab1SUphW4jiYk1xTJXKBEXqRVCyd/":{"chainKey":{"counter":0},"chainType":2,"messageKeys":{}},"BQlpb5R0lr+f3U4wbgx9c3wP3QYhFi6AZAcXLZ/PQ05u":{"chainKey":{"counter":0},"chainType":2,"messageKeys":{}},"BeZHkZ2XnRqsVKAfTxwhJ1h6QxDOQHjMcaCuwCc4tehX":{"chainKey":{"counter":1},"chainType":2,"messageKeys":{}},"BQswztgaE1nw/ON3OL7oWKofYKAA0EHVW6WJ2f5pLy1Q":{"chainKey":{"counter":0},"chainType":2,"messageKeys":{}},"BSPWdy2GFuLGrA6wN/Uf1fT3r4SoqldjgrPe56XtY5x6":{"chainKey":{"counter":1},"chainType":2,"messageKeys":{}},"BXO7XeHm0utZ+6/q7L1T3S+bPdadL8Qd4Uoc/PahBsZz":{"chainKey":{"counter":0},"chainType":2,"messageKeys":{}},"BRjix5aSnm+Ey2fH54AEWnZuhgai15bhklKsXcryy4Ug":{"chainKey":{"counter":0},"chainType":2,"messageKeys":{}},"BVfb0fj7E2CrznmnpSflkIbXuq91WejZPKeJFe+IJM0M":{"chainKey":{"counter":0},"chainType":2,"messageKeys":{}},"Bee0pTEyK9SEsFMP1p5wr5FG3umyUUfDyD0Vj9L6nbAp":{"chainKey":{"counter":0},"chainType":2,"messageKeys":{}},"Bb0BQz6jugePP0nmKvBlIqhC2/MYXdjX/iL7wt3ip/5A":{"chainKey":{"counter":0},"chainType":2,"messageKeys":{}},"Bd7c59SWqXvPwnDKHp+4rk0KJ8VEXdDai2MX4QhVh3U7":{"chainKey":{"counter":0},"chainType":2,"messageKeys":{}},"BXg0cAK+waVqrqrmhb2ajrA/+TjAYnC5a4azuaxns5li":{"chainKey":{"counter":0},"chainType":2,"messageKeys":{}},"BaotGN1Sizu80jSH1OC4cWh11PvBaO/gZw8kVOXkAAYI":{"chainKey":{"counter":0},"chainType":2,"messageKeys":{}},"BYG88ElXpBx2JkfY0sRPMwpZbwqrtb3QnkiyD2GSdrxZ":{"chainKey":{"counter":0},"chainType":2,"messageKeys":{}},"BUgkm8U2xttvI9r0GXvJ2325dKwmys+HK4QbqXDaUCdr":{"chainKey":{"counter":0},"chainType":2,"messageKeys":{}},"BRUBLyjL65yepvCy+ZitcnDEJL95qoYweAXsKTLWHPwx":{"chainKey":{"counter":0},"chainType":2,"messageKeys":{}},"BevkqYxxaOAiP/TjtEdJ2T364yurW2entck0CTsyEEYJ":{"chainKey":{"counter":0},"chainType":2,"messageKeys":{}},"BVKW4WESTKcdBKmFMHbizpNnuP+A1kvqyP3kskdQ+KZg":{"chainKey":{"counter":0},"chainType":2,"messageKeys":{}},"BYt/I4AkutjKA88YVaAHUBeN+xLy5tPmpNl3GK22zSVT":{"chainKey":{"counter":0},"chainType":2,"messageKeys":{}},"BY4xS+tPUDDdIo8aI5FILHhKaPwpSidWhhr7K5IXvvlB":{"chainKey":{"counter":0,"key":"oPacxIvEYsz92m2RkB2fU8ON8qwBzRhEOLpNvK7eqxs="},"chainType":2,"messageKeys":{}},"BcVXd8/cEpIsSGTTBvDZ7QAktP3DNqh1JDJKYuIuoNd4":{"chainKey":{"counter":1,"key":"XLBTY2F109V9lscrP6LG/qfJFWGJUePJd9e4HyTiaD4="},"chainType":1,"messageKeys":{}}}}},"version":"v1"}