{"_sessions":{"BdpsAwjzx+G53+zip+L2a8A1WVG/YxHCixzmujXkmbBb":{"registrationId":1294189838,"currentRatchet":{"ephemeralKeyPair":{"pubKey":"BSuuBGaQsvtssM9qr1PR6dore3tj3awZloMMm46UWTwT","privKey":"AEkaqszAWm4TfO3w5F59dUo2aCMRkQk9TWbFAa8FMFs="},"lastRemoteEphemeralKey":"BR+yaDRVavYuGz/lC8CS3bLbQhmtk2OvcLLd230DVM42","previousCounter":0,"rootKey":"jq1WfQodfTemp+N6sCEDiQb5Wto7Ieyy3Hz8xnWikV0="},"indexInfo":{"baseKey":"BdpsAwjzx+G53+zip+L2a8A1WVG/YxHCixzmujXkmbBb","baseKeyType":2,"closed":-1,"used":1742790543584,"created":1742185259388,"remoteIdentityKey":"BXRhsCfOiPqki63fqJOtwsu4NIMxiycQLJ6UEW6vJqM2"},"_chains":{"BS+0wIVKcKxS+qiAZ03z6OUxvp2EgcYvls3KKr+Ieq1e":{"chainKey":{"counter":1},"chainType":2,"messageKeys":{}},"BYeKxgpdfrxCbICNm0QzuXbFaFZb0s3Jy0DEDYIai91H":{"chainKey":{"counter":0},"chainType":2,"messageKeys":{}},"BYfddxK1r2ZMnkFgpzaLSWaRePtjB5ov2PGX73pQrQRb":{"chainKey":{"counter":5},"chainType":2,"messageKeys":{"0":"blBEFFPbdi0UFoMX9/iVHxAgxnK3M2tQ+R0qeRUoogI=","1":"JjAhtJK6/4Hd1GGvkZ6LdCW4xnA/rq/si+tuRBsYWGE=","2":"zElHYnnEDGM33/nBA5jLNxRn98MAjvu4gm1RX0ZtvXY=","3":"87bGbF4R3j1oMW7vjhG0PGt/c4vQkKJhiUHtQTKgTOo="}},"BS1OmTAA9q2/ckLHNUz1Q4aI75DVH9fBksh0/2nSplhV":{"chainKey":{"counter":0},"chainType":2,"messageKeys":{}},"BVbSb0elnjQWVI6pwYhBfLpJujU5bhbBE3Hz/RuWg652":{"chainKey":{"counter":0},"chainType":2,"messageKeys":{}},"BR+yaDRVavYuGz/lC8CS3bLbQhmtk2OvcLLd230DVM42":{"chainKey":{"counter":0,"key":"B3g7JhfqGXgQkbYvQJCC8t6sgiu6IqPJNhdS7/UQ7DM="},"chainType":2,"messageKeys":{}},"BSuuBGaQsvtssM9qr1PR6dore3tj3awZloMMm46UWTwT":{"chainKey":{"counter":0,"key":"Om8C8ilVimn0mUftpKvvYCU+k32+T5nw4O/a4ZUejKA="},"chainType":1,"messageKeys":{}}}}},"version":"v1"}