{"_sessions":{"BZlR+b4DfHn7mtofSl8KBUddu2qzzCbGhGW4s0xumIx/":{"registrationId":8621,"currentRatchet":{"ephemeralKeyPair":{"pubKey":"BUXRc72smU886h616GnENC3Zmi+6vvulqmdXgCowQF10","privKey":"QK/4fkIOrihCX+G3gwEZ+AgTF83rp58Mq99wXGqhNUQ="},"lastRemoteEphemeralKey":"BSGMwFNxpL+Zz+S8nvIMQ22EkTZutVojpGz176VrnfRQ","previousCounter":0,"rootKey":"/C1XWbQjr3NEWlfPssA0M/26B8TX1aZNBUnaqlAv4Fc="},"indexInfo":{"baseKey":"BZlR+b4DfHn7mtofSl8KBUddu2qzzCbGhGW4s0xumIx/","baseKeyType":1,"closed":-1,"used":1742183599489,"created":1742183599489,"remoteIdentityKey":"BZmyDy8DvD6a2BQsTz/ms8f1N0itPOOrXNE9B3R+fuRs"},"_chains":{"BUXRc72smU886h616GnENC3Zmi+6vvulqmdXgCowQF10":{"chainKey":{"counter":16,"key":"aLSFROAd5KUJxe4pBG4sQzyu7Xml3+LawL+AsdI3oTc="},"chainType":1,"messageKeys":{}}},"pendingPreKey":{"signedKeyId":1,"baseKey":"BZlR+b4DfHn7mtofSl8KBUddu2qzzCbGhGW4s0xumIx/"}}},"version":"v1"}