{"_sessions":{"BTQhYBh3b2yimM0LV8m1F2I34ETfooE8IhnQObVcLxop":{"registrationId":181705567,"currentRatchet":{"ephemeralKeyPair":{"pubKey":"BaYia48ObyCSs33S3b6/rqE5bUROu35Mv9AeYYRxNF4L","privKey":"wJWhKcRnDzvzM4cAjWaKfYgr950x6/Itczi60Jp/n18="},"lastRemoteEphemeralKey":"Bd3lDriIE2ysnLdNk34vwX5A9JnArlQKYCHB+0mSc2Rd","previousCounter":0,"rootKey":"vg3+6jqbkUfbNQAjsq1F7DJ+TJgN4RDSc0AkAPkh7Pc="},"indexInfo":{"baseKey":"BTQhYBh3b2yimM0LV8m1F2I34ETfooE8IhnQObVcLxop","baseKeyType":1,"closed":-1,"used":1742792445013,"created":1742792445013,"remoteIdentityKey":"Ba8OZIvMnIrq2WA8EiLnN/AN7fybxyc1H2huMcJtP1NP"},"_chains":{"BaYia48ObyCSs33S3b6/rqE5bUROu35Mv9AeYYRxNF4L":{"chainKey":{"counter":0,"key":"tVSR/Eq0ozJpg7f4EXa/wGIYXMnkLaOM7DFWAp1rX00="},"chainType":1,"messageKeys":{}}},"pendingPreKey":{"signedKeyId":1,"baseKey":"BTQhYBh3b2yimM0LV8m1F2I34ETfooE8IhnQObVcLxop","preKeyId":661}}},"version":"v1"}