{"_sessions":{"BV8e0KEXOi/kLNNFYcwurgGHs1iuT2R09SC032V//9IX":{"registrationId":5916,"currentRatchet":{"ephemeralKeyPair":{"pubKey":"Bao9HSZveHlqkM6DK5PVgY3apbaEbg92gZpN4FDqyS45","privKey":"mBssc4IRG5Jp5bPwHYu3TK+etbA2wMnHWDy6f5NFLX0="},"lastRemoteEphemeralKey":"BSD2IJExNAT5R8WcuDN6wLiqzp9MytTq2BK286Hlf3cl","previousCounter":0,"rootKey":"kj8ul1l7YHQDgN2MM+ArzcEnNHMm6fuZNFdG8E6k7cE="},"indexInfo":{"baseKey":"BV8e0KEXOi/kLNNFYcwurgGHs1iuT2R09SC032V//9IX","baseKeyType":1,"closed":-1,"used":1742786674241,"created":1742786674241,"remoteIdentityKey":"BVRRYBM225kxmb6IaxExxl+WnjN0A7kytGq/+usNv3hS"},"_chains":{"Bao9HSZveHlqkM6DK5PVgY3apbaEbg92gZpN4FDqyS45":{"chainKey":{"counter":1,"key":"prtEebVGTQ0oq/YFyHafH1VpV2ji3QwQ4EgKteCEKUA="},"chainType":1,"messageKeys":{}}},"pendingPreKey":{"signedKeyId":1,"baseKey":"BV8e0KEXOi/kLNNFYcwurgGHs1iuT2R09SC032V//9IX","preKeyId":129}}},"version":"v1"}