{"_sessions":{"Bf2Yt+uW0FDKlF/74H99nW8GfA8YpeGQhhPSAsrvYr58":{"registrationId":1107747524,"currentRatchet":{"ephemeralKeyPair":{"pubKey":"BWYh1KYJeDniq2H6KP5h718HsQBjRtNbCJzjtDn5Y2tq","privKey":"IOPDHUZRUxbWgCNVNlo78DQeMz0sE+d0zUxk0RiEEUk="},"lastRemoteEphemeralKey":"BX0hWu5m2E/4JrOdXJMnoqJgMoN5E7ycaJtNKEVnH4Uj","previousCounter":0,"rootKey":"rjKdvEXG0t7plUQMX3ijxQppksOKSnw/L5NmBOBzB8c="},"indexInfo":{"baseKey":"Bf2Yt+uW0FDKlF/74H99nW8GfA8YpeGQhhPSAsrvYr58","baseKeyType":2,"closed":-1,"used":1742788338572,"created":1742183640546,"remoteIdentityKey":"BT14RIehbxbCgTAHqwERZjJ/pD9LdlxHckusx5JCzYxd"},"_chains":{"BV9gd0sY3TdDqy3F7xAFJyjth3sIqPB4aqQueKn9NZNU":{"chainKey":{"counter":0},"chainType":2,"messageKeys":{}},"BQlxSBoJuv3+tD0zSXE2SlgMPlnpCeiiWBO8GEhpFp5B":{"chainKey":{"counter":0},"chainType":2,"messageKeys":{}},"BUAfice73DLWPClPsxCBvXjLcvuVN2QAqUH3avcDAatV":{"chainKey":{"counter":4},"chainType":2,"messageKeys":{}},"BcvZCQvaAAnk93gEGct8YZXICsr/tcJ6Zxj9MKPf3qpT":{"chainKey":{"counter":0},"chainType":2,"messageKeys":{}},"BVxTtiGUviaY1vzd9LMpo9b4e5fXeYU7/iQIVigT8RMq":{"chainKey":{"counter":0},"chainType":2,"messageKeys":{}},"BQX6G9g3789hB54G0/g0PXcfK8Gux5x7e39pAUTfi8hv":{"chainKey":{"counter":0},"chainType":2,"messageKeys":{}},"BeVyF7MdIGiynlgkkkfdUjnJmzzYMlHMgs6bM+DInL88":{"chainKey":{"counter":0},"chainType":2,"messageKeys":{}},"BX0hWu5m2E/4JrOdXJMnoqJgMoN5E7ycaJtNKEVnH4Uj":{"chainKey":{"counter":0,"key":"ppPXT1FfgC9b8gobzAOOvY5s/lvllEj/bNr2xpaT2XU="},"chainType":2,"messageKeys":{}},"BWYh1KYJeDniq2H6KP5h718HsQBjRtNbCJzjtDn5Y2tq":{"chainKey":{"counter":0,"key":"ub94RunF3QeHeX+EJ5WVxTA8xF/uoIxfPa/xIl6QoWo="},"chainType":1,"messageKeys":{}}}}},"version":"v1"}