{"_sessions":{"BY7OplCYUXdVUdoiQ4APBB1LpmnV5uWxEgo31C6ZjhQE":{"registrationId":2130775993,"currentRatchet":{"ephemeralKeyPair":{"pubKey":"BUw711SbSjBMFwUpm+/RRcb/OQujJxqnrNP271fiRScd","privKey":"YDw2K3HQElL5I69qbXufha32gh00Wbbcpw710a/amlg="},"lastRemoteEphemeralKey":"BWwmxJNML2mmNByQN/4c67W0Fst3f3J3TwBotZx7Bj1B","previousCounter":0,"rootKey":"bvqkOrziChSeNii1OtVU+f3W2AJd8ifrI6EqrLbQae8="},"indexInfo":{"baseKey":"BY7OplCYUXdVUdoiQ4APBB1LpmnV5uWxEgo31C6ZjhQE","baseKeyType":2,"closed":-1,"used":1742868185932,"created":1742868005390,"remoteIdentityKey":"BYnvXU1f8fi6/U9X+HWKtLH/BGwQ/Fz5m6pBAt5kFwl1"},"_chains":{"BZnzxASGMps9sgcw+MYA236PFPlzLnxmEsSA81A8ndBU":{"chainKey":{"counter":0},"chainType":2,"messageKeys":{}},"BTWFxZSBgVVhG6KejguCNJ3mNDx0Ogt4yhx1o5ugKKxq":{"chainKey":{"counter":0},"chainType":2,"messageKeys":{}},"BeF2r7neli764TcGKmAg1jgxXwo2Ic6O9+seo5bjzBRx":{"chainKey":{"counter":0},"chainType":2,"messageKeys":{}},"BfsT+sgHk5DFXAmorhmcWhY4IQ+FrEg+8hXdlwi/HdEQ":{"chainKey":{"counter":0},"chainType":2,"messageKeys":{}},"BXemgvxe0WfRNQz01a1Vn3K26jGhG9uC84wwz/OYpCJN":{"chainKey":{"counter":0},"chainType":2,"messageKeys":{}},"BdoO427HV4tvzjS+8Bxsuf1GrrnUeJnGk9kMYaBVaPZ7":{"chainKey":{"counter":0},"chainType":2,"messageKeys":{}},"Bcn9L7M1oSh2M8b9vCUfgaWJejb9cedtP9kQJofW4KYj":{"chainKey":{"counter":0},"chainType":2,"messageKeys":{}},"BWwmxJNML2mmNByQN/4c67W0Fst3f3J3TwBotZx7Bj1B":{"chainKey":{"counter":0,"key":"/QqOlAg4x85ZWmUYRC421erqnsq57FASdtQwKRckpfc="},"chainType":2,"messageKeys":{}},"BUw711SbSjBMFwUpm+/RRcb/OQujJxqnrNP271fiRScd":{"chainKey":{"counter":0,"key":"/cnVTJGvUSASdAXG3z+MiUyisLx91qEf7EJ2Ij6LE1g="},"chainType":1,"messageKeys":{}}}}},"version":"v1"}