{"_sessions":{"BV96b43dVcAc00taZLBJ4lgvJ87sDmBtTbuesAcpbYEc":{"registrationId":11041,"currentRatchet":{"ephemeralKeyPair":{"pubKey":"BQsqAnEHuMChD4TfGnHrFyoaJQw5ZhJOdJrCTDpw+kNi","privKey":"oAZvm9BUzG52a/3Ovb/6MdQPzhR0xeVB7B1gw93ja3I="},"lastRemoteEphemeralKey":"BSrzswMtyTwbiGr/TonHQa8LawWOTWIY5lD1o+ArZTcD","previousCounter":0,"rootKey":"ee4AjmZxUnnMLgWag/yov0fiPs/9nUSalJU2fNj+S5Y="},"indexInfo":{"baseKey":"BV96b43dVcAc00taZLBJ4lgvJ87sDmBtTbuesAcpbYEc","baseKeyType":1,"closed":-1,"used":1742865490534,"created":1742865490534,"remoteIdentityKey":"BUpMTGssAxrkayBXHXreryq0j9yWHzOU7i6/gqzzrAx5"},"_chains":{"BQsqAnEHuMChD4TfGnHrFyoaJQw5ZhJOdJrCTDpw+kNi":{"chainKey":{"counter":0,"key":"BHIwmA1RrEC6M6fhO16hrO1ajtp9JBceDnDWdm83fAY="},"chainType":1,"messageKeys":{}}},"pendingPreKey":{"signedKeyId":1,"baseKey":"BV96b43dVcAc00taZLBJ4lgvJ87sDmBtTbuesAcpbYEc","preKeyId":674}}},"version":"v1"}