{"_sessions":{"BcwiTRV1rDchg25RCRqUbs4NJsgeyFvkxLvGFXiFeO4U":{"registrationId":2097670929,"currentRatchet":{"ephemeralKeyPair":{"pubKey":"BUa5AfPBC9uIeCz9hMprOVXbz44/tTUH8MODdFrMYsRF","privKey":"aL/qnBMaqcq8xNhO8rItks4COgk71USaSAPQILdKBmc="},"lastRemoteEphemeralKey":"BZFuE+5CLcitfrn3u2CYXiz1PrrZ2H3ol/brcEeBNc59","previousCounter":0,"rootKey":"KnsPCOaVXTKeQI9uW6FXhCxtYvCU2QfXQcbZRfScu7E="},"indexInfo":{"baseKey":"BcwiTRV1rDchg25RCRqUbs4NJsgeyFvkxLvGFXiFeO4U","baseKeyType":1,"closed":-1,"used":1742183668724,"created":1742183668724,"remoteIdentityKey":"BbdVtJEYKb51YpmlJ9LLMvRIJknwp/VQydItA+xc3G4F"},"_chains":{"BUa5AfPBC9uIeCz9hMprOVXbz44/tTUH8MODdFrMYsRF":{"chainKey":{"counter":20,"key":"OnoBf3SvogLLJd+9OKDQivs49Guu9LGBst2z4ucg9sM="},"chainType":1,"messageKeys":{}}},"pendingPreKey":{"signedKeyId":21,"baseKey":"BcwiTRV1rDchg25RCRqUbs4NJsgeyFvkxLvGFXiFeO4U","preKeyId":1371}}},"version":"v1"}