{"_sessions":{"BeAduusNf4KHWwauljRjjXVU+0EsJjp3bYAmDP9LEjVZ":{"registrationId":169243737,"currentRatchet":{"ephemeralKeyPair":{"pubKey":"BXX0ZJ+tvNDMAW3NreOncMdPMdm5o/fGoWXSKBQ/5xJm","privKey":"iBhB6ELmwneUP8ZJfE44ZiwZawC2Pat3H9qKPQhQ2E4="},"lastRemoteEphemeralKey":"BcrnoBrrOF/I9UkHu+USaUoY8GHbc0L22mtBSEg34cYa","previousCounter":1,"rootKey":"cKVUd3L7zmlxDVqCpLQGHYBp8LUISoWORY+lP9F5sAY="},"indexInfo":{"baseKey":"BeAduusNf4KHWwauljRjjXVU+0EsJjp3bYAmDP9LEjVZ","baseKeyType":2,"closed":-1,"used":1742867844207,"created":1742259852379,"remoteIdentityKey":"BXhnD7OeAX9HErS3uSLa1M/cjUwLGJUIZ4KJwgg1XFsc"},"_chains":{"Bczwkxbztv8CXNVwOEGRLbY9wE7PAowthaM5MJMwhIQ1":{"chainKey":{"counter":0},"chainType":2,"messageKeys":{}},"BU94FKCaa4R4lytHt9QIiwHaAyr3h7DmKYx2P5/AE74k":{"chainKey":{"counter":0},"chainType":2,"messageKeys":{}},"BbFqSGOHV1BxI5PNXyUAaJUkauCm8LHjNMG/8DqFiMZe":{"chainKey":{"counter":0},"chainType":2,"messageKeys":{}},"BXxYy7dVPS6wA6wOHFCFWbpwfaPZrSze8Yj14RX8w1EF":{"chainKey":{"counter":0},"chainType":2,"messageKeys":{}},"Bc2qIYS4uzsmNZQ1MRJs+YFDvv3SyPc+gN0niplVwAor":{"chainKey":{"counter":1},"chainType":2,"messageKeys":{}},"BctNC3tZAN4qW54NFuXvdvL9A1daRGIKdorr4RZZxc5v":{"chainKey":{"counter":0},"chainType":2,"messageKeys":{}},"BcrnoBrrOF/I9UkHu+USaUoY8GHbc0L22mtBSEg34cYa":{"chainKey":{"counter":5,"key":"g9pRPhsXyOstZmGnREbuaCcYhgyzpiXse0RhCMXigfY="},"chainType":2,"messageKeys":{"0":"Auec1inmfb3NzNe8Pg/Ke6DqOa6rvvxchLmLiUfGe18=","1":"jPGRWMXHyDXS+IwIj64i8fBYkagoSEtHy0QJsj0qhfw=","2":"HBv7Qf0G/kzOcH8dZNdmxHBG1HOg0H7QXOTkuEObEeY=","3":"g/j6q+Sn61Cx1loWOpzGrCtX6ySIYxb3eVMIel0kGqw=","4":"NhI4qJJ8H/19n4nIfJLM1GDVq0wbUrDT8ristnQCt6M="}},"BXX0ZJ+tvNDMAW3NreOncMdPMdm5o/fGoWXSKBQ/5xJm":{"chainKey":{"counter":0,"key":"ZmfPKrS6/guI8dZRFYBZgM+sPnqhB0SqC0AAVSoPDwM="},"chainType":1,"messageKeys":{}}}}},"version":"v1"}