{"_sessions":{"BSy/X+PwHIjmgwdvhzWOTe2iTYidur/+nVMtvpxVFlcT":{"registrationId":1458188823,"currentRatchet":{"ephemeralKeyPair":{"pubKey":"BaUsI/U/j5dfnG8cQJqXdQ/kd7o81VO6UZ9pnZ8stj9x","privKey":"KFDYNpnypUX6bxIQinyH+Td6GhZdjrsSZ/RNxyA0qXk="},"lastRemoteEphemeralKey":"BXw2SdIl7z4AZZcGZNM4t5R/4Ut3bUctYANL5Y4Cj2xe","previousCounter":0,"rootKey":"4U20/RMagGhluAFsaGjlrtEv+ekj1XUqkkt7Lap8gys="},"indexInfo":{"baseKey":"BSy/X+PwHIjmgwdvhzWOTe2iTYidur/+nVMtvpxVFlcT","baseKeyType":1,"closed":-1,"used":1742183599496,"created":1742183599496,"remoteIdentityKey":"BQU764Bu6Kf3M/AZ8ZsFUEGUqrLDpaht48zSKQKhVN4A"},"_chains":{"BaUsI/U/j5dfnG8cQJqXdQ/kd7o81VO6UZ9pnZ8stj9x":{"chainKey":{"counter":16,"key":"9hDjULpAIVpN4MGlEqwtvRQY95d6TzKOKMC9lX4gw4I="},"chainType":1,"messageKeys":{}}},"pendingPreKey":{"signedKeyId":1,"baseKey":"BSy/X+PwHIjmgwdvhzWOTe2iTYidur/+nVMtvpxVFlcT","preKeyId":827}}},"version":"v1"}