{"_sessions":{"BagkJRPchjbiTPJEDqQy6D1HK31hNzUxUN64HXb4et4O":{"registrationId":3199,"currentRatchet":{"ephemeralKeyPair":{"pubKey":"BRSU9O5/qDkOZHYMUfyUNExOK+8aBYjls5+KvdOnwXEQ","privKey":"UB3uoZ88lHEbnrKYL40nQiE1WbmCAKDmJtuwLSbd3F4="},"lastRemoteEphemeralKey":"BWGKSheGeod1ytOGrMfgQvwcUJB33wRpfmtBDQ/hRadY","previousCounter":0,"rootKey":"Z4RCur3ITsYg9/2LTDFw3xxUwg9ajOJ5sPysnAVSPho="},"indexInfo":{"baseKey":"BagkJRPchjbiTPJEDqQy6D1HK31hNzUxUN64HXb4et4O","baseKeyType":1,"closed":-1,"used":1742183562415,"created":1742183562415,"remoteIdentityKey":"BbH3BgcmBqmYTjYN2LHV/+1yHEdVmhqTM659QQSQDOwF"},"_chains":{"BRSU9O5/qDkOZHYMUfyUNExOK+8aBYjls5+KvdOnwXEQ":{"chainKey":{"counter":21,"key":"uqKkvIkmtIV2fvJoiAaHO1gV/9WH4wWZ1BXtEVo2NKQ="},"chainType":1,"messageKeys":{}}},"pendingPreKey":{"signedKeyId":1,"baseKey":"BagkJRPchjbiTPJEDqQy6D1HK31hNzUxUN64HXb4et4O","preKeyId":581}}},"version":"v1"}