{"_sessions":{"BVdDTolBOHZ990tuOqUsAYyB1wR7gfW0EIdufNevOoBA":{"registrationId":1148516975,"currentRatchet":{"ephemeralKeyPair":{"pubKey":"BZtEu8vJigb3xOr//eCi5EYO6SOqKM9BtJHogeohMVwS","privKey":"YH06NhZ+dWpneEa/QIXI5HRGX+97wVO3MPzgmRgOeFc="},"lastRemoteEphemeralKey":"BQ2HZ1LBRnmi4FxUBESyaX6BtCo0lB4/zbsX3wxz8rlP","previousCounter":0,"rootKey":"4Aswl+8O1x8uMdatdnpIhGUmIbeitozOiQ9smp1croY="},"indexInfo":{"baseKey":"BVdDTolBOHZ990tuOqUsAYyB1wR7gfW0EIdufNevOoBA","baseKeyType":1,"closed":-1,"used":1742183734084,"created":1742183734084,"remoteIdentityKey":"BZShzjDbLGOONsoUUw1UWQLqerFiP6EuK2NiC07nw5gP"},"_chains":{"BZtEu8vJigb3xOr//eCi5EYO6SOqKM9BtJHogeohMVwS":{"chainKey":{"counter":11,"key":"Qiqm4NVgNehZRev8FuIug5LJVvmopjV44S8cy8L4wzo="},"chainType":1,"messageKeys":{}}},"pendingPreKey":{"signedKeyId":1,"baseKey":"BVdDTolBOHZ990tuOqUsAYyB1wR7gfW0EIdufNevOoBA","preKeyId":859}}},"version":"v1"}