{"_sessions":{"BTCoNNUkR0W4iGpqHL1SeuPsUETkVpJFlI+ZnK1ZyfxQ":{"registrationId":52067334,"currentRatchet":{"ephemeralKeyPair":{"pubKey":"BU2MTE+fuandAB3Aej0M9vI+NCKAArD5RE1LO+iJA6oV","privKey":"iEvzyRPA1PX7AdhaHqfmXo1mJVZtAPcyuJO9lEDvsVo="},"lastRemoteEphemeralKey":"BVvXPk5mAeFX4w9Ubuidehe2QSZELDDkMXQLifmg44BF","previousCounter":0,"rootKey":"kqQ2jY/tVMt2q5J2Wvo1mYwwHngC2EhuO0ziDG8qaqo="},"indexInfo":{"baseKey":"BTCoNNUkR0W4iGpqHL1SeuPsUETkVpJFlI+ZnK1ZyfxQ","baseKeyType":2,"closed":-1,"used":1742788388853,"created":1742183491275,"remoteIdentityKey":"BW7ZxI+AN8dzBjm5zKjDJKwMIkKptLEkhWht4J/YDN5R"},"_chains":{"BXfYOJqczauCJ+YRgTwpQng+cBPuSlYBCc8BhXryS8ND":{"chainKey":{"counter":2},"chainType":2,"messageKeys":{}},"BRwnByhBHubOeUNcF3jdCOoejHYUvoNgsajWyjwBW3tv":{"chainKey":{"counter":0},"chainType":2,"messageKeys":{}},"Besg9q4JZd/zQmL2gNOuDonWsLnr0jpVP63Cb5g/KVEA":{"chainKey":{"counter":0},"chainType":2,"messageKeys":{}},"BcEE631EsG9I4EsPEhxU0FETRG1EpMZQ89lP5vIVwxM2":{"chainKey":{"counter":0},"chainType":2,"messageKeys":{}},"BWQ85+DJu5naqpLZoVAHfrCkHDxjxYC7sD8tVaXARxRt":{"chainKey":{"counter":0},"chainType":2,"messageKeys":{}},"BXguU7JMVIcn3W5wgUviyVlExQhccwFQMf3Ixxg3d0Fw":{"chainKey":{"counter":5},"chainType":2,"messageKeys":{"0":"YKLY3Wa+MzI/IH2FpBDe5rF7CG816z30uNsUAXhGIRQ=","1":"DsfVMlnSx0FvZNvoUN1Q4ZN4PC5tJYXQL/hPzRgTg7A=","2":"VcR0c7dUCNtTqddv2auUJ0YD3FGZqZZxCTexKDHyJPU=","3":"BhdTfM39686pnwgwQL+Y2iePMjHP4WG0QciWXLt2PAo=","4":"elZMsw9C1gSSeqRUYW4mwoWMLha55IHXHtwL3MF3sRI="}},"BVvXPk5mAeFX4w9Ubuidehe2QSZELDDkMXQLifmg44BF":{"chainKey":{"counter":0,"key":"jt7IAz4zYDk48iFgUYSDxSjEKgKDK/ZYxfgUmNc767g="},"chainType":2,"messageKeys":{}},"BU2MTE+fuandAB3Aej0M9vI+NCKAArD5RE1LO+iJA6oV":{"chainKey":{"counter":0,"key":"Wg/xzDsDs2mbppkgPzdGRMDLT+BJUH/YmPNfm1+vmDE="},"chainType":1,"messageKeys":{}}}}},"version":"v1"}