{"_sessions":{"BajZuZjSM9jCFcPd8jZcxGgfHhEieDNOx7nLtrmsxmZX":{"registrationId":2122731403,"currentRatchet":{"ephemeralKeyPair":{"pubKey":"BV8dxrer+O+6gUskJKcWZFpNRhn7azlqWMsy50XzY3sR","privKey":"ADYspQZj07hf1wfBfn/zRvMUtMckqTxeM8qCgWUFp0w="},"lastRemoteEphemeralKey":"BXFh9GI1PYSAa86KBMgrttQIGWpxvx9+1sc3le1YntQh","previousCounter":0,"rootKey":"CdfedvJ1Nl5QQCSocoWsOGDyXhJwuFM+qrwOCTERvz0="},"indexInfo":{"baseKey":"BajZuZjSM9jCFcPd8jZcxGgfHhEieDNOx7nLtrmsxmZX","baseKeyType":2,"closed":-1,"used":1742865826613,"created":1742865732762,"remoteIdentityKey":"BeCSniR5mBiqvEDeGesrTRbzl7eysNWPM+PsgNCpapkA"},"_chains":{"BcP0lSK06yWsGho+7DjW7GVtcW9E31dBM9edDcL+KdME":{"chainKey":{"counter":3},"chainType":2,"messageKeys":{"0":"2TJfrQjGdhk0Zk34f/UzN93ujFbd5rcwYp+7lkpY0U4=","1":"Sg3xHQPbRGy9P6bobpFs/bws1LwoJLSaCmPXwDkS0dQ="}},"BSq1isN8kjpLid37sWcseANCKiuG2HPAlUlU8ZOpGzIT":{"chainKey":{"counter":0},"chainType":2,"messageKeys":{}},"BXu2kTA3iRqnm1eTSag5d5R+3nJ5TYqFdadfaI/pnBFw":{"chainKey":{"counter":0},"chainType":2,"messageKeys":{}},"BSw594Zj58gp7whyOURhLkoQ/13ZT/SIrkdbZx6iyfou":{"chainKey":{"counter":0},"chainType":2,"messageKeys":{}},"Bd8dy5M9VSDIy7SsXW1ibuh2eZBRUssPLNGSi6LoeYF1":{"chainKey":{"counter":0},"chainType":2,"messageKeys":{}},"BSgNyO7U09Z3yjLrbXft74PVRlJgJFAPZTQknEGNGhN5":{"chainKey":{"counter":0},"chainType":2,"messageKeys":{}},"BXFh9GI1PYSAa86KBMgrttQIGWpxvx9+1sc3le1YntQh":{"chainKey":{"counter":0,"key":"vTpn9y5K2vGxKzLhVA0zKa8OTVEpUFLzwVfgjrWQmw4="},"chainType":2,"messageKeys":{}},"BV8dxrer+O+6gUskJKcWZFpNRhn7azlqWMsy50XzY3sR":{"chainKey":{"counter":0,"key":"7wnTd7Q+yEvbkl56lMUh9Rxjl3wgMRf7ZdFlvtapKes="},"chainType":1,"messageKeys":{}}}}},"version":"v1"}