{"_sessions":{"BU9FgP4YyHDqaTOk+H9lo3EmrqBw9Nhhtemc54ePAs4k":{"registrationId":1855252436,"currentRatchet":{"ephemeralKeyPair":{"pubKey":"BURACqxx2WK6C/dsAJOKSmwmhsG6VvavvBXyYE9k3sIB","privKey":"wKjI4A1PMECzgzMaTBGWMUTaj4c/JieAnWuEQsUR5nI="},"lastRemoteEphemeralKey":"BSXB2lJpD1JheNWaRuJfeIBtu0Pu9XajiwchL9MWOOoL","previousCounter":0,"rootKey":"HA/Fft1gwq1D7uBFtNn7M6pRLSQCMr5RmBl+4QgxCZI="},"indexInfo":{"baseKey":"BU9FgP4YyHDqaTOk+H9lo3EmrqBw9Nhhtemc54ePAs4k","baseKeyType":1,"closed":-1,"used":1742183539866,"created":1742183539866,"remoteIdentityKey":"Bble6UA83KIVMSIG951FJGV8hpFdAsvwjeJLFF1z6G47"},"_chains":{"BURACqxx2WK6C/dsAJOKSmwmhsG6VvavvBXyYE9k3sIB":{"chainKey":{"counter":11,"key":"oEmTl8KW1g3sclDX8LllxRVNpkUMR7lsvVbbp6iX2Sk="},"chainType":1,"messageKeys":{}}},"pendingPreKey":{"signedKeyId":1,"baseKey":"BU9FgP4YyHDqaTOk+H9lo3EmrqBw9Nhhtemc54ePAs4k","preKeyId":360}}},"version":"v1"}