{"_sessions":{"Bc9KvOmSky04odk5GAWMY1F3qHDLfPe9Jo9cEgj8vghd":{"registrationId":496940963,"currentRatchet":{"ephemeralKeyPair":{"pubKey":"Ba/4czi0eqNU5g9iHiwB5iAjITdnKaXvMCaNhPMR+aA8","privKey":"iCV2MdqS6hmsVm4I9rpqfNAQrMHi9z1l8BR2cMY66UQ="},"lastRemoteEphemeralKey":"BX6CDCwJCkqSZAsCodmOq+2A8ZW6zlTr0lrDAYR07wZe","previousCounter":1,"rootKey":"K7Ohatir337BqENmysuPP3AMGQixcp6ge1sJr8VCwyw="},"indexInfo":{"baseKey":"Bc9KvOmSky04odk5GAWMY1F3qHDLfPe9Jo9cEgj8vghd","baseKeyType":2,"closed":-1,"used":1742865338671,"created":1742260084910,"remoteIdentityKey":"BZHTiN02kVsMxX/gecUMAOJ4/gUHbVzPT8f6xEqjNkRo"},"_chains":{"BYx+CmgawU+5dqPqwVWg9WwYPtJVMHYU5vVjtEeaVuhd":{"chainKey":{"counter":0},"chainType":2,"messageKeys":{}},"Bc8XGX2Ex8ycLDtZMhEtxPImbbdVpxV0D8GgFLUMS6RI":{"chainKey":{"counter":0},"chainType":2,"messageKeys":{}},"BaeATm8/BFGFFppjdBJULgobL0L/0Lx+Y5DVYJIrOxt6":{"chainKey":{"counter":0},"chainType":2,"messageKeys":{}},"BYfmqsHu/pQUmXbt5+C6GqgJW6a1rufwfQvVv61jQOR1":{"chainKey":{"counter":0},"chainType":2,"messageKeys":{}},"BX6CDCwJCkqSZAsCodmOq+2A8ZW6zlTr0lrDAYR07wZe":{"chainKey":{"counter":0,"key":"C6RbjLVEk9kyOXk8OF3b6eTBcMziisk8mpSs/WFbd+8="},"chainType":2,"messageKeys":{}},"Ba/4czi0eqNU5g9iHiwB5iAjITdnKaXvMCaNhPMR+aA8":{"chainKey":{"counter":0,"key":"EgJ0g3/7BsBJZ4R94JdG0v899P9fcM9OdBZXukC1ETc="},"chainType":1,"messageKeys":{}}}}},"version":"v1"}