{"_sessions":{"BcIoW7uJbf9tNkHA16t3jPzoj576SZP/tZVIA5Wlr/hp":{"registrationId":1600209423,"currentRatchet":{"ephemeralKeyPair":{"pubKey":"BWi0shmucXfm0x/tWocaXKEzPI6lKqxOwXfvQeHv2IYv","privKey":"+POn7EKdL4kS8Qi9HX5irA5z8GmbGQwmBiwyourtW1E="},"lastRemoteEphemeralKey":"BW3epcyW8LhlxcUOzExSx1gFfEEwz1H70Tl8YwFCEgZ8","previousCounter":0,"rootKey":"TgQrg0VrbBuBff9IdJF2q8dX2qLeXGg88BdFk+7dYFU="},"indexInfo":{"baseKey":"BcIoW7uJbf9tNkHA16t3jPzoj576SZP/tZVIA5Wlr/hp","baseKeyType":2,"closed":-1,"used":1742865238009,"created":1742259755270,"remoteIdentityKey":"BfYI1kXA9Is2fdLlFRBb6y6aestfr4eszlTe4rHsjvc4"},"_chains":{"BVddFSNUu79HkP2vx7Q/pyxkhee92/OeuohIB+KwvAJi":{"chainKey":{"counter":0},"chainType":2,"messageKeys":{}},"BXbckI+3/T4ws7Uab45qxuurUABq49qgdrNQm1yvXk4j":{"chainKey":{"counter":0},"chainType":2,"messageKeys":{}},"BXLhzXY+Er7d5X7+He0jXYzzNjhDoWn0xR1BXzJKusJo":{"chainKey":{"counter":0},"chainType":2,"messageKeys":{}},"BY0gNIhtRZOobdQ+TjxffwCG+u4qdP7+RObnLIlY6VIc":{"chainKey":{"counter":0},"chainType":2,"messageKeys":{}},"BXIaYgrPmKnZxEV8G32U+tYdI27tKnhEFtdnkck3xJYP":{"chainKey":{"counter":0},"chainType":2,"messageKeys":{}},"BewVXCKwmdOTXTUE13jVn6dSAF0lJhddjzX7/D9OzJJn":{"chainKey":{"counter":0},"chainType":2,"messageKeys":{}},"BaiXSNTivVJschcpvsnxoyCWSNe92AFgKtXIXseo+t87":{"chainKey":{"counter":0},"chainType":2,"messageKeys":{}},"BQNMQDrtLlwXKaAkiKGu+K5plFojdZGbeV5bZc50jhxY":{"chainKey":{"counter":0},"chainType":2,"messageKeys":{}},"Be4uOeqs0CGrymsDHTWxcFg/ZXNWGnVJbmZ2PrhO4vYC":{"chainKey":{"counter":0},"chainType":2,"messageKeys":{}},"BXbIf3jYWa13p6v/lnRZj2hHg59hUe/w9sWXcQlVYO9R":{"chainKey":{"counter":0},"chainType":2,"messageKeys":{}},"BW3epcyW8LhlxcUOzExSx1gFfEEwz1H70Tl8YwFCEgZ8":{"chainKey":{"counter":0,"key":"GRtJ6Ric/zk/L2XQn0Gc3b7Mc6uNmzaziyftA593k/U="},"chainType":2,"messageKeys":{}},"BWi0shmucXfm0x/tWocaXKEzPI6lKqxOwXfvQeHv2IYv":{"chainKey":{"counter":1,"key":"1CHpBcdQee340nTMFfOFkPg0cCeq4q63f538ZDFcI3U="},"chainType":1,"messageKeys":{}}}}},"version":"v1"}