{"_sessions":{"BajT7iFe7Ez3w62GUXlF3OTCU9V9KcTX2SoDFi5mATFh":{"registrationId":824377227,"currentRatchet":{"ephemeralKeyPair":{"pubKey":"Baqhd1NVKxyD1WKbVBf1tV8bHtdODEsAA27dL0IJteNH","privKey":"IJqfpr+yYtXId/XVZLCqaq2htwpsYl+qvhHzuzI43EQ="},"lastRemoteEphemeralKey":"BcrDxxqLvzEAec4DtIkJZd8kAHrPCZiNG165Rm0Zla9c","previousCounter":0,"rootKey":"jI4EjODbO0JWCf+y5Qf843txs3UmvB9XcnC14zIX2As="},"indexInfo":{"baseKey":"BajT7iFe7Ez3w62GUXlF3OTCU9V9KcTX2SoDFi5mATFh","baseKeyType":1,"closed":-1,"used":1742259853048,"created":1742259853048,"remoteIdentityKey":"BVtCWmCc1SF696+zQM2FOgtFdz+W3OHcue158IxAPKly"},"_chains":{"Baqhd1NVKxyD1WKbVBf1tV8bHtdODEsAA27dL0IJteNH":{"chainKey":{"counter":7,"key":"rzLupjsuFSfDK6ldAOoqke/j4DZLwnXgZ4voq6K1fH4="},"chainType":1,"messageKeys":{}}},"pendingPreKey":{"signedKeyId":19,"baseKey":"BajT7iFe7Ez3w62GUXlF3OTCU9V9KcTX2SoDFi5mATFh","preKeyId":2390}}},"version":"v1"}