{"_sessions":{"Be+60bDByNiEesYci8ShtI9cOIFYEqJDtKlJSd5izfpM":{"registrationId":9987176,"currentRatchet":{"ephemeralKeyPair":{"pubKey":"BcpfRlwBuEoj0h/aYWQ5TOMadJiCG/fghOdilDTTK8Y6","privKey":"EN94leaPJHwWu0KiArdL7K22bMuxSnZguVWZiNcqN3w="},"lastRemoteEphemeralKey":"BfjLscIMQ9sSKZogYe2ctnEHc4etoIB3WfZ3P6ZH1mkk","previousCounter":0,"rootKey":"HaDo5zoAY4AgGxpUbbhSJmMCj86u7J0mG6oAR9FLQjs="},"indexInfo":{"baseKey":"Be+60bDByNiEesYci8ShtI9cOIFYEqJDtKlJSd5izfpM","baseKeyType":1,"closed":-1,"used":1742260171393,"created":1742260171393,"remoteIdentityKey":"BRf9rBBvoHsihCAH6OLM2ET+bbvrM8AnA3bRqLARkPQW"},"_chains":{"BcpfRlwBuEoj0h/aYWQ5TOMadJiCG/fghOdilDTTK8Y6":{"chainKey":{"counter":15,"key":"/0IDfqZqSq1Xu6kCWUZnZx3E/O2iyAjqUsdaXk6nMAY="},"chainType":1,"messageKeys":{}}},"pendingPreKey":{"signedKeyId":1,"baseKey":"Be+60bDByNiEesYci8ShtI9cOIFYEqJDtKlJSd5izfpM","preKeyId":105}}},"version":"v1"}