{"_sessions":{"BTMAhGJEusna9rpTIIhJuPQAsmeRZsDMZOzANPQzlu4j":{"registrationId":1173859481,"currentRatchet":{"ephemeralKeyPair":{"pubKey":"BbSa6lAQbvZW4H8mVUjciifhGGFUphMPk5m4nm6YXtto","privKey":"CD17GO5VodPyOzpSfYpbtlp9/357XFm4CAiYefkPC2k="},"lastRemoteEphemeralKey":"BbcI/3ytXN4VT3GjVNmCpkJ7d4l6Kj7omtP+jekhJJId","previousCounter":0,"rootKey":"iVVW0Z1AhykhuM9FrUlMllrXZyRuxFy8KtiAuP3mFPs="},"indexInfo":{"baseKey":"BTMAhGJEusna9rpTIIhJuPQAsmeRZsDMZOzANPQzlu4j","baseKeyType":1,"closed":-1,"used":1742183671060,"created":1742183671060,"remoteIdentityKey":"BQCSVnCi6dHkwFi/s9vDMGrT3y8KRzYZX3XN93X7/c4M"},"_chains":{"BbSa6lAQbvZW4H8mVUjciifhGGFUphMPk5m4nm6YXtto":{"chainKey":{"counter":10,"key":"aQDGmWcJWRmT39fpOhgqpQjAaFOUfk0JKkPFpqTzlvQ="},"chainType":1,"messageKeys":{}}},"pendingPreKey":{"signedKeyId":117,"baseKey":"BTMAhGJEusna9rpTIIhJuPQAsmeRZsDMZOzANPQzlu4j","preKeyId":2604}}},"version":"v1"}