{"_sessions":{"BUfefB5TgowYtUtysgFLPgA+0Uy4qcaI2NCAFVMyI9db":{"registrationId":1716539040,"currentRatchet":{"ephemeralKeyPair":{"pubKey":"Bdw05gMLHtpYAEfR4zz8CEKifYJ04PfSDT3sMVsQ57MB","privKey":"OIceZyHaI8lVtx27ShUE2FaZ86ZbWyVueUxUVbcNsUA="},"lastRemoteEphemeralKey":"BTJLQI0e5sIhDCJ3qoaQwJWRjMSGHelI881zG1JJKd08","previousCounter":0,"rootKey":"WNmm5cdL5stxDowWA+acSXISUc7C+fGu3TfFvvVL/sc="},"indexInfo":{"baseKey":"BUfefB5TgowYtUtysgFLPgA+0Uy4qcaI2NCAFVMyI9db","baseKeyType":2,"closed":-1,"used":1742865489236,"created":1742865489236,"remoteIdentityKey":"BU+JSLidzXGbKADCIns5ONLdnVtKccrhjzrK+TZbt/0v"},"_chains":{"BTJLQI0e5sIhDCJ3qoaQwJWRjMSGHelI881zG1JJKd08":{"chainKey":{"counter":0,"key":"UhitBwRLCo43z+ABsfussBiDNFekYOaX2mgdO3yWL/8="},"chainType":2,"messageKeys":{}},"Bdw05gMLHtpYAEfR4zz8CEKifYJ04PfSDT3sMVsQ57MB":{"chainKey":{"counter":0,"key":"L8KfrRPv06L4Tennlf+Ss4t0Q/xvVAzC+G2m0Ai+ghs="},"chainType":1,"messageKeys":{}}}}},"version":"v1"}