{"_sessions":{"BW+CiLmzPnjWo0xslQxolVz4c8Y705ANgsgreAN7Wz4t":{"registrationId":893892619,"currentRatchet":{"ephemeralKeyPair":{"pubKey":"BadPFS5q0e2L9mk/daVb71JKEWj9bOOXwVIIKllZ2FU0","privKey":"+KQVYIJSI6Vs/1ANrANlf8heyHCL3rBK7uXytZxpCWM="},"lastRemoteEphemeralKey":"BSlAEH4ZVM0BbvrKKB/5yxrJdVKIVU/MXbmkS5YpIcZF","previousCounter":0,"rootKey":"esdjGGEypcEJ9BZ7u4hK8HKWV/CV1CRZZVfM1gIdp3U="},"indexInfo":{"baseKey":"BW+CiLmzPnjWo0xslQxolVz4c8Y705ANgsgreAN7Wz4t","baseKeyType":2,"closed":-1,"used":1742867929663,"created":1742259744582,"remoteIdentityKey":"BZoiL9jlR8GRT8PFarbbmbVo08c9DLviwTWw5J3VuHhh"},"_chains":{"BV87er/rB2JwLvQod16rPod3VJQJUr704nDFSMCwmJAD":{"chainKey":{"counter":0},"chainType":2,"messageKeys":{}},"BbSTgHTY3iKvtIxFmYRYAhNOfqM25Fr2fN9qQAmcrqRC":{"chainKey":{"counter":0},"chainType":2,"messageKeys":{}},"BaTYicxxN/gYfG8UGiMsXR1xC1WVJhVChTXBdWU6x8ps":{"chainKey":{"counter":0},"chainType":2,"messageKeys":{}},"BZ5MIRtYO1y2rjjFY9fiVzsjw4dmtQv8MHMaL+wRXu0G":{"chainKey":{"counter":0},"chainType":2,"messageKeys":{}},"BVfQymrfybu/+hS8eqcp3zl/B0GSXOAMJgBxBUHd2u16":{"chainKey":{"counter":0},"chainType":2,"messageKeys":{}},"BWXcAUd15A9Gtdf5IOAw7l0mVG0QA9A86TEaPyDZCz90":{"chainKey":{"counter":1},"chainType":2,"messageKeys":{}},"Bc6nlWP/vy72bht/2tqxEAl8h7dJAYBTzs+t+YV9m8wW":{"chainKey":{"counter":0},"chainType":2,"messageKeys":{}},"BavszoNBD5+Mzi5Gh2SA7WBVzCMbIZFEXpRY70cqRksv":{"chainKey":{"counter":0},"chainType":2,"messageKeys":{}},"BU8UAIc03nLlmgYklHGOMihhMMUafQnb9bwRmDNdQhpR":{"chainKey":{"counter":0},"chainType":2,"messageKeys":{}},"BSlAEH4ZVM0BbvrKKB/5yxrJdVKIVU/MXbmkS5YpIcZF":{"chainKey":{"counter":0,"key":"xEkPCzVvUYqgiy9J1zP8FNDs8T20zmhdi1kdIrZQf2o="},"chainType":2,"messageKeys":{}},"BadPFS5q0e2L9mk/daVb71JKEWj9bOOXwVIIKllZ2FU0":{"chainKey":{"counter":0,"key":"yff7YhWr0Of+zuDqaZOAXrgDKStVdGP0+nzQGu5bvgw="},"chainType":1,"messageKeys":{}}}}},"version":"v1"}