{"_sessions":{"Bf+fGJocPzDmEAToGQwwRNxJEmQ9ateKQcLDDE7CpH8I":{"registrationId":6268,"currentRatchet":{"ephemeralKeyPair":{"pubKey":"BRU58TZJql5sXn8QibPCo7YYDQ7k9h6e/pij+7052Dkv","privKey":"6BnTThQY430OWkmaww7v80YsM2PdPvURamtcAzUNGEM="},"lastRemoteEphemeralKey":"BdzrJhq3LReCls7LqwcmMmdF3/pZ+gqGNa7AXp49yJ54","previousCounter":0,"rootKey":"CkhGqaXIfXFR9euqMoKhyOTPz5nRGM6uI4jfuIDnqqg="},"indexInfo":{"baseKey":"Bf+fGJocPzDmEAToGQwwRNxJEmQ9ateKQcLDDE7CpH8I","baseKeyType":1,"closed":-1,"used":1742260171385,"created":1742260171385,"remoteIdentityKey":"BaiAAuBj/H6GsLdCPdh7a+p3IyhuD6bt1B78wv+266N9"},"_chains":{"BRU58TZJql5sXn8QibPCo7YYDQ7k9h6e/pij+7052Dkv":{"chainKey":{"counter":15,"key":"mVFKRexjkkDdsedxXxTEKuDMiBRWLrKr0nrNTH5NFMw="},"chainType":1,"messageKeys":{}}},"pendingPreKey":{"signedKeyId":1,"baseKey":"Bf+fGJocPzDmEAToGQwwRNxJEmQ9ateKQcLDDE7CpH8I","preKeyId":865}}},"version":"v1"}