{"_sessions":{"BS/DfZbFo1fT2mi4TUKNkFXMKVhbQ/d6TiD4KgBngkoP":{"registrationId":1372705379,"currentRatchet":{"ephemeralKeyPair":{"pubKey":"BeV+1+ENtg0hCa3HsU3xVPXtz01/zT+eJqKpHujNKiIb","privKey":"4DgpV4lePmzz3JGddzBRJ1+sdBsqDC5YSUg7gFQ95ks="},"lastRemoteEphemeralKey":"BZ9zc2LcVdjKId44vz78NKlLj8IqF1ugdVZU2UPFiWNT","previousCounter":0,"rootKey":"jd8VxWm4im6eml4oJfpxNXABLobQ3U1YeYYdk1Q5Wg8="},"indexInfo":{"baseKey":"BS/DfZbFo1fT2mi4TUKNkFXMKVhbQ/d6TiD4KgBngkoP","baseKeyType":2,"closed":-1,"used":1742867485352,"created":1742867215047,"remoteIdentityKey":"BeG/a5MsaLPst+g54k6wxBabVtF3lStfQA7p1TH1l1Zs"},"_chains":{"BXTwtD5dsNRfHNZCbmiQKG/12/XLa+SRnXDen49lW69N":{"chainKey":{"counter":0},"chainType":2,"messageKeys":{}},"BUEIC5nbP152L63B2RYrDrU7oahjc8GHLtB5+wWvF3NG":{"chainKey":{"counter":0},"chainType":2,"messageKeys":{}},"BdEs15DHquk52EuxsezSQN/1WBoC9fnQRv+0y2h1ud8b":{"chainKey":{"counter":0},"chainType":2,"messageKeys":{}},"BYqvlb+44zhBQ9DjEgajxidboHYYYzwS6oUBSDhnOTM4":{"chainKey":{"counter":0},"chainType":2,"messageKeys":{}},"BTuxYoBPxEJ1WAizASkHZ0hud6VHSys41g9mg/GSEDtH":{"chainKey":{"counter":0},"chainType":2,"messageKeys":{}},"BRm+557nGLOSOfs/UzN8azGcGpRgXE5kFOrZLk0/qWNO":{"chainKey":{"counter":0},"chainType":2,"messageKeys":{}},"BZ9zc2LcVdjKId44vz78NKlLj8IqF1ugdVZU2UPFiWNT":{"chainKey":{"counter":0,"key":"8URbWNRRF1ikFDWPiHt9bg9I/ZRUC3rILB0N9gQHDZU="},"chainType":2,"messageKeys":{}},"BeV+1+ENtg0hCa3HsU3xVPXtz01/zT+eJqKpHujNKiIb":{"chainKey":{"counter":0,"key":"wbQos5zTfAFhD2Bi7GO2bI7xDeeN2DJYZrM3cqeAtlE="},"chainType":1,"messageKeys":{}}}}},"version":"v1"}