{"_sessions":{"BRkHdH4edVBbhNW6IYkL23JOGOHlWjgGqdCmFaRg28pR":{"registrationId":8439,"currentRatchet":{"ephemeralKeyPair":{"pubKey":"BYfv9QjGPEwBrclBqZwitX1+rBb2XGQRQfAs3Z9AcyBL","privKey":"wDss+q6KLS+K55yXHvcbAMUnZ2iz8g/+/rz/eE+pUn4="},"lastRemoteEphemeralKey":"BatwrJLCynXLx8xK7UFFDo95V1pe6Wea3hRMjVIrHMVZ","previousCounter":0,"rootKey":"v4ejY43vB76ILSbbWFTpdAG5W6q5Lj5kWe8qGSJOCUI="},"indexInfo":{"baseKey":"BRkHdH4edVBbhNW6IYkL23JOGOHlWjgGqdCmFaRg28pR","baseKeyType":1,"closed":-1,"used":1742183562408,"created":1742183562408,"remoteIdentityKey":"Bc9xv6mEH2lxVb0n3dDyvoKec8kq1Lg74XSmZJ0rcYUY"},"_chains":{"BYfv9QjGPEwBrclBqZwitX1+rBb2XGQRQfAs3Z9AcyBL":{"chainKey":{"counter":21,"key":"6qE01bfP7Ms7fV0g3DJvH3wCl/yLw2CcS4ZozFRl/rs="},"chainType":1,"messageKeys":{}}},"pendingPreKey":{"signedKeyId":1,"baseKey":"BRkHdH4edVBbhNW6IYkL23JOGOHlWjgGqdCmFaRg28pR"}}},"version":"v1"}