{"_sessions":{"Ba6dYPhYYjBXlM/z3X/ysSlfoyLzMuTOXfmn66VbCV0f":{"registrationId":1621629587,"currentRatchet":{"ephemeralKeyPair":{"pubKey":"BW8cJZFVLt2HwbLzCdmy+9fC6GuyNJE+J3IH/HEhrf5A","privKey":"AOY3gGmxTGmoEdGzZHOQQqr+5bXEnLXIx9LZUeF34no="},"lastRemoteEphemeralKey":"BZWtJr+YanYCfsrrCgZZ93dCPlyI0vRQXVZwtxHJopIA","previousCounter":0,"rootKey":"fVaMeAmq5zHLO9gcmWtBwACCCb2/MR6Pzm135XdlQpA="},"indexInfo":{"baseKey":"Ba6dYPhYYjBXlM/z3X/ysSlfoyLzMuTOXfmn66VbCV0f","baseKeyType":1,"closed":-1,"used":1742788195643,"created":1742183635807,"remoteIdentityKey":"BVhg7VkT6L+l/KtXSKfgSuPyIZx5aIg0ltkXb6VQsClo"},"_chains":{"BXILTkzE37MTxdbEdG0lFELwd43J9VW857rSNDzkLaNJ":{"chainKey":{"counter":1},"chainType":2,"messageKeys":{}},"BZWtJr+YanYCfsrrCgZZ93dCPlyI0vRQXVZwtxHJopIA":{"chainKey":{"counter":0,"key":"ZYrFsR96iEjHkvaXSpUbh0PjzOJw318FeX+CSTUPOSc="},"chainType":2,"messageKeys":{}},"BW8cJZFVLt2HwbLzCdmy+9fC6GuyNJE+J3IH/HEhrf5A":{"chainKey":{"counter":1,"key":"ZcPN3XAxgPciGYiAdtFQoc4Iw784C8/GFYv9phsdaEA="},"chainType":1,"messageKeys":{}}}}},"version":"v1"}