{"_sessions":{"BZhdD2xjnRp5r+WJTAz8833yo6bYC/qxDftqEbxfiNAG":{"registrationId":558868236,"currentRatchet":{"ephemeralKeyPair":{"pubKey":"BW1C9YbFb1ZMz/g7ps3XfrNqdAX7nnc4XSH+nPHAT7lh","privKey":"YOR/3eTFlUQrmUMVmzOkV2eQmFFlEduXGMeleCxDfUo="},"lastRemoteEphemeralKey":"Be3vSeUsmk0OjjEGZ0Wx+EOF/0snD/jmR1YJvqlw1IFz","previousCounter":0,"rootKey":"9/o0aABjM8wvmB2/knP1dEdKkpsFZm7VJhxQi+787xM="},"indexInfo":{"baseKey":"BZhdD2xjnRp5r+WJTAz8833yo6bYC/qxDftqEbxfiNAG","baseKeyType":2,"closed":-1,"used":1742790626070,"created":1742185386773,"remoteIdentityKey":"BZLJrG+Wf7dsr1H02oxpH6DG83rtgZHv9iz2jEB8Fysg"},"_chains":{"BQeVVCU3TftssjbnmJ32LMU9ZDlVnYxbmlt0TkKsznZr":{"chainKey":{"counter":2},"chainType":2,"messageKeys":{"0":"hjUNrVpUgDdAJTNtgjvWKTXft+k8ftKPmMmP88P4BYM="}},"BY8J8UxVhYz+JMetTrX3/bPBiS4iZTotUuCNckJMgZoA":{"chainKey":{"counter":0},"chainType":2,"messageKeys":{}},"BW6eMrb4MFbWFOCzwuSKplOp692yRvsdQRjhZt83crE/":{"chainKey":{"counter":0},"chainType":2,"messageKeys":{}},"BSzUzJ2aTr3z7tf+BjPlUJ2Xx+M1Q8VKjHdR+BLlwv0p":{"chainKey":{"counter":0},"chainType":2,"messageKeys":{}},"BVwBqjife9ks5eUIGY8XQg0I6zqXllCcyasb/fEp1IRy":{"chainKey":{"counter":0},"chainType":2,"messageKeys":{}},"BVDRcmQE73l29aNJ0i0ZLK97myYfGPvtNOKIbor8YKwG":{"chainKey":{"counter":2},"chainType":2,"messageKeys":{"0":"U6TrkM1pGbzinl1iHdOVXHeN2UEJbMXG2gnaLjuFRNY=","1":"qriNwgKY4jVjxxehnG4dnjWPkYjwN8vv6CEPoV9rPSs="}},"BfN7UMjdaQcr5UHO4/mj6UgA0OiWYrZsSuYPS2cY63BA":{"chainKey":{"counter":0},"chainType":2,"messageKeys":{}},"BXaruIXGHMWWYD+TjDt9vV7qdoOGuUPIXQlwNTNGcnh1":{"chainKey":{"counter":0},"chainType":2,"messageKeys":{}},"BWGEo0RKtHeC6L7t5Wmn+JRG+YAoqphpobxlF7N7ff9i":{"chainKey":{"counter":0},"chainType":2,"messageKeys":{}},"BXBpnqSsTfOV26kxk5kwwnhsU2D08huKTo8QeGGU5AUC":{"chainKey":{"counter":0},"chainType":2,"messageKeys":{}},"BVetkY7b5s11WkS/W7qR6LlzNUfZjfx3yWr4Wgh9+xNX":{"chainKey":{"counter":1},"chainType":2,"messageKeys":{}},"BTS5Rp6asjJaBekfpmaZakckuifoyabMvjMZ3TKiHvIv":{"chainKey":{"counter":0},"chainType":2,"messageKeys":{}},"BVSL8KqBkIOFhtAiOKsky7tFCwH4WOVHFqYvFwvs9VFB":{"chainKey":{"counter":0},"chainType":2,"messageKeys":{}},"Be3vSeUsmk0OjjEGZ0Wx+EOF/0snD/jmR1YJvqlw1IFz":{"chainKey":{"counter":0,"key":"X1b2XvOQAlJsXMZjfPOr18vwpx5wO7mE1scidHtyjDE="},"chainType":2,"messageKeys":{}},"BW1C9YbFb1ZMz/g7ps3XfrNqdAX7nnc4XSH+nPHAT7lh":{"chainKey":{"counter":0,"key":"tWdgvNrb5qe5LZHYyidscXrtQOQ6FcqsLKIZDOW1Ybs="},"chainType":1,"messageKeys":{}}}}},"version":"v1"}