{"_sessions":{"BaIkKSYu9Sts906Bj2NUFSfRauO06aAzRaPMy6Y313wJ":{"registrationId":1592809267,"currentRatchet":{"ephemeralKeyPair":{"pubKey":"BaJQAt7rQv/2lxDp0DF5H4PuU+lf4QQlA1fbsYNjQ09R","privKey":"YIZf0xS/qoto5n8h7OFP5VUe9MDL52250ApTpk9qm3g="},"lastRemoteEphemeralKey":"BY9IOjv6qSExODMPB8bLj6+YY9BS/CtI2OImLp+HXDBT","previousCounter":0,"rootKey":"vfEUchCCHse/i4VnBCpQLlV954DAoSHc37sz8u5hMLQ="},"indexInfo":{"baseKey":"BaIkKSYu9Sts906Bj2NUFSfRauO06aAzRaPMy6Y313wJ","baseKeyType":1,"closed":-1,"used":1742185405975,"created":1742185405975,"remoteIdentityKey":"BV6xGUF4ZLPAVacFIwsNOHtEwvFq17knmRzkWdiZCQdK"},"_chains":{"BaJQAt7rQv/2lxDp0DF5H4PuU+lf4QQlA1fbsYNjQ09R":{"chainKey":{"counter":14,"key":"t0USIfkxe085wDbmQMtYhAL+mtbW77zgbhKjO+3RoEc="},"chainType":1,"messageKeys":{}}},"pendingPreKey":{"signedKeyId":1,"baseKey":"BaIkKSYu9Sts906Bj2NUFSfRauO06aAzRaPMy6Y313wJ","preKeyId":166}}},"version":"v1"}