{"_sessions":{"BUAEskAUpdGCSpXQswecmy7m1j6FxdktLuiRnJlvZgAi":{"registrationId":1466,"currentRatchet":{"ephemeralKeyPair":{"pubKey":"BdI5Pw3V7QyGlk/e8MW1TiA+KHmxV0l1E3TUU6nnNHRo","privKey":"GHr7NT9BLqAlpAV57HEFU5O8dJZWdnkVb7nKAKeEg1M="},"lastRemoteEphemeralKey":"BeOAk2lUrT8M+jMf11JeAKDmiKEcruyNaV6tRfsTDqUa","previousCounter":0,"rootKey":"MzVapLq54bu4auViILQ2Aedy2YDUL8C00mT5bWoJK5U="},"indexInfo":{"baseKey":"BUAEskAUpdGCSpXQswecmy7m1j6FxdktLuiRnJlvZgAi","baseKeyType":1,"closed":-1,"used":1742183594840,"created":1742183594840,"remoteIdentityKey":"BfwzyH2q82z1tBSScHDnI/muTRyXdu/vtWQyxP4847lB"},"_chains":{"BdI5Pw3V7QyGlk/e8MW1TiA+KHmxV0l1E3TUU6nnNHRo":{"chainKey":{"counter":12,"key":"YxmRtXUN65t7e6pI2yuh4FhqllxqP6gBbFTBwNS6WO8="},"chainType":1,"messageKeys":{}}},"pendingPreKey":{"signedKeyId":1,"baseKey":"BUAEskAUpdGCSpXQswecmy7m1j6FxdktLuiRnJlvZgAi","preKeyId":133}}},"version":"v1"}