{"_sessions":{"BddCh9qIvcajDx7aOsU9sARL5+Zf6THE3PlGA+XmVI98":{"registrationId":1049470495,"currentRatchet":{"ephemeralKeyPair":{"pubKey":"BdHSiKuymbr9Ovljx/7Bxz5oroUQmDrwwzoW23tgYWNh","privKey":"EKtCLDgdY0MH5NcYDR6+ZZ0yxFKe9jE6QiviyiIBMFo="},"lastRemoteEphemeralKey":"BZl0gIS4rY1VAk90nojQpoi3erumWIpmTXnX5m8c5I13","previousCounter":0,"rootKey":"JGe4lqmecnMnIzJ2GS6iHap2jrZgDSPGqJpj/qDpqmE="},"indexInfo":{"baseKey":"BddCh9qIvcajDx7aOsU9sARL5+Zf6THE3PlGA+XmVI98","baseKeyType":1,"closed":-1,"used":1742789573782,"created":1742786636319,"remoteIdentityKey":"BaNsNnKeCR/sOe55BeBUnvRHraL1MlMBRQz5/v5/iA5H"},"_chains":{"BTOpeC/gAMUlilowvunrz92enjmBSVAR8MFU3aMYz29I":{"chainKey":{"counter":0},"chainType":2,"messageKeys":{}},"BZl0gIS4rY1VAk90nojQpoi3erumWIpmTXnX5m8c5I13":{"chainKey":{"counter":0,"key":"4Gg9gUtI0/rLIY6uBkbq0Typ/kN8CZhHoCbqYIvXboI="},"chainType":2,"messageKeys":{}},"BdHSiKuymbr9Ovljx/7Bxz5oroUQmDrwwzoW23tgYWNh":{"chainKey":{"counter":0,"key":"Bw5MkQ11oafL1DFw75EMoJtzDX25UevoslQ3Pmzgd0k="},"chainType":1,"messageKeys":{}}}}},"version":"v1"}