{"_sessions":{"BeQbQLxxbfP+gGMcYGa/GKZHGMGk7dSuepsTIDCnaiN/":{"registrationId":16370,"currentRatchet":{"ephemeralKeyPair":{"pubKey":"BU67KspNbiRizr7s7bRavAh7KHryCgMICsbt1V1laPUt","privKey":"uADBbjEnK/ealRV4Mritzfwf9Y3CRgbEo90l1hHfalk="},"lastRemoteEphemeralKey":"BfXU5EPwLb3ewZAfkJg6J/XpWKNVqi5usBuMui7yG+9Q","previousCounter":0,"rootKey":"YH5Zj7+Eqt/pMOj2wm2du6LlasOMKxBZ779znnoL7M4="},"indexInfo":{"baseKey":"BeQbQLxxbfP+gGMcYGa/GKZHGMGk7dSuepsTIDCnaiN/","baseKeyType":1,"closed":-1,"used":1742260229208,"created":1742260229208,"remoteIdentityKey":"Bc20fHGMMz6SdITyqOfGpiacwDmhekftRcta2HhSEL8F"},"_chains":{"BU67KspNbiRizr7s7bRavAh7KHryCgMICsbt1V1laPUt":{"chainKey":{"counter":15,"key":"VGRqKUNmmLUrIGw6xZs+r5hlvVgSnRVzpLuAzaFvoEs="},"chainType":1,"messageKeys":{}}},"pendingPreKey":{"signedKeyId":2,"baseKey":"BeQbQLxxbfP+gGMcYGa/GKZHGMGk7dSuepsTIDCnaiN/","preKeyId":1104}}},"version":"v1"}