{"_sessions":{"BUteE1E2KiB8OzuBccRCOBHZgvBBWcD8vSiJHKomsX5d":{"registrationId":1295244293,"currentRatchet":{"ephemeralKeyPair":{"pubKey":"Be+2QSvx72HRNH0UHg4kcjPmiho6+eBYZhhv1TrCtqxz","privKey":"QP1v5Sv3eRNw+5ar/DlROeoXwFFu+yiTul8fxIvyUlc="},"lastRemoteEphemeralKey":"BW8onoOghtOJipaYZ5tH6mhxs4qeCBbdukMIx5y7Uisj","previousCounter":0,"rootKey":"pEM0WUqVYSynpLIP8ZjUM0aIn4MMBEvfpmTtMjWw9UU="},"indexInfo":{"baseKey":"BUteE1E2KiB8OzuBccRCOBHZgvBBWcD8vSiJHKomsX5d","baseKeyType":1,"closed":-1,"used":1742259746461,"created":1742259746461,"remoteIdentityKey":"BUZ5lUP7YCOhxplrqila4I9gwsg9MFoq6onqdKDHewtg"},"_chains":{"Be+2QSvx72HRNH0UHg4kcjPmiho6+eBYZhhv1TrCtqxz":{"chainKey":{"counter":30,"key":"F3yNtnnqflw6UkfYmVnxwc+/mtPX2QYDPG1Yz6uIbiQ="},"chainType":1,"messageKeys":{}}},"pendingPreKey":{"signedKeyId":4,"baseKey":"BUteE1E2KiB8OzuBccRCOBHZgvBBWcD8vSiJHKomsX5d","preKeyId":1846}}},"version":"v1"}