{"_sessions":{"BT7OOBvfd18dUSCO+oHnOH9fySVucLI+KjCoXprKpPtb":{"registrationId":3170,"currentRatchet":{"ephemeralKeyPair":{"pubKey":"BbHW/1EaLEuQuwk32at8lyxWeSPkEqegaGWSv1u+e4sa","privKey":"+Csx4YWsRtuDPx2b4O7J5g1o3/LsU2D9+52Iu3DmC0A="},"lastRemoteEphemeralKey":"BTUhLr2fb3I9J1SNVTbkc8mKaqP/3Qs9Br8OwgP8UKNM","previousCounter":0,"rootKey":"ntsuwMRQ6QYHNtipXFMHVmuXftVqfOtb9FwBv5Ow0wQ="},"indexInfo":{"baseKey":"BT7OOBvfd18dUSCO+oHnOH9fySVucLI+KjCoXprKpPtb","baseKeyType":1,"closed":-1,"used":1742183486782,"created":1742183486782,"remoteIdentityKey":"BVok+XIU15EPbuotr5cfHgH4udkIvXNWLa9+CMS3RZUe"},"_chains":{"BbHW/1EaLEuQuwk32at8lyxWeSPkEqegaGWSv1u+e4sa":{"chainKey":{"counter":16,"key":"5k33AoT+umunpC65etAbgrdl9exdhtzruLL0a4ivip0="},"chainType":1,"messageKeys":{}}},"pendingPreKey":{"signedKeyId":1,"baseKey":"BT7OOBvfd18dUSCO+oHnOH9fySVucLI+KjCoXprKpPtb","preKeyId":7}}},"version":"v1"}