{"_sessions":{"BZoCE6vGZIUerhW2KtJ0c9UzmusrDqXNEAjfYk91KzgQ":{"registrationId":8031,"currentRatchet":{"ephemeralKeyPair":{"pubKey":"BdJQBa0fDv+viZwJVub2C6UkcIIlym/wyQrlO+8TrI4C","privKey":"8CqLbInEJXzLOR8yHJzAZdprUfA7JDvfUX30juZKiEk="},"lastRemoteEphemeralKey":"BXSwljZfkjsCtw63GsLUFNyeMKLBRpJcyV3dQmn7E1tR","previousCounter":0,"rootKey":"7pfZJAk0tGSZICXVJBtqjqraIGkQAdy2f2hM+ufK+Is="},"indexInfo":{"baseKey":"BZoCE6vGZIUerhW2KtJ0c9UzmusrDqXNEAjfYk91KzgQ","baseKeyType":1,"closed":-1,"used":1742183597872,"created":1742183597872,"remoteIdentityKey":"BQorzA0rVOQ8YCkwbU3mvhNjNC86EBiMYAHZgatr9lY5"},"_chains":{"BdJQBa0fDv+viZwJVub2C6UkcIIlym/wyQrlO+8TrI4C":{"chainKey":{"counter":12,"key":"uTPHrM8gMe4mQHjZ62AEiJS44ffcG4x8Ki2+dFAyaZk="},"chainType":1,"messageKeys":{}}},"pendingPreKey":{"signedKeyId":1,"baseKey":"BZoCE6vGZIUerhW2KtJ0c9UzmusrDqXNEAjfYk91KzgQ","preKeyId":781}}},"version":"v1"}