{"_sessions":{"BWY8dwGG6Ks2ewva0jelV0w+2oflaIMgLcPEAVtNDPVd":{"registrationId":12908,"currentRatchet":{"ephemeralKeyPair":{"pubKey":"BTMRjCA1+vE8XF543ZxLdiH1wxvyc2L/kkLkk/DYr1Bc","privKey":"eLtwcL3jn3/cEkL3VzSCyxCI9mPSwCOKaxK0MHJdgGI="},"lastRemoteEphemeralKey":"BTpK3G40b9B/2KRoJlMbnZAO3IpNgU0ngzJ4lmJGCGRc","previousCounter":0,"rootKey":"DjvpreiMz3AMTZyuGDqtOSVjaF6PXVEM1NuNpBBUsMk="},"indexInfo":{"baseKey":"BWY8dwGG6Ks2ewva0jelV0w+2oflaIMgLcPEAVtNDPVd","baseKeyType":1,"closed":-1,"used":1742183643983,"created":1742183643983,"remoteIdentityKey":"BS66OdjR05MfLw2FTrUzUeNPHijq1hLaXq/rhuXTlKBP"},"_chains":{"BTMRjCA1+vE8XF543ZxLdiH1wxvyc2L/kkLkk/DYr1Bc":{"chainKey":{"counter":6,"key":"sK34F/nTUNqZ8ebvrjRcIxKcvIzKOzS8vBVXSsuYymk="},"chainType":1,"messageKeys":{}}},"pendingPreKey":{"signedKeyId":3,"baseKey":"BWY8dwGG6Ks2ewva0jelV0w+2oflaIMgLcPEAVtNDPVd","preKeyId":4396}}},"version":"v1"}