{"_sessions":{"BYSH702ryKkwEE8P/lCgGOlo1WtIlbgkAvkkBEnnJe9u":{"registrationId":9894,"currentRatchet":{"ephemeralKeyPair":{"pubKey":"BaYTuTbSSjW6A+Jsx+3xRkBbDUeGiygJIf+tgt1FDhVF","privKey":"4H4ym8q3uZmlP15FyutY5VjDse584pH9tzBYzhjPmlA="},"lastRemoteEphemeralKey":"BfV0V7QVrphcfIRbOzmulcLRxBYM2DFax4G29MDx3+Nf","previousCounter":0,"rootKey":"jIZqoNAx29QfKtVcOXg/3Q4Z1Y0BnjUtfo9PI83LdvU="},"indexInfo":{"baseKey":"BYSH702ryKkwEE8P/lCgGOlo1WtIlbgkAvkkBEnnJe9u","baseKeyType":1,"closed":-1,"used":1742260056352,"created":1742260056352,"remoteIdentityKey":"BSt9YhuGlBju6FqQ501WMGk6cWBu74tXuQY4SpVd1+J1"},"_chains":{"BaYTuTbSSjW6A+Jsx+3xRkBbDUeGiygJIf+tgt1FDhVF":{"chainKey":{"counter":14,"key":"hYnbiCycJ01GQw3xyLpO5vMvwJg05DhwPD+FuMXWzns="},"chainType":1,"messageKeys":{}}},"pendingPreKey":{"signedKeyId":1,"baseKey":"BYSH702ryKkwEE8P/lCgGOlo1WtIlbgkAvkkBEnnJe9u","preKeyId":43}}},"version":"v1"}