{"_sessions":{"BSNtZ5KIXTKLdiv6I68fBlgvfdbu5pkyzCaX6guo2GQa":{"registrationId":1675679705,"currentRatchet":{"ephemeralKeyPair":{"pubKey":"BYN/c/CIsDfobdn4RlAKI0r6SyQxvOKMMd+/KwnAbWB2","privKey":"MK3EAXsVtRflsjyW6dZxIcFWTA7/YSEDJBXPpfJ5WlY="},"lastRemoteEphemeralKey":"BXjl893y8lzOynSz/vWFXuVBgxEsVeWMaeh1vjmi8pcj","previousCounter":0,"rootKey":"cNVNP+immHfOFo1Nu3342bav+Bnm/EJbI7UP4pp4+F4="},"indexInfo":{"baseKey":"BSNtZ5KIXTKLdiv6I68fBlgvfdbu5pkyzCaX6guo2GQa","baseKeyType":1,"closed":-1,"used":1742183623433,"created":1742183623433,"remoteIdentityKey":"BUU0wpQIMpNeRDQnzQn/gObb2clSx8pqOfUqX7LMqiVO"},"_chains":{"BYN/c/CIsDfobdn4RlAKI0r6SyQxvOKMMd+/KwnAbWB2":{"chainKey":{"counter":17,"key":"GB6wkvZlstirzK+Ies2mt4gra1sNqiN7J1troYWPeAw="},"chainType":1,"messageKeys":{}}},"pendingPreKey":{"signedKeyId":1,"baseKey":"BSNtZ5KIXTKLdiv6I68fBlgvfdbu5pkyzCaX6guo2GQa","preKeyId":757}}},"version":"v1"}