{"_sessions":{"BfIONEmCH4OCzCT7fzz56kFItyxL3fsfwWqYTZnjQwUD":{"registrationId":413395460,"currentRatchet":{"ephemeralKeyPair":{"pubKey":"BdNGAo/eYQNEAye3ebJ/yTpCswwT3cHUkWxmCprdWAlL","privKey":"4BztdAJ/WMnOuR8CzMCB3TwEZrAodRaQ/Vqa3uA7b0Q="},"lastRemoteEphemeralKey":"BQEW93mT8cVo+vYTi/FIWv8Q6ZdcoviAVrvVomFOC6oE","previousCounter":29,"rootKey":"ZdzMFp35yBQs1VtKA08fVpapPwbAwzlrgRcRJHjpb8I="},"indexInfo":{"baseKey":"BfIONEmCH4OCzCT7fzz56kFItyxL3fsfwWqYTZnjQwUD","baseKeyType":2,"closed":-1,"used":1743008783786,"created":1742173482418,"remoteIdentityKey":"BUkNcWirdX/MV52PzL+SYuoUlMOfNZ2sei8WOMOGy7Nn"},"_chains":{"BcXXiNW3yaMKtQ1dxTTu4vJcXS7ecYl/EhXIVSskp15l":{"chainKey":{"counter":9},"chainType":2,"messageKeys":{}},"BXiN7hs+U/WYqWl7FbEP5MPxRjQZwgeUJ9Yf/HUnkvgh":{"chainKey":{"counter":0},"chainType":2,"messageKeys":{}},"BVYaW93fhfugb/SHWFqNQZyCo91qccdce5MGKzbR1BF/":{"chainKey":{"counter":0},"chainType":2,"messageKeys":{}},"BTWR/9Tzh61yQS7dSB2pjAHVk3CzNYa07TATWeSE+qgf":{"chainKey":{"counter":0},"chainType":2,"messageKeys":{}},"BRx5IwXUADJ+yBsC7sMac7ZVhqKKCKzFCItSivves2Eg":{"chainKey":{"counter":0},"chainType":2,"messageKeys":{}},"BZFmbO9iuLKJTPto3HJPZVd3vbeNalQyQ1kBZ5rTQHo/":{"chainKey":{"counter":0},"chainType":2,"messageKeys":{}},"BQ2e/nCL1f+3fZfSoOgX/F4zsSwAQuIzONME0LhS78lc":{"chainKey":{"counter":0},"chainType":2,"messageKeys":{}},"BboK9DjCaFhULtXpaLLnDoJ0sqW/cv68rCH6LfwO1Kcu":{"chainKey":{"counter":0},"chainType":2,"messageKeys":{}},"BcUi1x4HTEXxTBUBu4LAC2mQsgzoqPPTCH7jNbUXzY5e":{"chainKey":{"counter":73},"chainType":2,"messageKeys":{}},"BTQLZlhJ5df08N7IbD1gdG02XLkieGu8/W0e+43S4wdy":{"chainKey":{"counter":56},"chainType":2,"messageKeys":{}},"Bb/0h8iZrklYgwbg2F+Q1VPr5RvXFj1oKWPOTeYHCZBW":{"chainKey":{"counter":2},"chainType":2,"messageKeys":{}},"BbjY1YIe1LWCno5M/gcmhK7Km+8Q18XvU1+hNZsYcEJY":{"chainKey":{"counter":0},"chainType":2,"messageKeys":{}},"BYAYTOAsr3rY1jD7/gNk4TbsxrklQKbrfaPDHV7YdW8P":{"chainKey":{"counter":0},"chainType":2,"messageKeys":{}},"BSoJiqvAHGkbLqSpE3SKV1UfGOk/NLSslZUXXF9mnrsO":{"chainKey":{"counter":0},"chainType":2,"messageKeys":{}},"BauHz/Go5tbYsxmcm2aocgvVwsLux44M1WRblOPhJVVb":{"chainKey":{"counter":0},"chainType":2,"messageKeys":{}},"Bc8d5JOKV22d22Yd7l5BbyaRiH5kR5K/1tmcDpu0gbl/":{"chainKey":{"counter":0},"chainType":2,"messageKeys":{}},"BZZWqHAGL2/u0XCuAC5TCVOVIXQET4eX6AuD6L6m1Ugo":{"chainKey":{"counter":0},"chainType":2,"messageKeys":{}},"BStbl5pRjZviJwtOjsRzPD8K/yGfZG9qU3MkRtK/ok0K":{"chainKey":{"counter":1},"chainType":2,"messageKeys":{}},"Be7nHJNsCCQBJLKkjiEP1hYvQK51RstGKP2sz27tAksZ":{"chainKey":{"counter":0},"chainType":2,"messageKeys":{}},"BaJvJA6KBSqYrIJb5bA4Qv9w7ufeykyxWg/1XrQDJhsl":{"chainKey":{"counter":0},"chainType":2,"messageKeys":{}},"BTXLpp4xsnmE3ZSjGT/bZ8CsAFw9KWxhZT21mExkLI9n":{"chainKey":{"counter":0},"chainType":2,"messageKeys":{}},"BfUf0L+DvGU4yu40DV7erNn4KMfFnCEv1HSHkBBimedE":{"chainKey":{"counter":0},"chainType":2,"messageKeys":{}},"BQoupgaEcrBRIYynjIsO/lzQslAfDxiRg9IVywXXusRZ":{"chainKey":{"counter":0},"chainType":2,"messageKeys":{}},"BeAXu0AdU957ljIv9ilzvYnvjDodIjN5vQfMkCs0+HsG":{"chainKey":{"counter":0},"chainType":2,"messageKeys":{}},"BdDDYaPvuT+oWlKLX/r8a+gD284T7PTpY4wApur6xhMK":{"chainKey":{"counter":0},"chainType":2,"messageKeys":{}},"BQc5gqgrnbM19zn3ZIs93venJh6f10nr4TpDBWP6Dtsf":{"chainKey":{"counter":0},"chainType":2,"messageKeys":{}},"BbrAAi0NCKVHHFfHDlcB/KXMpK8Gw8KNr+mLwMeiOrZV":{"chainKey":{"counter":0},"chainType":2,"messageKeys":{}},"BYc9NZxRzJZ7BIrKFQEXFwhi4StKtEWQyolZt3JDnfp/":{"chainKey":{"counter":0},"chainType":2,"messageKeys":{}},"BffqZ1yElQ3Gl++b05nDNCinJV+UWct9Hj2Ult7vVDde":{"chainKey":{"counter":0},"chainType":2,"messageKeys":{}},"BTzcmsooPMQnDAbcP2KTwe8O+37GqVzDQTyEjGWZ04FZ":{"chainKey":{"counter":0},"chainType":2,"messageKeys":{}},"BVJganL7QHmcWe5IIjOXttE6BAXUi/69P7IQPwcXeFtt":{"chainKey":{"counter":0},"chainType":2,"messageKeys":{}},"BeLNjz41YyG9lrQ6SOIsGTa9dQmclAmEVMbySEX3r9oV":{"chainKey":{"counter":1},"chainType":2,"messageKeys":{}},"BVk9v6moZChVhrO3OmROeB/fmeuZwyAR/AeXm9hoWnI8":{"chainKey":{"counter":1},"chainType":2,"messageKeys":{}},"BRUkJNypD9fxvnZEdS7lm9UupYF7G/7SKsmkb9q1lONH":{"chainKey":{"counter":0},"chainType":2,"messageKeys":{}},"BStjc8QJ0ZecTflGESzBrL109311kIoHIIgjg19A/39Y":{"chainKey":{"counter":0},"chainType":2,"messageKeys":{}},"BUidjh5ZLd4SCFgbdUvPK/Pp3DSKQ7o04PYTAq1DqP41":{"chainKey":{"counter":0},"chainType":2,"messageKeys":{}},"BQSuWLzpS+VMf5HnZwzjDt6QZys3DHWdoEnmidYXWvUe":{"chainKey":{"counter":0},"chainType":2,"messageKeys":{}},"BYdoMTP27AcuSe4omTUci5DosSKsgfuDLfgY3V0cegUw":{"chainKey":{"counter":0},"chainType":2,"messageKeys":{}},"BXyNV2JORg3+i2fq0zcdYaTWYsCifMkUfoZaksBnnOtL":{"chainKey":{"counter":0},"chainType":2,"messageKeys":{}},"BW8fwwANiDt+durM2K664cPgQi9SDxsNd1Jf0Sa97Osh":{"chainKey":{"counter":1},"chainType":2,"messageKeys":{}},"BarOuYmKIMK/PwGA39qIWokerHDRXrh94Ztt6mhQdXgV":{"chainKey":{"counter":0},"chainType":2,"messageKeys":{}},"BZujDLtAik/KC0kAvPj5J9biHcELlhvs4xo0tu55nide":{"chainKey":{"counter":0},"chainType":2,"messageKeys":{}},"BW6IYEch5j50AeWN1zKBXeHYG+KXIV8+3ajvxVjqgAFW":{"chainKey":{"counter":4},"chainType":2,"messageKeys":{}},"BQLgOtBopHHto/L+Ijt6+ewngtplCIXKqs6fgZFmqG9/":{"chainKey":{"counter":0},"chainType":2,"messageKeys":{}},"Bco2eRUuWGwSgViHy+NM9GooDOmFBzZhn69xPGMbeRRO":{"chainKey":{"counter":0},"chainType":2,"messageKeys":{}},"BV52w+Fa6BqJKJ/W9J6p+XFQHB3dNzM+uhSXsunrJFp0":{"chainKey":{"counter":0},"chainType":2,"messageKeys":{}},"Ba7dsU3V/pPe0vutQo6K8y+octqUfGqPfrw4A6VUB78V":{"chainKey":{"counter":0},"chainType":2,"messageKeys":{}},"BRfOfTV5FVSevtSoGXxj/Hzu+b9oE22YrEOr90zNflYe":{"chainKey":{"counter":1},"chainType":2,"messageKeys":{}},"BXwAlO4jnWoJ/cl52wvHQmdAz+sAcuy2o4td9KR5c+hV":{"chainKey":{"counter":0},"chainType":2,"messageKeys":{}},"BeXWwJpIwoLOzJnWbr1LS75HRW90bZeVnNnLTQ/OUyF+":{"chainKey":{"counter":0},"chainType":2,"messageKeys":{}},"BY1gJsTmYuNRn9e5jcSSCcoNQIRnoWgg6azPpdkw/BNC":{"chainKey":{"counter":0},"chainType":2,"messageKeys":{}},"BeUtNftWER3tbCWOPxbGoFtc8R5RdKby+vrrtRE2Ir1i":{"chainKey":{"counter":0},"chainType":2,"messageKeys":{}},"BVL1y82XQYCB7owYNUu6n6rJMtb4Axmp2j0KIWSxNkZP":{"chainKey":{"counter":1},"chainType":2,"messageKeys":{"0":"PxaLEDGcuIl3B2E+mLPdIDh1342JmWXO7Ixhct71Erw="}},"BQNbvKNLUiIyPIdgTONBVgO5Lap8U5JVoKBAnjtE/v4m":{"chainKey":{"counter":27},"chainType":2,"messageKeys":{}},"BXMzjSGl4lojOlcvhxSlfEJ/dp9ewjs/CkKdlkhFYANH":{"chainKey":{"counter":0},"chainType":2,"messageKeys":{}},"BcU5S6vdD8N5OoZBDG8qitRhTl5wPNuloGm0ozz9tkJg":{"chainKey":{"counter":0},"chainType":2,"messageKeys":{}},"BZ84aNLko8iEWQ9X3vY4eti0oY+v8gfH/xSIVJEQOct5":{"chainKey":{"counter":108},"chainType":2,"messageKeys":{}},"BXt3UwVHApv8LI7zmPVcuu3rPNMhSbv+oIvgJvQCpg5p":{"chainKey":{"counter":3},"chainType":2,"messageKeys":{}},"Bd5r0+810VqBAtcU6U9hPe7MyW02RDyj4K5hudWHqClm":{"chainKey":{"counter":0},"chainType":2,"messageKeys":{}},"BScthmcWvEHqQgmETZQcdG2xCqj7184A0B7hisCfGqEV":{"chainKey":{"counter":0},"chainType":2,"messageKeys":{}},"BYkoJjW8uUUrByllGisXDZgOvxVH78oI/+8ZZos422V6":{"chainKey":{"counter":0},"chainType":2,"messageKeys":{}},"BTOI6VWs7hQ5gs5+dexNswJqIo9hw0sMGCANf31KSt5a":{"chainKey":{"counter":0},"chainType":2,"messageKeys":{}},"Bd+CAE3bEqmS1XHEh+FVj6r7It16je/lAZoGszJFiX0D":{"chainKey":{"counter":0},"chainType":2,"messageKeys":{}},"BaRtWIsZs/dD8iGjeNYvmi22/OeZbvnMN+8HhuRLvFEI":{"chainKey":{"counter":0},"chainType":2,"messageKeys":{}},"BfCAO4czTGjgxgUU/L7EQyqU6m1j5bfOf+0Hheg/XfZQ":{"chainKey":{"counter":0},"chainType":2,"messageKeys":{}},"BRfCCfNGGDYYv4eF99miMEfdtVdEQ+3ziGuEV2DbM4Q8":{"chainKey":{"counter":0},"chainType":2,"messageKeys":{}},"BWA7zDsglVeLuohg53ytIGFdVVVQmLoeKFKn4LymHLoZ":{"chainKey":{"counter":0},"chainType":2,"messageKeys":{}},"Bb/F1LH8I/pC2NExgnf4QfDepqmGHkY7KeftYaJ3k64z":{"chainKey":{"counter":0},"chainType":2,"messageKeys":{}},"BVSzq0EkfDISYngNdsu4K7Nbc7nUAa3a4rHnfcyRi/Zh":{"chainKey":{"counter":0},"chainType":2,"messageKeys":{}},"BYmS5QihxTEgpO7YCUvQaAot6bD4nsPO5w/5jiuedi0c":{"chainKey":{"counter":0},"chainType":2,"messageKeys":{}},"Bc5Sq38FxYepC05DxkiteUrSjQDh2GZSRL9MG2eykNMZ":{"chainKey":{"counter":0},"chainType":2,"messageKeys":{}},"BWEis2ik7YLpf7TLIwuPzER8kP2fn60d2ntvRfSwdHED":{"chainKey":{"counter":0},"chainType":2,"messageKeys":{}},"BdBpzjEgHxmVHQ3ptKp7DX6SsUxuuI+LwBZOIMqMux49":{"chainKey":{"counter":0},"chainType":2,"messageKeys":{}},"Bbv/Onsd/2Tjx9LIQ6B1sDCvJ/oVHxB4Y0Gtcq0Cogx/":{"chainKey":{"counter":0},"chainType":2,"messageKeys":{}},"BW0J1HGwgmiB6QYyXoBsgPXQNNo3p3o+1ysgIVTy2pFK":{"chainKey":{"counter":0},"chainType":2,"messageKeys":{}},"BcDO2mG0oPDGLMseREA3SxNrCsLhJsSmQPLqkw9ljikY":{"chainKey":{"counter":0},"chainType":2,"messageKeys":{}},"Be8u3ULv3GV8mwdhXDVfcsYav9L4PaNPTxN7hUjnxVAY":{"chainKey":{"counter":0},"chainType":2,"messageKeys":{}},"BUEokBYCEq8AKXTns0N6dja+pohdp35H1Dv8xGu+Zjho":{"chainKey":{"counter":0},"chainType":2,"messageKeys":{}},"Bbq8Tj3s6K0Vb9DK1IRHp6txPD6kmh4p97kSVzcqUJEb":{"chainKey":{"counter":0},"chainType":2,"messageKeys":{}},"BfMa9TAfvoebPMYWnUYP1bKjO25n8o+2bDg/FUDm2Ltv":{"chainKey":{"counter":0},"chainType":2,"messageKeys":{}},"BenwU6ZexEAhW9M3DOpbKtiMaYSza9DYyTfigv8myFpe":{"chainKey":{"counter":0},"chainType":2,"messageKeys":{}},"BWOqQQ0b76xoEvoqDaI5xvuMa86MEs7SCQdMBkvEiigx":{"chainKey":{"counter":0},"chainType":2,"messageKeys":{}},"BZRllPWseV2udZf166nNpISte1UE3dW0qghU9UE+rAJs":{"chainKey":{"counter":0},"chainType":2,"messageKeys":{}},"BTx/BLUp1PfMiWjie6fL+GGfFqRXmEPOfNiFvi0h6AFl":{"chainKey":{"counter":0},"chainType":2,"messageKeys":{}},"BWwN5hzhfp2fI9RJA0r2YhiMSan6aZEWiHFSoMdkoYtu":{"chainKey":{"counter":0},"chainType":2,"messageKeys":{}},"BRLK9rjw2izZHH9JDFpwk99GAHlWE9xXXnLjXpxQSaB8":{"chainKey":{"counter":0},"chainType":2,"messageKeys":{}},"BVlR3Bg0H4EhFak8MnxqQ5blk1NjFvqOIKCUqe4YSho8":{"chainKey":{"counter":0},"chainType":2,"messageKeys":{}},"BXGSfGeJANuDhFKhRSzWvYxax2gj3LX/oOJe+DoNj3Af":{"chainKey":{"counter":0},"chainType":2,"messageKeys":{}},"BRsQr/7DvsMKBpX/7B8E1S0Fjx9XU2RY9I3AolCCU6FR":{"chainKey":{"counter":0},"chainType":2,"messageKeys":{}},"BY+yP7Peu38iscl8esvwcdMv55CdxO1k7rgvKiqT+IMv":{"chainKey":{"counter":0},"chainType":2,"messageKeys":{}},"BQ15YkU5gTUkJ4mgT9bidyZXze1M30rV8gvIyEB82nIQ":{"chainKey":{"counter":0},"chainType":2,"messageKeys":{}},"BS3Jf+pw1wFSHKHYQISWt2PhAhiSlY8tsaPI3L3I5yQo":{"chainKey":{"counter":0},"chainType":2,"messageKeys":{}},"BZ7xZoq0FDjP+Io1QVB0UjJa/FtGCY94nh+fQUo4zcJe":{"chainKey":{"counter":0},"chainType":2,"messageKeys":{}},"BQrNWJxWyW3DB1p2eWpzGcG6sBiAujdjN2OB2AINjiog":{"chainKey":{"counter":0},"chainType":2,"messageKeys":{}},"BYMLVwiCzp8xscaIsrlrXG8ikRnU73URNUysNAXrTY8x":{"chainKey":{"counter":0},"chainType":2,"messageKeys":{}},"BWWOaWR+UFxB2zU/OpWJ2r5xHizyx0FxZbnn6U9qW6JI":{"chainKey":{"counter":0},"chainType":2,"messageKeys":{}},"BQa8fI5IvDUeHUMhIRBnTq1LwaCLoNN2YSKtWyV8zx1v":{"chainKey":{"counter":0},"chainType":2,"messageKeys":{}},"BZBs7zHI34PUIB9RqcM//OzzcI11fgtS90ur8rUGRbE5":{"chainKey":{"counter":0},"chainType":2,"messageKeys":{}},"BaA5psxM8C3a/+916Hk6PG6mWuDauH53lHaeVAkTTG0s":{"chainKey":{"counter":0},"chainType":2,"messageKeys":{}},"BQvFrgd/XecBdgzKuFmCfDUw7Q3T44OmMaEW2SRMOj14":{"chainKey":{"counter":0},"chainType":2,"messageKeys":{}},"BRxBtH7Tz0OPblaQ8ZpQ0TOrV5nEWpf5fno3LnyYxF1p":{"chainKey":{"counter":0},"chainType":2,"messageKeys":{}},"BVovuRHXPtgyXn3qqM/zeZcuzYtpdP7PhEzeSqO1tBEr":{"chainKey":{"counter":0},"chainType":2,"messageKeys":{}},"BZH+gPvfbkGAXpzIy/bcDFwY8PcYsSQSQAXJWSnvXFcE":{"chainKey":{"counter":0},"chainType":2,"messageKeys":{}},"BRb48S5R0E/V4camCT2w9AuA2cn93f/t132HMdaeQ603":{"chainKey":{"counter":0},"chainType":2,"messageKeys":{}},"BdAP9gkMZPChtu6gjzX9mCckDYx+BXnpTXaq8HlND9RI":{"chainKey":{"counter":0},"chainType":2,"messageKeys":{}},"BUKvhcLAwcc4suv1tc0P+ULYr3PLyC2iGNDU8QaWhz8u":{"chainKey":{"counter":0},"chainType":2,"messageKeys":{}},"Bf4GACQ3wawS0e4luKvC1Kjm5GjgM9VXNq1VsdpihyNB":{"chainKey":{"counter":1},"chainType":2,"messageKeys":{}},"BfCaAv+ggO/d+OBEo21WRgaP10Xguj0XDTNlvjTGsyt9":{"chainKey":{"counter":0},"chainType":2,"messageKeys":{}},"Bb005UKfhPLPQjtYTmLCm2Oqpj1Stlouguprai9N7lxb":{"chainKey":{"counter":0},"chainType":2,"messageKeys":{}},"BSYNzYyq3zzlY56vmf3+cpFU3Y5fgVDqci2whTzHdMsZ":{"chainKey":{"counter":0},"chainType":2,"messageKeys":{}},"BXEehzWPpRq5WqZttwWsgeDZIOfC0HK9Jt1WqIlubnde":{"chainKey":{"counter":0},"chainType":2,"messageKeys":{}},"BcCVgdzjKoNNsSqS0HcF4TfvtNat7nx3OJoH1hk7FVoE":{"chainKey":{"counter":0},"chainType":2,"messageKeys":{}},"BftTW3am9ExUlSE9u2fItT6e09yRgqj2cfhMHKxpa4Bs":{"chainKey":{"counter":0},"chainType":2,"messageKeys":{}},"BerTuB8xmL6K6U16TQNQEK7JvKXTcls4Yo6UPUc9K7ED":{"chainKey":{"counter":0},"chainType":2,"messageKeys":{}},"BSEZBo5DO7SYrkiyZEJln+IqWnrX/DEVgHv2A5SFaDp7":{"chainKey":{"counter":1},"chainType":2,"messageKeys":{}},"BcPa3u782a69bbQYTQTHYGpo7n5dHNIcmrDaxsBRJGo6":{"chainKey":{"counter":1},"chainType":2,"messageKeys":{}},"BTrePfp0IbKFsulOSw6SQ9+j93pNocra8ktV0d9oq2MI":{"chainKey":{"counter":1},"chainType":2,"messageKeys":{}},"BXHBnr0N2O988/PLLtA4JgJ8tLCVF55TJYC276mVZ18T":{"chainKey":{"counter":0},"chainType":2,"messageKeys":{}},"BVkcOzrUMrhhKv2w86VEkPoGlGYn3858JZX7lAtGrswX":{"chainKey":{"counter":0},"chainType":2,"messageKeys":{}},"BQaQ7ZmUGRESjZzpTkC/qHhHNBN7Tq8SzJdC0BXYrmAc":{"chainKey":{"counter":0},"chainType":2,"messageKeys":{}},"BUHQc7RBGFXEhb7Y30ms9n/Q7ZzBh+dZK3SG0EVht5If":{"chainKey":{"counter":0},"chainType":2,"messageKeys":{}},"BfDiCohn6rECEeLkG0VMCNbS8mHNoiV9Gthf5B9rFfhG":{"chainKey":{"counter":0},"chainType":2,"messageKeys":{}},"BXdT6TmQs+QtYMSwGqTtXIVEJocf6DpxrUThFOmhrttm":{"chainKey":{"counter":0},"chainType":2,"messageKeys":{}},"BQtpYZHOhhfe6VExKqKs2GOal7n2A8cDcSiz1IJrJS9V":{"chainKey":{"counter":0},"chainType":2,"messageKeys":{}},"BZzGO7KH6emUop+UU6zAhIQhMNuQJwxlx/QvqRkNSWwg":{"chainKey":{"counter":0},"chainType":2,"messageKeys":{}},"Bd8iJL6mgB9P7wh3adsRdJCZ3KpKg/kteTbca3kMlHAu":{"chainKey":{"counter":0},"chainType":2,"messageKeys":{}},"BehHUr86FsaR2jnVUEA/4XzvfSZFIM7q3+7HCLKJQLVj":{"chainKey":{"counter":0},"chainType":2,"messageKeys":{}},"BWyA5ER13zZft+qYM5QMeAO/JQ7Qx7k2aUaHNWbyvgFG":{"chainKey":{"counter":0},"chainType":2,"messageKeys":{}},"BQazRCtNZLziUUNj0ez4x+CCigRF1luoAELaib+sJjU4":{"chainKey":{"counter":0},"chainType":2,"messageKeys":{}},"BQeTYMwEieHnUut9H/b/uWPe0PQiK9+cYH5uXrQo+eY5":{"chainKey":{"counter":0},"chainType":2,"messageKeys":{}},"BVUjRz4ims8b+fpvyJmk/tWFToGnq/NxDVzjlKxGcLcv":{"chainKey":{"counter":0},"chainType":2,"messageKeys":{}},"BUEGS7KQ5t9kp2y8cQWLxE9tR960/KMqi6budekiFT5j":{"chainKey":{"counter":0},"chainType":2,"messageKeys":{}},"BTHveC4izHFSvKjxApFWzfcuvWvpE8EV4ZQxNaIuMiF+":{"chainKey":{"counter":0},"chainType":2,"messageKeys":{}},"BU4t/1YRldmPz0Xlt1d2H9QZksAi9xHjdhIEYC8D3JAD":{"chainKey":{"counter":0},"chainType":2,"messageKeys":{}},"BdmEm3myme/Li4mTiN3CPtCid4P01D4dMjXOe0XYzzkH":{"chainKey":{"counter":0},"chainType":2,"messageKeys":{}},"BamoJYhtmQ87E6rocHIlBlYzYLylNaokEnge4CQfwFZj":{"chainKey":{"counter":0},"chainType":2,"messageKeys":{}},"BeT3hzoyFl8LYmiZ0MKCONDNwZgzkv1/buri9Kdz9idT":{"chainKey":{"counter":0},"chainType":2,"messageKeys":{}},"BV4Pm0aaE833KfKc5UqKTIZUDao3Qas5DnSOLcK5eHxX":{"chainKey":{"counter":0},"chainType":2,"messageKeys":{}},"BfpxEK4ENSeVFAMISiThbAlP7JvtCTk+v9SjApbaX/4w":{"chainKey":{"counter":0},"chainType":2,"messageKeys":{}},"BQEW93mT8cVo+vYTi/FIWv8Q6ZdcoviAVrvVomFOC6oE":{"chainKey":{"counter":4,"key":"RUwOKlGWih2pAJepSig7dHCwEWiai+KGQq/rCnSlAOQ="},"chainType":2,"messageKeys":{}},"BdNGAo/eYQNEAye3ebJ/yTpCswwT3cHUkWxmCprdWAlL":{"chainKey":{"counter":5,"key":"RvOZA07px2Zm971elAVDf0d6hxyEIxJgf3W+qiNRl5E="},"chainType":1,"messageKeys":{}}}}},"version":"v1"}