{"_sessions":{"BaBQJxC5q5k3ZpYxfoBBUrCWeogg+vl1SlCQneCc6zlz":{"registrationId":10735,"currentRatchet":{"ephemeralKeyPair":{"pubKey":"BWSX3Q0A+Qyt+UAknOl97qJa+LnFhHo2IPFC6jxHOFJR","privKey":"EKPzs9fXWwJx/s/AbPjoArS2hU63E3snVEzPrade9Hg="},"lastRemoteEphemeralKey":"BXuzDKb2JtPChcW3vKrJkNTjq2zBntekFHcnIlsgqQp5","previousCounter":0,"rootKey":"MsAUKSKPoxT9U6wrfdAUroCN6iWy6BcRa3Rw1UYG2Q8="},"indexInfo":{"baseKey":"BaBQJxC5q5k3ZpYxfoBBUrCWeogg+vl1SlCQneCc6zlz","baseKeyType":1,"closed":-1,"used":1742259893462,"created":1742259893462,"remoteIdentityKey":"BdWFIZxwmQWdDG6bqZFmVxIQqW/xV1g6+tAm5C9F5E89"},"_chains":{"BWSX3Q0A+Qyt+UAknOl97qJa+LnFhHo2IPFC6jxHOFJR":{"chainKey":{"counter":12,"key":"LYlZjVSE6CWKorYtTukjTitIHIzVWoeq30TxDwGOZWc="},"chainType":1,"messageKeys":{}}},"pendingPreKey":{"signedKeyId":2,"baseKey":"BaBQJxC5q5k3ZpYxfoBBUrCWeogg+vl1SlCQneCc6zlz","preKeyId":240}}},"version":"v1"}