{"_sessions":{"BWqfOk2BBkPGcS9/hXr2WNyt1V91rhuKoatDPLloZ4Am":{"registrationId":550709150,"currentRatchet":{"ephemeralKeyPair":{"pubKey":"BWtmRS6oCd7E1vNFt8XnxGahQhWa85qnRRltB3QI+Ot1","privKey":"WB5ULR3BFmA0jhZ8TKtsk5jE45qo5unC7kWvenB7I3k="},"lastRemoteEphemeralKey":"BQJKt1qrZWqggFq8CJxm6p9Oqnw04nKkOkE4pFBJ8kMO","previousCounter":0,"rootKey":"ZoTwWww7iVX/IsG5FHp+HtyieEPO9Tl1SgMopcdJ7ig="},"indexInfo":{"baseKey":"BWqfOk2BBkPGcS9/hXr2WNyt1V91rhuKoatDPLloZ4Am","baseKeyType":2,"closed":-1,"used":1742788693427,"created":1742183478654,"remoteIdentityKey":"Bd06VOKoP2fZ1oTA7cVdpg3QlvlCisn3MZAGv/0X5aZs"},"_chains":{"BRXST+oCrianOyVvHKR7eSacYQW4QsbeUagTGdzTk3NH":{"chainKey":{"counter":0},"chainType":2,"messageKeys":{}},"BffpszASL/sajDx5gOFZ0FEfwvDpGuzrxLgxfCIH9Cs/":{"chainKey":{"counter":2},"chainType":2,"messageKeys":{}},"BWGj94x8KMTo0wY9y4hcwh/tmhW6+Dsynbf9pvQrydcN":{"chainKey":{"counter":3},"chainType":2,"messageKeys":{}},"Be9lJpoi5PEebCzCvpoCQlqOsht2GW+2+S0Lcyi0O1se":{"chainKey":{"counter":4},"chainType":2,"messageKeys":{}},"BeWp8siZN2MBWuYjQmH+vcRl+B3qI7fyF/NasHPpOmYp":{"chainKey":{"counter":1},"chainType":2,"messageKeys":{}},"BfloiMacIXpQ5YG5AMEoXiAesYfIKK6yTyh/UAnmbQwA":{"chainKey":{"counter":0},"chainType":2,"messageKeys":{}},"Bd6cikVtAGjElzwISMac7ODbXNLL+0CZQJy3I1iU3XEf":{"chainKey":{"counter":0},"chainType":2,"messageKeys":{}},"BUWTQDn9TX++Fjw3oo13v1ab8NXnJdvgajubTxI/XLV8":{"chainKey":{"counter":0},"chainType":2,"messageKeys":{}},"BTi+MQ/v7eoegnqtgB/NRiYmBQZ/Vde6yuW74r1K16tP":{"chainKey":{"counter":0},"chainType":2,"messageKeys":{}},"BabwkN0LEsJqJUA6EYcVOgc8fCa9aQxpCw8qWnG32vkK":{"chainKey":{"counter":0},"chainType":2,"messageKeys":{}},"BTEx96Jtu0W3lMyq5JYZaO75mOfO7b1DJGVSU4PJ1uZk":{"chainKey":{"counter":0},"chainType":2,"messageKeys":{}},"BY/95rH3FNh5G+dxcLVDAr1Az/XyeaewTlFThVa0I0oE":{"chainKey":{"counter":0},"chainType":2,"messageKeys":{}},"BRIEzCC2vnm1xPrzlzyRTG9EvCUvzoR/7nRMVPhzPuIj":{"chainKey":{"counter":0},"chainType":2,"messageKeys":{}},"BQJKt1qrZWqggFq8CJxm6p9Oqnw04nKkOkE4pFBJ8kMO":{"chainKey":{"counter":1,"key":"0yaqLwQnVC9fo+p4aEdQMXIShpsqf7tgQX9svHNXxJs="},"chainType":2,"messageKeys":{}},"BWtmRS6oCd7E1vNFt8XnxGahQhWa85qnRRltB3QI+Ot1":{"chainKey":{"counter":0,"key":"P54onIzsnPviLD0parKTekeoat6gH8K8pD+J0gqT98Q="},"chainType":1,"messageKeys":{}}}}},"version":"v1"}