{"_sessions":{"Bc7hmFcsuEfBBTJPOAc+vw/vZRMqcmeOOgNrfNWe3YVO":{"registrationId":883275368,"currentRatchet":{"ephemeralKeyPair":{"pubKey":"BUisbKTJQueIH/WqWyyzvmE8TnnmDHRmzmmslI+q51dK","privKey":"4OcZfbEhZBUlowsvQ6FoZ4xIiUxCvjFChJotXI63iFM="},"lastRemoteEphemeralKey":"BQYfvnM+0NXfPbCEclKRhnKXn4l2PvDUQfMqTXFyn/1W","previousCounter":1,"rootKey":"yLETBN+wZXVJiB2v2DSP+mEnDkA8Tnu8vK86JE5ZWXQ="},"indexInfo":{"baseKey":"Bc7hmFcsuEfBBTJPOAc+vw/vZRMqcmeOOgNrfNWe3YVO","baseKeyType":2,"closed":1742181659380,"used":1742181576435,"created":1742173537406,"remoteIdentityKey":"BXKJXFXrzZP2L0yUdoyL09e7/6P3VrVjvUVpVjeGa/4I"},"_chains":{"BVC+UrCRzGRtWVe5PGA5YrRDNXLh0kN56+axfdmUFrgw":{"chainKey":{"counter":0},"chainType":2,"messageKeys":{}},"BcwKeYHQgas8b+PRvnSZfeIAMZlY6nEUU58CtTgTxPwl":{"chainKey":{"counter":0},"chainType":2,"messageKeys":{}},"BQwhtwuTzHfxNfzZh3anOai7U5fGGLDDMDQBVbyKXRAD":{"chainKey":{"counter":0},"chainType":2,"messageKeys":{}},"BYt31aLT8Ehs3/SiVqSRNGQj4y0Xx0NPYkJqGynY/3cS":{"chainKey":{"counter":0},"chainType":2,"messageKeys":{}},"BVrjWM9sK54atKMQgUxZvrC/D/ZOI5qHGSy2HwG3pmtN":{"chainKey":{"counter":8},"chainType":2,"messageKeys":{"1":"NTWqhiCQFBEHGI1L/5N6dohdbXyqHEz1GH9TsCSnMWc=","2":"rGVVpZHIKotpR+PCQSg1H6Tuamcw+hgr0RO2r1wvREc=","3":"PuxmLg2LPd8HAUNhoSHv1Ooz0PYl+NBsTzTQAr4O8s0=","4":"owYr73Vmw7Bm7U1ot45/Gs9+M9IQe2ZxLNGHJ8KlGI4=","5":"q7Uudfe+pkHaWisjm6V7PmInigJfABLIerOCNCDL3A8=","6":"KSaPFqpBT1z2GFeGMVcBrFSCM+9K7J9tUV6bfObBmwE=","7":"GyW9INlIuH7h4qihc3RnNX6AqvpGtfPxdylnc7ULRmo=","8":"KwFgGWowWRX5M+DIyMzNPQ0rIOzQHZbLA9ogWEyftBE="}},"Bcf9fYUeE5JHqxHvINXV4a09dtlNT5oVrBn7ZUdTv7hp":{"chainKey":{"counter":0},"chainType":2,"messageKeys":{}},"Bbaxwfq4AxllIoum/uoik21kheXjcjQadtQTGBbUawsN":{"chainKey":{"counter":0},"chainType":2,"messageKeys":{}},"BS6jCL+1C7AdcMIauJXToAsQEDL6rFenOCQMYJuNL4Yk":{"chainKey":{"counter":0},"chainType":2,"messageKeys":{}},"BYD3kKTH56f1ihYiUt/LOQYU7BMd4RniBDfiR6gaefcy":{"chainKey":{"counter":0},"chainType":2,"messageKeys":{}},"BZ+Vrjl7sfrtGXVrt/MDkRLBUUBe0a1XlSfrQWkAr+tp":{"chainKey":{"counter":0},"chainType":2,"messageKeys":{}},"BQYfvnM+0NXfPbCEclKRhnKXn4l2PvDUQfMqTXFyn/1W":{"chainKey":{"counter":1,"key":"GTDWGj//QUOoXgUyuoCte6HaakqDQVxlJL4gxhToCqg="},"chainType":2,"messageKeys":{"0":"PU0mssnWbSI3qK6/qiEcHNhf1GNPdqQQ9CNhD7zU5oA="}},"BUisbKTJQueIH/WqWyyzvmE8TnnmDHRmzmmslI+q51dK":{"chainKey":{"counter":1,"key":"YVX6yw2gXLV6BA+v+U3O7EDck85dwnGw7eV9u6c9CZE="},"chainType":1,"messageKeys":{}}}},"BXUECSQ4T1OezW5bugCf1uuWwWFZs6CTY3Ir0Qp2iUcV":{"registrationId":883275368,"currentRatchet":{"ephemeralKeyPair":{"pubKey":"BakJl4r2y/N3CEhkyRU8+jz1mGLw2sibzDuohKmqT8wI","privKey":"cAZt0ij+jrcOrQReffUQvkVor0f8yAPu1a4qR6lTZGk="},"lastRemoteEphemeralKey":"BRBXsZK7Qe3sENWF/bLdeqT6dajQp+14VAOlNLmLnoxB","previousCounter":1,"rootKey":"PTQGNUrXOx6UWDMzernW4uqkbncixMcMTR8nkUaoY7k="},"indexInfo":{"baseKey":"BXUECSQ4T1OezW5bugCf1uuWwWFZs6CTY3Ir0Qp2iUcV","baseKeyType":2,"closed":-1,"used":1743008778415,"created":1742181659387,"remoteIdentityKey":"BXKJXFXrzZP2L0yUdoyL09e7/6P3VrVjvUVpVjeGa/4I"},"_chains":{"BRQ6Ruu3CtQHhqq1/pEj2gdLSBt4MfYsiHW+cJs9/wwU":{"chainKey":{"counter":0},"chainType":2,"messageKeys":{}},"BUmR0YEJu7DS3/9fdcQoyU/u0YQQ2VmWXLogYUg2yrM8":{"chainKey":{"counter":0},"chainType":2,"messageKeys":{}},"BWHw88RbfR5uyY2Nlzv2Owcp++tqauhcDdLmyEGtMs5y":{"chainKey":{"counter":0},"chainType":2,"messageKeys":{}},"BdK/dKFezKyQN4Z3FgR5KWTrIgw1PqAU7q0pmrAPDpoG":{"chainKey":{"counter":0},"chainType":2,"messageKeys":{}},"BU5wt78mTheVE0FHortipbBs3m3YqRKXiMJm0XoZWs8D":{"chainKey":{"counter":3},"chainType":2,"messageKeys":{}},"BZLhZUYV2vK3Xiil7OE/alGqZaIdLz1COWv78RJkKuYf":{"chainKey":{"counter":0},"chainType":2,"messageKeys":{}},"BVvMWrQfPEo9j7MxchVrAQzkKUUd2wFZNqDR08REs3Bk":{"chainKey":{"counter":0},"chainType":2,"messageKeys":{}},"BZ+F8GMS24+ZCbjKCeFe4mrt6jFjfP6+LZW6vE/f11BP":{"chainKey":{"counter":0},"chainType":2,"messageKeys":{}},"BTzQDc2IjOUdnZFnHTK2Y6fvRxafORArOyfHt/8RRLVI":{"chainKey":{"counter":0},"chainType":2,"messageKeys":{}},"BasYudQsbRI0wrXyYIbR4nTG7JnwQ6zcMknYVIO00I1H":{"chainKey":{"counter":0},"chainType":2,"messageKeys":{}},"Bc+dNFe73jbS/SOzK+PYLSZTw7X2CyAPADrk++yzu6cy":{"chainKey":{"counter":0},"chainType":2,"messageKeys":{}},"BebQFxCXrF1if57+ZZEaoLDEVDkn5RfL+OnKKcqJ6LwO":{"chainKey":{"counter":0},"chainType":2,"messageKeys":{}},"BYBKtJ7gllnySoZVj1m+8aEGb8Pj9fg7q+NoeUFXz6A2":{"chainKey":{"counter":0},"chainType":2,"messageKeys":{}},"BcKXCYGkfEVPpcjuszsuHqr467rCeeyLBB/cTFI/Rw8H":{"chainKey":{"counter":0},"chainType":2,"messageKeys":{}},"BfpGOrOjYae6AASr/+VBnobEm3k8MRCPB4uHEyGlHNlN":{"chainKey":{"counter":0},"chainType":2,"messageKeys":{}},"BdbqAoIk40+7MUCgkYIjqD3lbZzimZUXFJ/UKY7ToXtX":{"chainKey":{"counter":0},"chainType":2,"messageKeys":{}},"BSniyxbi0dc8818C2hU/fEIxDTasxkDbDJYGIda1Sgxb":{"chainKey":{"counter":0},"chainType":2,"messageKeys":{}},"Ba0lOClLz8P+SM6wrewweRvHGnDvg+C3i1nn9FN6lyst":{"chainKey":{"counter":0},"chainType":2,"messageKeys":{}},"BdWZxVG8FdcqcEbAbErMo/NqrJMkTOvQJPrZsWuNmHZI":{"chainKey":{"counter":0},"chainType":2,"messageKeys":{}},"BX6eGnQNDhYrDroIViLcP/f0kOQeqhA7eVH1whbE3NpQ":{"chainKey":{"counter":0},"chainType":2,"messageKeys":{}},"BWKdxzWC2MRFow0GdJg+RWLncAjc0PjiZP+uOOw/aTdI":{"chainKey":{"counter":0},"chainType":2,"messageKeys":{}},"BWJjXckP5VWx0r5qnuXoBoixreMDLZV1kvTSKLtl5usB":{"chainKey":{"counter":0},"chainType":2,"messageKeys":{}},"BTUMBaAwKiHTQ4G+li5IZ6vyTy7Rtja28Vd07wlmOs1K":{"chainKey":{"counter":3},"chainType":2,"messageKeys":{}},"BT//7Ql2LUd4S4b64ama3gK6RVevVAzTl6blPS1S23p2":{"chainKey":{"counter":0},"chainType":2,"messageKeys":{}},"BWI8zGRwHSpAGoaWFBmqQy4T3Lp/sLkGENHR43u3ZUhJ":{"chainKey":{"counter":0},"chainType":2,"messageKeys":{}},"BaHevlzL1Zgznt0SDP7/T8nHEcJGhIX0onOHiGe4yfFm":{"chainKey":{"counter":0},"chainType":2,"messageKeys":{}},"BakeE0RQOsiLjewqgOOHBQ+l3DG/q3ij3ZW36wpssWhP":{"chainKey":{"counter":0},"chainType":2,"messageKeys":{}},"BdOrD2KBJ9lTOeWLGvCWVV4Ih3LFy6SFdyHdihjugFp1":{"chainKey":{"counter":0},"chainType":2,"messageKeys":{}},"BeCoKCfSioKBq9dv5K3gCcLayVzWwiiZbenquaEBa4hN":{"chainKey":{"counter":0},"chainType":2,"messageKeys":{}},"Bb/UVmrSvoaaDSS4qxusnx+LHXokCKuuJYvHo4P2MJhH":{"chainKey":{"counter":0},"chainType":2,"messageKeys":{}},"BaIBOm/xVlGxj0J7sf6mUQerNLH7Wqpnz7xLO/7u3MI8":{"chainKey":{"counter":0},"chainType":2,"messageKeys":{}},"BVg+dF4Vi97AUeNIWJ2tKUQZO66n7f3gxdYzqvD/zf0p":{"chainKey":{"counter":0},"chainType":2,"messageKeys":{}},"BRRWzPYuvhZWurHeznPHnnGtTmyKXZwG1NujjpUl6EQz":{"chainKey":{"counter":0},"chainType":2,"messageKeys":{}},"BcdQtpT3MQcdJvN7XC5w0KWVcJgkqhWFIENwzTrXn6BP":{"chainKey":{"counter":0},"chainType":2,"messageKeys":{}},"BdBwU6RBqGv8fYBKmIpgyuyp4XkhEw7IvwW+AMVXpbsM":{"chainKey":{"counter":0},"chainType":2,"messageKeys":{}},"BUAdgHM6s7389o+O5/kUg7RxG8NnQXR64ipMrcCah3Vx":{"chainKey":{"counter":0},"chainType":2,"messageKeys":{}},"BWYLLymYtM2kMGTe64hgLS2iw5/CYyj5wwOA/BAVfzNu":{"chainKey":{"counter":0},"chainType":2,"messageKeys":{}},"Benb32uJqYoL7QbAfz28i/OHRBPN/LoUnSSFD8Kqc1Q2":{"chainKey":{"counter":0},"chainType":2,"messageKeys":{}},"BUDEI4WMtz36lwhl4cXvqdamIGYnwYX9GDqix+n4UqJp":{"chainKey":{"counter":0},"chainType":2,"messageKeys":{}},"BcfYMbwsesyvG+8hmAYh85a3AW6zPRNOg+hZP+xtBfYy":{"chainKey":{"counter":0},"chainType":2,"messageKeys":{}},"BWtBsbJfGeHWWCxj+lFp2EBgjTqL5Yii/P70hr5wYiEF":{"chainKey":{"counter":0},"chainType":2,"messageKeys":{}},"BRwR7jxXxOT5GSSpCuVvjVRdOvdP/DfZFnQWDAyTMHl4":{"chainKey":{"counter":0},"chainType":2,"messageKeys":{}},"BYifXkClfXCzNNEBmFVC+DKk2wt3+BoP2P8Zrxgm8PBF":{"chainKey":{"counter":0},"chainType":2,"messageKeys":{}},"BQ98Jq5sVaIkEIynyHknpiFGcLasL9lnNvzYR7XBBHMi":{"chainKey":{"counter":0},"chainType":2,"messageKeys":{}},"BYXofHqCk7XGjtxUE/qqkcem3LofsMvQ07COQwBdiAJj":{"chainKey":{"counter":0},"chainType":2,"messageKeys":{}},"BXSZmmS5fhPWMJO6siQbvWCrJ1u6arnEr1jshWz3JTIV":{"chainKey":{"counter":0},"chainType":2,"messageKeys":{}},"BQ39RHn2+OsgwVXMnVO6qCXhpMzBMGJhItuleZUMohEv":{"chainKey":{"counter":0},"chainType":2,"messageKeys":{}},"Bc65s3yz/Fv+uG6euJ4LtjeY4iRDFye0RHTXcARK538X":{"chainKey":{"counter":0},"chainType":2,"messageKeys":{}},"BUtS0hgxd+2NupYve/+io1U+cNUZtZR3gnCwbjHis6do":{"chainKey":{"counter":0},"chainType":2,"messageKeys":{}},"Be2hlePgN1tWEmiZnlR8btzE3oNQk3K0FrmDxw1sBVlu":{"chainKey":{"counter":0},"chainType":2,"messageKeys":{}},"BcZJHGolhr6JjQKNw5Q4fWgUAQv9+FzJb9U4KknoUCFa":{"chainKey":{"counter":0},"chainType":2,"messageKeys":{}},"BerArVTFe2qA14ULczvpCYqdmQ/fUxD6CbP2NPC93rwI":{"chainKey":{"counter":0},"chainType":2,"messageKeys":{}},"BXaZDrqYPNfGj8OfFvRbhkfeUktABqJDNpMK0a3Yj9ls":{"chainKey":{"counter":0},"chainType":2,"messageKeys":{}},"Bai+I1EHil2Vi6JBekIz0C7Oc7I4ktSaK+Qh21mWgZA0":{"chainKey":{"counter":0},"chainType":2,"messageKeys":{}},"BaFB1bjFklVTRuCN6tmErQC6hz/X20TZYUxQpmGIZQwZ":{"chainKey":{"counter":0},"chainType":2,"messageKeys":{}},"Be/TP3QZrgInNga4s1YxT2turQIKzkKVKAokcrYMZeVz":{"chainKey":{"counter":0},"chainType":2,"messageKeys":{}},"BeGgSVi9s6vM5xeU+VjiMYkfaOJUQIoasvbH45h6EIdz":{"chainKey":{"counter":0},"chainType":2,"messageKeys":{}},"BTt5uwTGQfcFOo6bxV0e4sc841MZzADHNwNViweaVtFB":{"chainKey":{"counter":0},"chainType":2,"messageKeys":{}},"BTGI24faw6u5u4IzJ/k1wZNjlVLpqaVJMobWZ54365tt":{"chainKey":{"counter":0},"chainType":2,"messageKeys":{}},"BTGIyPtQvzBbynOX7WIdOM+rYcikNA4mcC9bpzlYYmgw":{"chainKey":{"counter":0},"chainType":2,"messageKeys":{}},"BeIyD3cnr/aOOXXGjbkx+GZI13dMa69g12dyCRO17E16":{"chainKey":{"counter":0},"chainType":2,"messageKeys":{}},"BUJl4RuaoGtnKf7b737ggX7lGsnICVvhwn/eY81C6tNY":{"chainKey":{"counter":0},"chainType":2,"messageKeys":{}},"Bfj9vsotFzQ/6sM6EbfDF0JfK9Zbef/jbuet3Dq1DaBa":{"chainKey":{"counter":0},"chainType":2,"messageKeys":{}},"BckbdVIdgRHUVxELINPHRIsB/Cn96gauQ2RzRcg67F0J":{"chainKey":{"counter":0},"chainType":2,"messageKeys":{}},"BTcBhz3Xz3HxtXhQ9Glr3SB9Hd1SkqImw53jp/vnLGEp":{"chainKey":{"counter":0},"chainType":2,"messageKeys":{}},"BYSQXpFnA/kfCr2e1owDLLO8zkMs75tPGgLVYkFn73QS":{"chainKey":{"counter":0},"chainType":2,"messageKeys":{}},"Bek2nprl1ZYmGZLU51EMaRF3J2m2tkISgM9tGzgIxSh4":{"chainKey":{"counter":0},"chainType":2,"messageKeys":{}},"BTP+VhcKn/CxVlsJsMBzlTm8lNMDjS3rF+D/AlPH/axr":{"chainKey":{"counter":0},"chainType":2,"messageKeys":{}},"Bb9szy4NgnO1JLLJB3+wCEeeyeFXXOUH6+AR9TTSqGAQ":{"chainKey":{"counter":0},"chainType":2,"messageKeys":{}},"Bfj/u+dGzeoL+tGIfZDBuUwL0NqPGT9uNuTUSXwO2bJx":{"chainKey":{"counter":0},"chainType":2,"messageKeys":{}},"BWnTI8TTVdDvVvI8OQthmXULtJnNi1wsm+tJnpO9kapp":{"chainKey":{"counter":0},"chainType":2,"messageKeys":{}},"BRV2L6/vBD0Pe9TjhRfLPMZdxgcJpVPK4xpG4s7MKSJ7":{"chainKey":{"counter":0},"chainType":2,"messageKeys":{}},"BdWzvXzb1ej7lv5YksotwLf2WLXRqNPm1TOgiowRyWBF":{"chainKey":{"counter":0},"chainType":2,"messageKeys":{}},"BYtpeGZZt0RBjukMrzJ1yKzfQy68OQ+FIa0XsD/MFklD":{"chainKey":{"counter":0},"chainType":2,"messageKeys":{}},"BQsRti7jR374dzpwAMJHa3LesFjopMBj9BV5RXixs48j":{"chainKey":{"counter":0},"chainType":2,"messageKeys":{}},"BfcTspUvBZNcldfoW5vV+ZSdA7ebV87SXFiVRB+ELRkJ":{"chainKey":{"counter":0},"chainType":2,"messageKeys":{}},"BXPCbIalMK7LFU/AKArnGYw0+LTduTn9ffCuvngzHagt":{"chainKey":{"counter":0},"chainType":2,"messageKeys":{}},"BSN0P571L27iWM8s4ZJvO8rAR1iWuaWC30+cXoxUUeMF":{"chainKey":{"counter":0},"chainType":2,"messageKeys":{}},"BboVA3nusF6DgF5YkRotUfiu5z5yHnrHbSy/LQtjow59":{"chainKey":{"counter":0},"chainType":2,"messageKeys":{}},"Bdy3FUbkEOdrzanPo/akewv3axOzPUiisXYsA7wjApR/":{"chainKey":{"counter":0},"chainType":2,"messageKeys":{}},"BYVVnAbhlsaFsf7gJuAyg8EPuEuJRDcKWh364kt+bYBJ":{"chainKey":{"counter":0},"chainType":2,"messageKeys":{}},"Bb+MTE62imSAiElTs+vYJJvcbU5pJGyHHhuEhi3xhNtn":{"chainKey":{"counter":0},"chainType":2,"messageKeys":{}},"Bf/VgQr4iZj37s+4OoF44706kWf6zoq6Zzl20De58BBX":{"chainKey":{"counter":0},"chainType":2,"messageKeys":{}},"BW94QMACAwFkdvHQQD7Ya3gcyWGk5eGpSn9GEbk61rNS":{"chainKey":{"counter":0},"chainType":2,"messageKeys":{}},"BUQT65pETlebkaNhOVZ2ITbgeD4Pb5NY3AyuMi079wJI":{"chainKey":{"counter":0},"chainType":2,"messageKeys":{}},"BT3ISsVAFVwPP2cvLYwNVKpUlffAnNLBWcsnNRlLNAgi":{"chainKey":{"counter":0},"chainType":2,"messageKeys":{}},"BQuZfA04mulEvZ0+jL8lbunUjdUt6eHto5SdwBf/h3JM":{"chainKey":{"counter":0},"chainType":2,"messageKeys":{}},"BSESasaNYB2xaQxq1OPMRyQblACxp7EyvFSoioHSUyU7":{"chainKey":{"counter":0},"chainType":2,"messageKeys":{}},"BV2ALi/Y9Ap49O6qlAM+VzyePuuPRlBCi2wBdA0PWOJL":{"chainKey":{"counter":0},"chainType":2,"messageKeys":{}},"BRBXsZK7Qe3sENWF/bLdeqT6dajQp+14VAOlNLmLnoxB":{"chainKey":{"counter":0,"key":"e6maDx6ujumZYzNiTcYaiI5hhlTNgJG8Z9Wn7NaHrjk="},"chainType":2,"messageKeys":{}},"BakJl4r2y/N3CEhkyRU8+jz1mGLw2sibzDuohKmqT8wI":{"chainKey":{"counter":1,"key":"9EVjucjCYo4iyxRfgQDz6PXiURqsn1lC2My03KzVS5s="},"chainType":1,"messageKeys":{}}}}},"version":"v1"}