{"_sessions":{"BZOVHQgxEAPZw8bgignSQNPcjUL5sFiUZn17ZEvpCg94":{"registrationId":728538413,"currentRatchet":{"ephemeralKeyPair":{"pubKey":"BdvA2myvw0voGbY/AKORiusAnrVlSLd52TjbBIp5Mwt0","privKey":"EMWUwMdoxrkttkqKphTDcDHWfGWF6Bf26TLeGmvnu1g="},"lastRemoteEphemeralKey":"BS1LWreJ1FAdND2xOq34nuyN7KELf0/4cqzGG1lBAiQS","previousCounter":0,"rootKey":"aO62nfQU5Z8owjfXBGxIcbtAJpSJCNZ8JH3itgkVxxE="},"indexInfo":{"baseKey":"BZOVHQgxEAPZw8bgignSQNPcjUL5sFiUZn17ZEvpCg94","baseKeyType":2,"closed":-1,"used":1742263191862,"created":1742259745930,"remoteIdentityKey":"BcOT1BUHgi+U6EIAlsFNeH3mV2Bt4DQvn1NYWC3DBPJq"},"_chains":{"BXp5EZeZYSrAWro+HU35q2QYMjfgH0glNcPiTYdi0CsZ":{"chainKey":{"counter":1},"chainType":2,"messageKeys":{}},"BearRf8kP3AedCuP0IHnmfpYH26g5rgUdakcZLMdeUUH":{"chainKey":{"counter":0},"chainType":2,"messageKeys":{}},"BSDYr9bVLL7CXmM8kVVyeYM1GJwrkbizxBSCLqha/eVH":{"chainKey":{"counter":0},"chainType":2,"messageKeys":{}},"Ba1GIYTtedopy8UvzHiSvGERACq60UsonnLRviG/4016":{"chainKey":{"counter":0},"chainType":2,"messageKeys":{}},"BbPybtU8yCHdMlW9I5LpxkJODt/ha/kZ83oiwORrJUAy":{"chainKey":{"counter":0},"chainType":2,"messageKeys":{}},"Bf51w2ZvR/YxiFFXVD4xRf7cetAfPvhl0rx/67gSwngi":{"chainKey":{"counter":0},"chainType":2,"messageKeys":{}},"BXJPgVg/YENGfO3SczezL13lOkCI3X96g43KlyfcP5dG":{"chainKey":{"counter":0},"chainType":2,"messageKeys":{}},"BfnUj6kfT18HVqQLfYAyx4ED37zb/aKfYhIAAt9L21Iz":{"chainKey":{"counter":0},"chainType":2,"messageKeys":{}},"BcUhDB/FJl+sDrO4KDmMr9jCGcFG14wycScYTlHjQFRs":{"chainKey":{"counter":0},"chainType":2,"messageKeys":{}},"BZrtWGRSoGCtm3dX9fUK1X9jVK13OY3iV+etfe7r7MwZ":{"chainKey":{"counter":0},"chainType":2,"messageKeys":{}},"BS1rLTkfWHUmLAdqigqFWOB6Gg3pyPjYN8vvAirDPsYX":{"chainKey":{"counter":0},"chainType":2,"messageKeys":{}},"BZzjqU7Cwdw4s4I6iCcuzM2uxht5wmoPHbeOd+5e5aQs":{"chainKey":{"counter":0},"chainType":2,"messageKeys":{}},"BWaWzT2CpceZmo006TLG9RUloVTK5RQu4LITU/vzDIh9":{"chainKey":{"counter":0},"chainType":2,"messageKeys":{}},"BeD9ZykXAhYaAA4OJ4p8+yoxtIpYeXk3SJUG4Ubi7ZRt":{"chainKey":{"counter":0},"chainType":2,"messageKeys":{}},"BV/zq4E4jwWVNvHV877ucqyES88kfUjYC02/4N+anEFO":{"chainKey":{"counter":0},"chainType":2,"messageKeys":{}},"BbietPnGH4HdeURkQH0TnrzlVo5h2XXFpU7g4oDWaSwE":{"chainKey":{"counter":0},"chainType":2,"messageKeys":{}},"BRxripGJXRX05ruHuLSpdM+D0TtZ34hXWNxsA9KgrQAK":{"chainKey":{"counter":0},"chainType":2,"messageKeys":{}},"BV+mXpJ/6ysLh23nB0I7yI36GJX3pDUoNQXAV9Fuqihz":{"chainKey":{"counter":0},"chainType":2,"messageKeys":{}},"BS1LWreJ1FAdND2xOq34nuyN7KELf0/4cqzGG1lBAiQS":{"chainKey":{"counter":0,"key":"lpi0UouDDDtXG/7piooyKfmxyhmSo/WXUVV5fVfZNdU="},"chainType":2,"messageKeys":{}},"BdvA2myvw0voGbY/AKORiusAnrVlSLd52TjbBIp5Mwt0":{"chainKey":{"counter":0,"key":"lIE9ud5uoHgjxfludEae10l+ducv2JwWwQZY+v3Or2Y="},"chainType":1,"messageKeys":{}}}}},"version":"v1"}