{"_sessions":{"BTQMV6AdEW8oCAklgXpO7j5Vkqtrg2IjEOHFy0Q96hcg":{"registrationId":1556081533,"currentRatchet":{"ephemeralKeyPair":{"pubKey":"BTAQNkGv7iHTxTvv15v/uNLx14Iq2gaWepK+gLnnE7Mv","privKey":"wAUVd8n0eSA2I0bdH3LTahb0Pz/JhUJ+iH65DJcfTFY="},"lastRemoteEphemeralKey":"BcTMhMEdF619480mJ0gKggxjJPCIb97H8MFLisiIuW9k","previousCounter":0,"rootKey":"w998Np7g+cgByxkSiXaMQUuMkqMmhrjXHuTrIpgIK9M="},"indexInfo":{"baseKey":"BTQMV6AdEW8oCAklgXpO7j5Vkqtrg2IjEOHFy0Q96hcg","baseKeyType":2,"closed":-1,"used":1742788419309,"created":1742183484764,"remoteIdentityKey":"BXKzSRT4h+9Xm2WTFcci8vVjGqDqIjJ8tCoR/ajAUopO"},"_chains":{"BQikUhB5z0TA7nlbbAQoQYf0u7o+Wg9zpZ0cL58Q1Xkj":{"chainKey":{"counter":0},"chainType":2,"messageKeys":{}},"BVs00h+Fyt/apqkn6NLCrr+lyFkkpdkYQAatIhYOZ9Za":{"chainKey":{"counter":0},"chainType":2,"messageKeys":{}},"BTLusN9ORO3EQWqgatrxZI/EZPaEkGlG7gLYO6LI6ZhO":{"chainKey":{"counter":0},"chainType":2,"messageKeys":{}},"BSnmcDdi/g/Q4EyrueInVkFDDvnVpiq7IwzKj1zzQ/R1":{"chainKey":{"counter":0},"chainType":2,"messageKeys":{}},"Bb6C4sXgq4IOv18Bu4tMVK84gWU2ZiLiOmBOBa+7ujoG":{"chainKey":{"counter":0},"chainType":2,"messageKeys":{}},"BacNeb/1C+ytpRmsTv/SsPrHyPhKHb40iHJfjXYbO64K":{"chainKey":{"counter":1},"chainType":2,"messageKeys":{}},"BeQUcnhKoN/gPGQgaP6smBL32G+8MFfph+Hd4dWk1tlu":{"chainKey":{"counter":0},"chainType":2,"messageKeys":{}},"BYBUKZ6YTzsxutZvJ6sWQgw+sj6GEjbDTNnhK2CvUoIE":{"chainKey":{"counter":0},"chainType":2,"messageKeys":{}},"BWBXV7/reIsl2A6jKEA8DzqmukpZOa07Kuz+YowdFLwG":{"chainKey":{"counter":0},"chainType":2,"messageKeys":{}},"BYHksuMHRU/1BxpbYJMrJ+SM1Usg5PVp9v1XH/9eunxX":{"chainKey":{"counter":0},"chainType":2,"messageKeys":{}},"BT2btZ2CuxNCiZb54hrnGoOauUU9HJdtDL5okuY+l7YW":{"chainKey":{"counter":2},"chainType":2,"messageKeys":{"0":"/6fQO9voxgQttCPAJ16Grv80bqJ7zfpDoxHHSyqrC74=","1":"DTkjBENcirIZ6WxJY7SLzbOyyo9W7PYZZoAeD7XWklo="}},"BRAwzlbTg3SYbOp+12G90/HE0KcfmSPH5sfb09/Q71cq":{"chainKey":{"counter":0},"chainType":2,"messageKeys":{}},"BY5lnId3j1Pc4VRJA8DndxOZplduA5GvjzPFzxxuz0NX":{"chainKey":{"counter":0},"chainType":2,"messageKeys":{}},"BfAB6tuBgfmvBCACWKgkGmOODLakr35fbjwjhZ7VNNck":{"chainKey":{"counter":0},"chainType":2,"messageKeys":{}},"BcTMhMEdF619480mJ0gKggxjJPCIb97H8MFLisiIuW9k":{"chainKey":{"counter":0,"key":"xFVS92bKAS8VtYcukAFhecyniT1uyZRueFdan374m74="},"chainType":2,"messageKeys":{}},"BTAQNkGv7iHTxTvv15v/uNLx14Iq2gaWepK+gLnnE7Mv":{"chainKey":{"counter":0,"key":"jJCYyOBPzjS8JHPHGD7Qr/ud/X+puBCxX6g/S1nmneA="},"chainType":1,"messageKeys":{}}}}},"version":"v1"}