{"_sessions":{"BV2r0328iNAaXI4Lfz3iYT6HxytpN5ccD2CTghtKCD8L":{"registrationId":2433,"currentRatchet":{"ephemeralKeyPair":{"pubKey":"BVOShLWMmH73OC42JjSgrJm/kboofDGt+TQPEyk54dYD","privKey":"2Ob9Kw6wjgES+WzayktBNl/2puk45OlqwU3tZNsPPHI="},"lastRemoteEphemeralKey":"BZwdBXs+PvgNeWSgEQAIQi4Q7CtsyxbjaJEi40ybzt5C","previousCounter":0,"rootKey":"tejHLlOlNEX0ndL9W+PfrJv3CM4kwO/lUUQhGWEi6oo="},"indexInfo":{"baseKey":"BV2r0328iNAaXI4Lfz3iYT6HxytpN5ccD2CTghtKCD8L","baseKeyType":1,"closed":-1,"used":1742867215791,"created":1742867215791,"remoteIdentityKey":"BTB8EGiPPngQ4Gn7iqL0FKXsUp1b0bF4cH59OcjZc2pi"},"_chains":{"BVOShLWMmH73OC42JjSgrJm/kboofDGt+TQPEyk54dYD":{"chainKey":{"counter":7,"key":"mDmHwxPWsmXc+KhzTDeN+g5zOSHSbiuFUTI3IBt4Jgo="},"chainType":1,"messageKeys":{}}},"pendingPreKey":{"signedKeyId":1,"baseKey":"BV2r0328iNAaXI4Lfz3iYT6HxytpN5ccD2CTghtKCD8L"}}},"version":"v1"}