{"_sessions":{"BZ+0/8/LnwIYxLpnIBBQ7o+jEzBVBlxMptpbq0pKWMcp":{"registrationId":10835,"currentRatchet":{"ephemeralKeyPair":{"pubKey":"BcPRmVByI8NavfEH8ugY0tUQxFZGgztElA2nNCMxBlIs","privKey":"0HU7CFS8DPB0byF9KXlYtogQngm7txODkzi+ePGrzns="},"lastRemoteEphemeralKey":"BakT1LwPZgbr/Vr6hn4cAJWF3J9ij+9cUb1yX6D0924Y","previousCounter":0,"rootKey":"IZmqJw0JNdF7u8CWfMWqHhKxrLQKrt8otdzj5RWq/68="},"indexInfo":{"baseKey":"BZ+0/8/LnwIYxLpnIBBQ7o+jEzBVBlxMptpbq0pKWMcp","baseKeyType":1,"closed":-1,"used":1742183653267,"created":1742183653267,"remoteIdentityKey":"BfOa4BEDUC9hF5bqAohSBVIAZYx1FDW2bu+vgcDOPZ1S"},"_chains":{"BcPRmVByI8NavfEH8ugY0tUQxFZGgztElA2nNCMxBlIs":{"chainKey":{"counter":12,"key":"DhLi0JrfhOc3f+miwfG/AwSeURgfkPkY9HG7wM/GEYM="},"chainType":1,"messageKeys":{}}},"pendingPreKey":{"signedKeyId":1,"baseKey":"BZ+0/8/LnwIYxLpnIBBQ7o+jEzBVBlxMptpbq0pKWMcp","preKeyId":211}}},"version":"v1"}