{"_sessions":{"BUaJlwx4yx9zTwLVBwGtpslRQw8sF5UQA8Edy6gnh9RH":{"registrationId":1628858220,"currentRatchet":{"ephemeralKeyPair":{"pubKey":"BXQv6GylUwN3KvaO0t448DDy3RPgP9j6UahWWDCFxU00","privKey":"eIMNcyQGv9flVduIDLhvFS6uT9wRW64LTRPMbosofVc="},"lastRemoteEphemeralKey":"BYa1HSMSlTFW01Px5uYSi1RqnEufHC2NDSwW1Lpjz1FI","previousCounter":0,"rootKey":"pM7rHd2nehIUzDgVOuokDuTtpxg34jHO2X4zlJbapJg="},"indexInfo":{"baseKey":"BUaJlwx4yx9zTwLVBwGtpslRQw8sF5UQA8Edy6gnh9RH","baseKeyType":2,"closed":-1,"used":1742865721416,"created":1742259804672,"remoteIdentityKey":"BRswVpaoUbW885HkGpBIlyX/+b9FFUSguAQHXZJA/YVC"},"_chains":{"BQ3N0HrVeMaUVUrVyznese129V+n8oVAtVijtOZjv8Ix":{"chainKey":{"counter":0},"chainType":2,"messageKeys":{}},"BXcalj0cmxKG0riSHpxzSkHF1Irn933wNn4U23PrvDFm":{"chainKey":{"counter":0},"chainType":2,"messageKeys":{}},"BUn8d42zKG6TJJkYg1zd+Dy0N4zjpFjOhv9esVAq4bQb":{"chainKey":{"counter":1},"chainType":2,"messageKeys":{}},"BdimN4z8G4EnmuzdmRnFxgaCqAI7N23CxXH3QXcMlncU":{"chainKey":{"counter":0},"chainType":2,"messageKeys":{}},"BblJxaz2FeGk/cLnQwDlEZ0qMeEK6SqpWYWlTTYx8/Zl":{"chainKey":{"counter":0},"chainType":2,"messageKeys":{}},"BZ7Tizsvkwop+yZhDFsp7GRMMWIh1bat7978lvQAQo5Y":{"chainKey":{"counter":0},"chainType":2,"messageKeys":{}},"BVAbEdEjkrpQsIJJghsXszU19NEz7Om3qMCBiJj4uiMq":{"chainKey":{"counter":0},"chainType":2,"messageKeys":{}},"BR80Y9TFV1ooDcfs0BihzuyuFGaqbZt+lSwWFAHIBUId":{"chainKey":{"counter":0},"chainType":2,"messageKeys":{}},"BU6m4W3HRamJWaqFWyCCS04DBV/vwIBVh64TvG4You4q":{"chainKey":{"counter":0},"chainType":2,"messageKeys":{}},"Bd5BaxtLoOqquEE6wL8Rn2d2MUh2cXX0m96y7kkmfHVT":{"chainKey":{"counter":0},"chainType":2,"messageKeys":{}},"BRGGgGkgu+sZdJ6+NPfzkpPHnkqsHSJVSJmOcy4vtd87":{"chainKey":{"counter":0},"chainType":2,"messageKeys":{}},"Bd1YmwviGBCEsK7GfC6JroOOae1+EotSGoDXbEkBb0lQ":{"chainKey":{"counter":0},"chainType":2,"messageKeys":{}},"BTx+76Wy7yB/6EsM3+esHB9y3YZezB/Z5OHl9fN18V59":{"chainKey":{"counter":14},"chainType":2,"messageKeys":{"0":"S3SsW4X+AtBbWaeEKk51EncQnAOdAvQHAk32jMfU6Xo=","1":"qHMfefL7OFx4NXQkR3SppJdxSz7Tj9K9cS72Fhe2LV8=","2":"1Z8f7QsfDyaocPWpCfBBC1Kq7pL1Hk1Uk0UtVMUXQII=","3":"KUy7HppjAe76PoP4fo9xXvP4b0zZKnAYbsfErqMtT90=","4":"If1O2f4bDbbTnaKvC4JzKFqB4Wp+NOAHZgIhJNHcaaM=","5":"1IkUe8XYd+1DGZa18cr5IfYHxvEADvYqzbaFoR9h5RM=","6":"pS/fJkaR5u/z+Cv+R7WxqJXTgophmOKg7xv2E90RS7s=","7":"Cvdajluj7tli+XP1/pjgzdhPQx7xk6tTblI9fHQzjlQ=","8":"Sr8Gds8uv07h8Ux9EmSO6CjwrRf32EL+ea6Bswd3uEk=","9":"8KMR3rS/ijaxrPHBDuANWWGP47s81nCxL8LNLWmmBeM=","10":"gry9w9G8caC5/xBK6Ppj/3awzoXNEyz009qVBgCSeFY=","11":"JLj8zBy0E75Li7bc7L/ZhoOMfc8/kGM9JjhG8J4/icA=","12":"ZwXkRBB0i9NwePhI992lWMII5YfrRhyMUVl+mUEDh5s=","13":"oL8GwprpHtyhuQOKuZ1ZQZlWkEYBiDYoW6xOufPqEMI="}},"BdAxe8AoyuKVl6/VGHM8HRD7qfEK+QPJQNgtU4yHz5Z7":{"chainKey":{"counter":0},"chainType":2,"messageKeys":{}},"BVfKC+mGYvrzF6rBpf3936FN7TD5pDYA/uNiFuse/LEx":{"chainKey":{"counter":0},"chainType":2,"messageKeys":{}},"BYpdi0rFe7/eMKYRxFKRN+pIfmwegNsj/QJqbfvce7cW":{"chainKey":{"counter":0},"chainType":2,"messageKeys":{}},"BRK2u87lENjplY1EhEUqWuNa2gYjb7LRI20pqBQNzqcR":{"chainKey":{"counter":0},"chainType":2,"messageKeys":{}},"BYa1HSMSlTFW01Px5uYSi1RqnEufHC2NDSwW1Lpjz1FI":{"chainKey":{"counter":0,"key":"KTL5YTDJd8s3M/jEpWEzt/sfNCX6BDEex6G5MiEdPW8="},"chainType":2,"messageKeys":{}},"BXQv6GylUwN3KvaO0t448DDy3RPgP9j6UahWWDCFxU00":{"chainKey":{"counter":1,"key":"kt+0a5560ggmBRXD9++FHSMKZwINDnzezBkxC9sBNQo="},"chainType":1,"messageKeys":{}}}}},"version":"v1"}