{"_sessions":{"BSlfWY3SISlyGkYF4qE2c93c6Y6Puy53mXfA9XbrafkR":{"registrationId":291293885,"currentRatchet":{"ephemeralKeyPair":{"pubKey":"BcPYpjJ08U2GfnZE4IlA1ctZ87yYrHhtFSRxERSv3eoW","privKey":"EMLLTYv0VP9J+A7YEzhMQAbXEL9XQvEPoX0HNrK2Mn8="},"lastRemoteEphemeralKey":"BRufpcXe0GcOoJnQiPoKzHxlKGyb95KSUM0nUM+Xn2Ab","previousCounter":0,"rootKey":"PG4uToVOxN6j2G82deCknQBlALVFxp8340McUUuKRiw="},"indexInfo":{"baseKey":"BSlfWY3SISlyGkYF4qE2c93c6Y6Puy53mXfA9XbrafkR","baseKeyType":1,"closed":-1,"used":1742865740021,"created":1742865740021,"remoteIdentityKey":"BbkazfOx41XGWtIu1zb+6jpe2MxxlNeT8IY/C/Uvw8h5"},"_chains":{"BcPYpjJ08U2GfnZE4IlA1ctZ87yYrHhtFSRxERSv3eoW":{"chainKey":{"counter":0,"key":"MDMuTDZg4Zp0EKYTuRobURvyNZ+X0/DwebX+3KTdEVM="},"chainType":1,"messageKeys":{}}},"pendingPreKey":{"signedKeyId":5,"baseKey":"BSlfWY3SISlyGkYF4qE2c93c6Y6Puy53mXfA9XbrafkR","preKeyId":888}}},"version":"v1"}