{"_sessions":{"BbPmTMIgSi1J5bS5W7Ug3lf8im4zFA7WsCjxaiC6ZI0f":{"registrationId":1153034178,"currentRatchet":{"ephemeralKeyPair":{"pubKey":"BVnzDg7MIJLKAdYbmJUqNnm5ue2aXy4vvi6VRulKsOkc","privKey":"iBHzMebSAfzIc/gdajtUmkGuygsK8pabdBE/9Ri69lY="},"lastRemoteEphemeralKey":"BTKiKkO6xEiSO7LgcLUY31gn2YvyyEPvqVdm/C+axekK","previousCounter":0,"rootKey":"s32QW+0I+klZuub6enzYmq9mqNKbjQ+xHFbQh5UzFDE="},"indexInfo":{"baseKey":"BbPmTMIgSi1J5bS5W7Ug3lf8im4zFA7WsCjxaiC6ZI0f","baseKeyType":2,"closed":-1,"used":1742788564542,"created":1742183464168,"remoteIdentityKey":"Bcfq3BhhpGjdlvB2ymvj6dcRdIQ9zYSPugJRcG1dI5pg"},"_chains":{"BX0fHz0PaBMiNpuqixc2t6o+xsJ8OLvZae4TltloYXl7":{"chainKey":{"counter":0},"chainType":2,"messageKeys":{}},"BagsgL3VzkSjJVEOYOU10+YiIH9KfMuHdrl80RRWWJdZ":{"chainKey":{"counter":0},"chainType":2,"messageKeys":{}},"Ba8Cb5gJSR+OX4j+mZ81FobXWD2fZP9zQLu4+uf6yT5z":{"chainKey":{"counter":1},"chainType":2,"messageKeys":{}},"BVJ4PZiMfS1cKg++XLy6ufS7vr20zINIAFKDnhB1dsEw":{"chainKey":{"counter":0},"chainType":2,"messageKeys":{}},"BZfLcU/yLENlUNX4Jm66h949S7QGuQkRcxfgpVH/369h":{"chainKey":{"counter":0},"chainType":2,"messageKeys":{}},"BeixdtWwHR+Ib/H+rseA/s0TZkxEUXCyus2cCDIlhKc4":{"chainKey":{"counter":0},"chainType":2,"messageKeys":{}},"BU2igMysQ44LKclug1pdajdsrBCEBAmCdfuc/DAV4kZT":{"chainKey":{"counter":0},"chainType":2,"messageKeys":{}},"BS/q9jnWzJA23DbY/33uGiRyIGcoGc2c9T2fF+Pmgo8y":{"chainKey":{"counter":0},"chainType":2,"messageKeys":{}},"BTKiKkO6xEiSO7LgcLUY31gn2YvyyEPvqVdm/C+axekK":{"chainKey":{"counter":0,"key":"WcInJpmR1n0c5VXSAcyKE1rqTGQ4X3VTQ8BS0TTOrV4="},"chainType":2,"messageKeys":{}},"BVnzDg7MIJLKAdYbmJUqNnm5ue2aXy4vvi6VRulKsOkc":{"chainKey":{"counter":0,"key":"jhDlT+2zXaUxxF47ipHVzHXW3YP9tXF5h9iRa1HA160="},"chainType":1,"messageKeys":{}}}}},"version":"v1"}