{"_sessions":{"BRMB4UXPiTPiAyQ4Cla7uXFGf1IJ7BPt1X5Eb5OHY3tI":{"registrationId":11351,"currentRatchet":{"ephemeralKeyPair":{"pubKey":"BeC87xzVNvQEJ3cHyLLkh0eLw61sjZuROcGUdMPlkvVQ","privKey":"WL96iRsC9adXVb77bIfAN86rPy7c6bxjKZFTx2X+TXI="},"lastRemoteEphemeralKey":"BWAe2fBcssNzKqe9bNdTGInHD/v5SKh6y3aYMHDvm2Rr","previousCounter":0,"rootKey":"N/j+bwCzgqmQvtqtYQwO8q8/gPp94BycHvrGrXgWI2w="},"indexInfo":{"baseKey":"BRMB4UXPiTPiAyQ4Cla7uXFGf1IJ7BPt1X5Eb5OHY3tI","baseKeyType":1,"closed":-1,"used":1742183564766,"created":1742183564766,"remoteIdentityKey":"BfGHzVeYzoxF99zGuBu8ij6p4J2ng4DUv43WJMh8uEYX"},"_chains":{"BeC87xzVNvQEJ3cHyLLkh0eLw61sjZuROcGUdMPlkvVQ":{"chainKey":{"counter":15,"key":"YBZbyaBH/5w1FW8iFf1ETb7uNXzUrcOnWhs+dxi8Px4="},"chainType":1,"messageKeys":{}}},"pendingPreKey":{"signedKeyId":1,"baseKey":"BRMB4UXPiTPiAyQ4Cla7uXFGf1IJ7BPt1X5Eb5OHY3tI","preKeyId":939}}},"version":"v1"}