{"_sessions":{"BXB0OJizqZHyT8FLsbWWbdfqh/b0obPsSQXmNdTK2nZw":{"registrationId":6672,"currentRatchet":{"ephemeralKeyPair":{"pubKey":"Bb394DgApgmsz53w/lrWc9hag9bOwQKyGS8sjUpmZR4A","privKey":"EFcjJEqSru0BU6yfx2HILUvPHCC51/MN2SbBdc3a1UM="},"lastRemoteEphemeralKey":"BUIxiImKPP/75gY/wDjnjxUwGMUQWSg7COFYWXvxXGk1","previousCounter":0,"rootKey":"9a/RV024clH9vHveZ799rp9w0wDTCxJQF82CKiM0k8w="},"indexInfo":{"baseKey":"BXB0OJizqZHyT8FLsbWWbdfqh/b0obPsSQXmNdTK2nZw","baseKeyType":1,"closed":-1,"used":1742259885950,"created":1742259885950,"remoteIdentityKey":"BYP5WpTgiqBiLdWVchCpgrJgNkbF/TwBFKBMNiBZdncg"},"_chains":{"Bb394DgApgmsz53w/lrWc9hag9bOwQKyGS8sjUpmZR4A":{"chainKey":{"counter":20,"key":"45W/XKlBGYCS+e/gWyj/ff5J6FIguhiq3G6NDQ1c77g="},"chainType":1,"messageKeys":{}}},"pendingPreKey":{"signedKeyId":1,"baseKey":"BXB0OJizqZHyT8FLsbWWbdfqh/b0obPsSQXmNdTK2nZw"}}},"version":"v1"}