{"_sessions":{"BR8bKCc+YkkAymkQcXqvGtv0tU8ekafiCF4VskJc9xZU":{"registrationId":1928654077,"currentRatchet":{"ephemeralKeyPair":{"pubKey":"BfJwP3Oa06moWcV5LwZefOG1LaLNahtj6ZtH81vQNzYk","privKey":"GFDvIR3Lv4Hr3ZVthHh4gejGTZ2NYtEoHHMAlilR1FI="},"lastRemoteEphemeralKey":"BV5qHTZxNb+Wm+fs+syvjHunKf+U+7oTLx0agZ0zwrwB","previousCounter":0,"rootKey":"WSNuhZr2aGvtrT37DmrhAL42KRvUZ1XKLMHVlYrUkbw="},"indexInfo":{"baseKey":"BR8bKCc+YkkAymkQcXqvGtv0tU8ekafiCF4VskJc9xZU","baseKeyType":2,"closed":-1,"used":1742866538430,"created":1742866538430,"remoteIdentityKey":"BTMG8YE5kqdHpFdKI/PuhBgkgo/19zyyamjsxkf6Nt5B"},"_chains":{"BV5qHTZxNb+Wm+fs+syvjHunKf+U+7oTLx0agZ0zwrwB":{"chainKey":{"counter":0,"key":"5BBYOXkWboXrBXlOZP18GROmSwfW/PgZCTaBdcidxfw="},"chainType":2,"messageKeys":{}},"BfJwP3Oa06moWcV5LwZefOG1LaLNahtj6ZtH81vQNzYk":{"chainKey":{"counter":0,"key":"1rQ5S2JbQHU+xuCHX1uivwhb4nWxaU3AiAasKh8BDZ4="},"chainType":1,"messageKeys":{}}}}},"version":"v1"}