{"_sessions":{"BRA9gp49rQkwGjiSIfwy7eblLrK5drVfCxyn2ozVlCVI":{"registrationId":1056253498,"currentRatchet":{"ephemeralKeyPair":{"pubKey":"BdzswPbItsvqn1+YiouXtJHv9qE1NaDp7ip3brVhR8UJ","privKey":"ELrupA7CEDqZ+H/6qwtlpxgPeC7j7IMiHyEYe4g9VGs="},"lastRemoteEphemeralKey":"BdhG1xO9eP+g1uBzCjG8wWdbm3KxQy36qIpI7G/iTUZs","previousCounter":1,"rootKey":"N9eEEC+LlSZpnm1eMLsBSVTFNHB2SkGMcw/cA5JgV3U="},"indexInfo":{"baseKey":"BRA9gp49rQkwGjiSIfwy7eblLrK5drVfCxyn2ozVlCVI","baseKeyType":2,"closed":-1,"used":1742865196382,"created":1742259732827,"remoteIdentityKey":"BRsiL8Ac4KcMv6HFQSmVA/Lq4lgy9b90uXMLVEELrfd7"},"_chains":{"BSKZ7nWXLwNgxxZZ8d16PtnGib4tcujikgW8xe5q+5s4":{"chainKey":{"counter":0},"chainType":2,"messageKeys":{}},"BSafZy+pRHqqJ72NMcGNpCPYfAvaQHT3GbmXNzgY9Shv":{"chainKey":{"counter":0},"chainType":2,"messageKeys":{}},"BW5OEz8fZA/1a3puSwcePsZiPZN1oHBbC65bMe5xaZZw":{"chainKey":{"counter":0},"chainType":2,"messageKeys":{}},"BVhMxpmOoggO9slU1shl09/eKXVO7tCfgWR3E8AUtmgH":{"chainKey":{"counter":0},"chainType":2,"messageKeys":{}},"BVer56Ohw/P1koUsxuUln7OEIhg5S+yPOXR0JjebMkBL":{"chainKey":{"counter":0},"chainType":2,"messageKeys":{}},"BaW2z39oN83f706c2Plr7haCOslkKMIAbWTdVj2lkfwo":{"chainKey":{"counter":0},"chainType":2,"messageKeys":{}},"BRl088rc5RMFUbvQ4proH0k7wqGOEuDGS04fK/STv3Qv":{"chainKey":{"counter":1},"chainType":2,"messageKeys":{}},"BZGqDSifBqDzukcGF0WQjq3E6pIdlNKUmVut5B7PYIsS":{"chainKey":{"counter":0},"chainType":2,"messageKeys":{}},"BVE7jvMCa8Vhe8bSejT5UBLr8Fs1JuLw8CmKMQUzuccR":{"chainKey":{"counter":0},"chainType":2,"messageKeys":{}},"Bb3Sl7IPJ3hEAlavCc5iT4ySzv/9hx3wOXIGKcta5qMv":{"chainKey":{"counter":1},"chainType":2,"messageKeys":{}},"BWEBrjHkMJzP3yy/+tOsJ2hh4p1+mNh0MIBrKnpyGx0i":{"chainKey":{"counter":0},"chainType":2,"messageKeys":{}},"BagF4qwtJ5hDAsbv4Av/ul6I5E+dEHmFUP0bgSx5z9oI":{"chainKey":{"counter":0},"chainType":2,"messageKeys":{}},"BaGlwOGDNMNOEgusgC/5uvAcvdbNiSDv/fE59UiSUCRK":{"chainKey":{"counter":0},"chainType":2,"messageKeys":{}},"BUtJmNNV2Ai6sF2DtinTuBuQlGz8zZZ4Vbmk3OqdPpVX":{"chainKey":{"counter":0},"chainType":2,"messageKeys":{}},"BQhxol96nmoJHYvSct3pnwATpevKYe9Qkd74u3SLL8hK":{"chainKey":{"counter":0},"chainType":2,"messageKeys":{}},"Bfj00UYZOeDZzERI1OCx5hXxP60V2V5sAuz0KCLZOCo2":{"chainKey":{"counter":0},"chainType":2,"messageKeys":{}},"BazqBvZReI35l7YBaE44/1Kx3aQMOw/IEojmGqV1Fmh8":{"chainKey":{"counter":0},"chainType":2,"messageKeys":{}},"BZS1rbMBu9Ui+oz226a0jUBLOvp8oPfrk/QF0+fNYS8W":{"chainKey":{"counter":0},"chainType":2,"messageKeys":{}},"BfdWqVU12AfD6Yy+Rl9dP54CKu39ZIFxTBJKm5wkQ/4g":{"chainKey":{"counter":0},"chainType":2,"messageKeys":{}},"BRD0De3PWC4FnbKism3Jvt8MyUMCCykJcsMpo2KveXwr":{"chainKey":{"counter":0},"chainType":2,"messageKeys":{}},"BdhG1xO9eP+g1uBzCjG8wWdbm3KxQy36qIpI7G/iTUZs":{"chainKey":{"counter":1,"key":"EblIOwya1Ap8dq3NUyBGQdrfqGLFRLxgCkd84crGnTM="},"chainType":2,"messageKeys":{"0":"Nup3ldQuPHSBDSSLz9q7JVR9ptpw6h6+Yhex+AhwEHs="}},"BdzswPbItsvqn1+YiouXtJHv9qE1NaDp7ip3brVhR8UJ":{"chainKey":{"counter":0,"key":"wwgYu+6EUxbuxNEhxokwr8FdKCeLr3FSyoSUjx5E1RU="},"chainType":1,"messageKeys":{}}}}},"version":"v1"}