{"_sessions":{"BaF+DIly/SCeijdlGodOLBUiTkxug2A8S9Q7fjuWL8Zw":{"registrationId":1618990083,"currentRatchet":{"ephemeralKeyPair":{"pubKey":"BZYTkfX+eUvTIPawXuEaWKxGEMc2TBfhj9tcPfVvBDNg","privKey":"cOpDp4IEHJPrcWAAMZGESQy18IIlOHd1Ubb1A0yiZ2g="},"lastRemoteEphemeralKey":"BYkl1/+mkuS6GakSZ62okjlgT8vrL8kLx+RTwWP2txpw","previousCounter":1,"rootKey":"xkGpfeUoFby4fynf62UQ6/+xUY3YFyd8vHR/B3V2704="},"indexInfo":{"baseKey":"BaF+DIly/SCeijdlGodOLBUiTkxug2A8S9Q7fjuWL8Zw","baseKeyType":2,"closed":-1,"used":1742865346572,"created":1742259866223,"remoteIdentityKey":"BRGZBtk9gN1evj0bNVF2QS9PHl35QaXRJnZfiFgJ3rVw"},"_chains":{"Ba3vdxsm+j7UnBzwbj3MrlLCcg6fuLvUMw+oTB4OkSIn":{"chainKey":{"counter":1},"chainType":2,"messageKeys":{}},"BUeoPUeEUMJlRpg8xI5oZOuUjeF6keh+8lbZ3S3buXE5":{"chainKey":{"counter":0},"chainType":2,"messageKeys":{}},"BbN9vNKTS7hkIn3UTxT9KXeNhFF90AZfdHcLNT8fJb4R":{"chainKey":{"counter":0},"chainType":2,"messageKeys":{}},"BTDu5H1/ZWgtrt8sYjYv5VnVTvLZch3+48TX0bjtsgcA":{"chainKey":{"counter":0},"chainType":2,"messageKeys":{}},"Bd9826UUD3SW0lnDYFT9tYeMF4k4psLCp3W8pvx9hSIL":{"chainKey":{"counter":0},"chainType":2,"messageKeys":{}},"Bc0KaO/H5xA/pcb1gnvEMYjsbvFreGuLgYNsUU8PYMt5":{"chainKey":{"counter":1},"chainType":2,"messageKeys":{}},"BZowEfibVt8Km/KOkFjsgzGUA/mGKbij5VGWcBl/iXNq":{"chainKey":{"counter":0},"chainType":2,"messageKeys":{}},"BU7PGd5DOG0VjxU0pFxutZVMK/5lv7K6369/m9dmZz5F":{"chainKey":{"counter":0},"chainType":2,"messageKeys":{}},"BaUXouB3lybTE320pt/W/5yMBshISj96o0dsfEF0fNxj":{"chainKey":{"counter":0},"chainType":2,"messageKeys":{}},"BYF7gY8Afolupmotw6uQ+x9XKMa9o9I+vNW7n27KYIkl":{"chainKey":{"counter":1},"chainType":2,"messageKeys":{}},"BYkl1/+mkuS6GakSZ62okjlgT8vrL8kLx+RTwWP2txpw":{"chainKey":{"counter":0,"key":"G+DuBQ8GcBb8JKTYooAyj6qFlDlFFusgKHapznXOqcQ="},"chainType":2,"messageKeys":{}},"BZYTkfX+eUvTIPawXuEaWKxGEMc2TBfhj9tcPfVvBDNg":{"chainKey":{"counter":0,"key":"t4+pAF+pCyff9bfEiRSBksrXnpzrM7qW00lONhih1kU="},"chainType":1,"messageKeys":{}}}}},"version":"v1"}