{"_sessions":{"BeVu5FcHl1bQlOr6sEs3tZmBcYBf+fDq3ocHiNrNg0t/":{"registrationId":1842,"currentRatchet":{"ephemeralKeyPair":{"pubKey":"Bfg/m5mYelAB32jPSXwngsRQsiiFM+p/arFbzHA6RZEN","privKey":"gDDhJRy8flxbE/u6ytN7cgxqy4ur5hdtEoTzECCkCWI="},"lastRemoteEphemeralKey":"BRI8BgAPfF8LDbfLa4VeJ0ESGdu0F120o5RgxLt0G1lY","previousCounter":0,"rootKey":"j3tT4ZQKGJ9wjrrCnRbRysPv+SDaTUUkst0WzZ7t1AY="},"indexInfo":{"baseKey":"BeVu5FcHl1bQlOr6sEs3tZmBcYBf+fDq3ocHiNrNg0t/","baseKeyType":1,"closed":-1,"used":1742366301882,"created":1742366301882,"remoteIdentityKey":"BaaKAQscghd56u7NIk8INBuOpiY7CcxP/V4Ik5uNXicq"},"_chains":{"Bfg/m5mYelAB32jPSXwngsRQsiiFM+p/arFbzHA6RZEN":{"chainKey":{"counter":2,"key":"ibxOa8GHTuTfYNbd7jCEso2+GXv+1keN/9jNBNKHCsw="},"chainType":1,"messageKeys":{}}},"pendingPreKey":{"signedKeyId":1,"baseKey":"BeVu5FcHl1bQlOr6sEs3tZmBcYBf+fDq3ocHiNrNg0t/","preKeyId":1441}}},"version":"v1"}