{"_sessions":{"BQrw0e9TbwSPu91nZUnP5jgr8iyWp9TGbRM+0ZswAMFC":{"registrationId":1592734392,"currentRatchet":{"ephemeralKeyPair":{"pubKey":"BUeEWB1GucsrKjVzN4XJsEt3GvtfDEwXFI+uPZTpeuRn","privKey":"4Ld103y9p23IRYXZnYkxO0sO0z4s+XlX9X0062Rx5Vk="},"lastRemoteEphemeralKey":"BTzvUVCubqi7DPG8zZvCuya4dzFTtzDXl2T7YX35kBVL","previousCounter":0,"rootKey":"uEdvPi+Yb9DQ38Jf3Y5cn1OQdYyYREhy4uHJ68DawXY="},"indexInfo":{"baseKey":"BQrw0e9TbwSPu91nZUnP5jgr8iyWp9TGbRM+0ZswAMFC","baseKeyType":1,"closed":1742786634200,"used":1742183592274,"created":1742183592274,"remoteIdentityKey":"BYrC7Vhwvk5gs8vVdORyzkfHbjJnck9hIWgdwbHSjflH"},"_chains":{"BUeEWB1GucsrKjVzN4XJsEt3GvtfDEwXFI+uPZTpeuRn":{"chainKey":{"counter":10,"key":"L09OtQphQToPPuSyy0lM8MJxw95P1ZR22x8JVvEJsII="},"chainType":1,"messageKeys":{}}},"pendingPreKey":{"signedKeyId":14,"baseKey":"BQrw0e9TbwSPu91nZUnP5jgr8iyWp9TGbRM+0ZswAMFC","preKeyId":2518}},"BbLb6f0ZNTFZTVw1UzigHQPNwR1j1pl94LV+wfmHREcl":{"registrationId":1592734392,"currentRatchet":{"ephemeralKeyPair":{"pubKey":"BXGg7745yDL6u8AwnFqwctXX/azNczRCjzq6YNN9ROVb","privKey":"eJdKk91ZcwhBunNsCex9lM1sTK+CU5XbYqhGCF9id1I="},"lastRemoteEphemeralKey":"BTzvUVCubqi7DPG8zZvCuya4dzFTtzDXl2T7YX35kBVL","previousCounter":0,"rootKey":"PN9nGvU5/NfOOMxlSX3XYo4R00i10FhTanNj+PKT+ow="},"indexInfo":{"baseKey":"BbLb6f0ZNTFZTVw1UzigHQPNwR1j1pl94LV+wfmHREcl","baseKeyType":1,"closed":-1,"used":1742786634192,"created":1742786634192,"remoteIdentityKey":"BYrC7Vhwvk5gs8vVdORyzkfHbjJnck9hIWgdwbHSjflH"},"_chains":{"BXGg7745yDL6u8AwnFqwctXX/azNczRCjzq6YNN9ROVb":{"chainKey":{"counter":3,"key":"I3bleP8juxz7Hz57TTmuMtyfLQJGJHEHY8DsuOfWJdo="},"chainType":1,"messageKeys":{}}},"pendingPreKey":{"signedKeyId":14,"baseKey":"BbLb6f0ZNTFZTVw1UzigHQPNwR1j1pl94LV+wfmHREcl","preKeyId":3318}}},"version":"v1"}