{"_sessions":{"BZgn1neapcuEzq6qohYvRWUFP8sFDMY0Te8jrY0xYiJN":{"registrationId":683633762,"currentRatchet":{"ephemeralKeyPair":{"pubKey":"BR4U3ST8XoZ1AsnpgHtLcUdlJWUQD5KntTXg9Zv/IsFs","privKey":"CLXRHzbyL2ItYogfmgFHVanAqPvVIOJP+Knep3DIrVU="},"lastRemoteEphemeralKey":"BRhbMfQBk1nGTiiXeIQXkzO5JmDxlrerVP6OFrVkYCVz","previousCounter":0,"rootKey":"6fZ29A8eJohpc/JCP35COHBfHBxM5592wtxxryiAyy8="},"indexInfo":{"baseKey":"BZgn1neapcuEzq6qohYvRWUFP8sFDMY0Te8jrY0xYiJN","baseKeyType":2,"closed":-1,"used":1742866450912,"created":1742866450912,"remoteIdentityKey":"BV0O78Q98Atr/9P4c5YHmB1fhYc0k2Bat80pYxJj+ZYI"},"_chains":{"BRhbMfQBk1nGTiiXeIQXkzO5JmDxlrerVP6OFrVkYCVz":{"chainKey":{"counter":0,"key":"GRyl8D8M8NSNFDoBh+uR3lmGaeUmHH8iASDqAsuOXsQ="},"chainType":2,"messageKeys":{}},"BR4U3ST8XoZ1AsnpgHtLcUdlJWUQD5KntTXg9Zv/IsFs":{"chainKey":{"counter":0,"key":"DpMIxcmJKXUXpLK3AlY5eYXdvQT1PlxNvkrNPULPq8k="},"chainType":1,"messageKeys":{}}}}},"version":"v1"}