{"_sessions":{"BVWrwEn4K/OOOj07NSUQlsbz0yD1J0rK2gPVLCuBKZwo":{"registrationId":550774131,"currentRatchet":{"ephemeralKeyPair":{"pubKey":"Bav+1DsLszbhVc13MltviR18awV7M/G7lcifqbuDN8Is","privKey":"IDckQEcUIPOtPM7i8eIUmPt/vy+ElwEz41zEYJl6fm0="},"lastRemoteEphemeralKey":"BflTelTVICfMr+J+yzlJ4xkP6PMmLfDmlqvsbkl6lDs7","previousCounter":0,"rootKey":"j2t/N63r4N0ge6kOqsrtFd36hvGnwMSkeSE9xRw5LdQ="},"indexInfo":{"baseKey":"BVWrwEn4K/OOOj07NSUQlsbz0yD1J0rK2gPVLCuBKZwo","baseKeyType":2,"closed":-1,"used":1742788310175,"created":1742183619716,"remoteIdentityKey":"BeBJRKnzzNVRYvrjtk8lA1ATOxBNkNjtrWs+b3T5BpsY"},"_chains":{"BWyAo5Ksd3AHfkY2W/jqZnsh1e823ZIQXD6OfROduB9/":{"chainKey":{"counter":0},"chainType":2,"messageKeys":{}},"BYDXXSmKe1eyDhosq68TY5K2Gs4dSFp9zieQNtJbsOUe":{"chainKey":{"counter":0},"chainType":2,"messageKeys":{}},"Be40na1iFypm+bGQ87FrwyFH2ve+j6pX87DzVQQLncFb":{"chainKey":{"counter":0},"chainType":2,"messageKeys":{}},"Bb0SivzEb1xUTw5blpgZaAs0mRG/h560owrrAdqnATsi":{"chainKey":{"counter":0},"chainType":2,"messageKeys":{}},"BRsrkWsxIs1qo5uX4O0zAo98FJtpS1So5wVm/ohOA+81":{"chainKey":{"counter":0},"chainType":2,"messageKeys":{}},"BYalBB//N0+jd9H/jP1Y5hhJ2x3BbyMMtFuDZlaVZiwp":{"chainKey":{"counter":0},"chainType":2,"messageKeys":{}},"Ba1lGEia8+8b27ZnF5H7PcmfM1x+uCuWM9kCu+WktXJz":{"chainKey":{"counter":0},"chainType":2,"messageKeys":{}},"BdG5RT7r+Fnqh34xxf0SEylUL7fwurBZmIdrDqnGJMY2":{"chainKey":{"counter":0},"chainType":2,"messageKeys":{}},"Bfyw4cIH5DLZ0gEMBZZvFL8SsK/PBGUPx4bwDtG0QWtd":{"chainKey":{"counter":0},"chainType":2,"messageKeys":{}},"Be28FUR3fkciyrE76BRKEjPTuESAF955DdT7MfVhI7M9":{"chainKey":{"counter":1},"chainType":2,"messageKeys":{}},"BRcpCGPxnVzqVyqy0blDe/W0iu0eo/9chmptSp1Drk43":{"chainKey":{"counter":0},"chainType":2,"messageKeys":{}},"BeTQTqbyMiI2VD2QvlAB7iDvSuFi9URfL8lSbAmTsqEB":{"chainKey":{"counter":21},"chainType":2,"messageKeys":{"0":"0vN8O9bkb4bKbRoPOg9mi3FpL5l9yf7azD78EuarzYs=","1":"mAa7JFJHL7hHJE+FTLSjZvK27g+cVkv3xVVQpNdxs4k=","2":"cHO1ItmwPXvP5fXYUdS5olTtjH+Sz+N3Gb2pa9xC33E=","3":"yK3I/s6NnoUUshqYKF/Oij1Boaw2V0b03hYHGgDxCo0=","4":"MMOeMrY9n3QiUCVk0fCbDUQoTepHbbKXHkIAgrjC1ig=","5":"LAnLXf+fwIbKoCf0lhCj1V+60qNm+kdbLFGg4k2EIr4=","6":"5AaLsP9nm1BvYGvo9SSXshyIGazpAHV4PubiNgvHE4c=","7":"N3EYZ8JunqqymWiRicrziOkYDrpTd7JPqOSglXnHlJ4=","8":"VMDDO67/qvw8nslI1HBiljL60VQ9QT9hNKlFwvZNceo=","9":"jSL6vCJcDMtB+SqF9qid0cYb/9NLd4DFj5IF5keqZL4=","10":"sc3Y/Ff7CiGjNdjuUl3b/Q2Ko/oXFtXIB6Tfkjyz5c8=","11":"/s2iw0/APieTjIdc1cOVD5+hR3zqgxyzwDgT5QuTlpA=","12":"nQgEg1ofhn/1Oqwdgky00QRVmkuPGNBWNMxL/ypLtxU=","13":"I3OwfcIRntQbaWwMC/rw3hTEuMkLKVZSiThmRlrR2W0=","14":"EU6XzdZcYhLY31oUPaCPKSAvrO1cO5lxKtNes1kHCKA=","15":"5KQXkq3cIHfv5zgoy9JuLdfRYjamhg/HwLGlIgG+z7o=","16":"gqOJ9NCwLJ65kNe/M9J8yNTpS/anbzLD/EbNLZ1FoXg=","17":"IkijXNuij+NQRLTDvkYaX+hMulwQasA/NilfK1+zPa0=","18":"GPDZY3l70QT2E+7dy/QJeip3l9blOC4ZbFOEPOty32s=","19":"kPKXWbZcg+fsCSY4br6wYDUEdzM5pA933GbszK0MhKo=","20":"7DrsAOil1VXRRduy7QEw3B+clO93I0+BzC1hYOH+/14="}},"BefBcUzxohV+Lm+7rOEKeuUcLxwvrT8OT+GwRU5J2rNJ":{"chainKey":{"counter":0},"chainType":2,"messageKeys":{}},"BUgHhuXScKTD3kY9Y1CTTspxJnt+B/f3lmeXNFceV4x/":{"chainKey":{"counter":0},"chainType":2,"messageKeys":{}},"BWgieDH/j/VStrbZWTJfigifKJIGEzpZ7UqIblmSva0k":{"chainKey":{"counter":0},"chainType":2,"messageKeys":{}},"BflTelTVICfMr+J+yzlJ4xkP6PMmLfDmlqvsbkl6lDs7":{"chainKey":{"counter":0,"key":"jtY6roSXnB9PTdiADrfrjOqYc1Z5Tkz3ZW6o30KYi6c="},"chainType":2,"messageKeys":{}},"Bav+1DsLszbhVc13MltviR18awV7M/G7lcifqbuDN8Is":{"chainKey":{"counter":0,"key":"E2vamjgwX1k/3xGFAr/bnxiOeZq4nKQLmHg1w0CCBic="},"chainType":1,"messageKeys":{}}}}},"version":"v1"}