{"_sessions":{"BeIQTvZ6BSDwVY1fFTEGEZrfouOhZFXypFfBfF1AGg1f":{"registrationId":1415412269,"currentRatchet":{"ephemeralKeyPair":{"pubKey":"BfZosX39FAaQNw1MZytkVX2NwvDClWkESKw0gdijUq1x","privKey":"QB++ItI1wtdljSH7DeNU7NZIw1z4gK/npQPIBudWL3s="},"lastRemoteEphemeralKey":"BYHLR2uuDapFfXFOOLYG+HnR3kdNfQ6aCeoHOQ+vUX1g","previousCounter":0,"rootKey":"dxPBM0OYsa9yRFiuZp3jQ8W4l4p1wptxzwHQOt1DGp0="},"indexInfo":{"baseKey":"BeIQTvZ6BSDwVY1fFTEGEZrfouOhZFXypFfBfF1AGg1f","baseKeyType":2,"closed":-1,"used":1742798401841,"created":1742183855123,"remoteIdentityKey":"BS7d3n0Quv8FwI7xenja2d2n/Ik5wHP0qDYU0f5b8Q18"},"_chains":{"BficQkj2L3kNDX6Mq4JIWUNwFFxpsi1+HftWWH7He9cn":{"chainKey":{"counter":1},"chainType":2,"messageKeys":{"0":"ZzXcn8W+PX3slze6xMNfXCLKgthiRLAkRkaAy7phpL8="}},"BTLENEJIfbU8kvkKmi513Dl9XVMmtx9jDfe1PhiqmA4U":{"chainKey":{"counter":0},"chainType":2,"messageKeys":{}},"BcC6Pt76BgGI+9AC2HzAz8wKlOty1gBbqb3bfiRqMUAB":{"chainKey":{"counter":0},"chainType":2,"messageKeys":{}},"BVJacCvBkt/U+ac4QQ5G8mTMMWuazR9jsNxXZ/7vVIIQ":{"chainKey":{"counter":0},"chainType":2,"messageKeys":{}},"Bcp1qD/B8ERfP3eQjX9vJ57vC7SIndmiFklrvQ3tTDAE":{"chainKey":{"counter":0},"chainType":2,"messageKeys":{}},"BQiqZ1CgrkmS75uv0vcs+KrqdBelRkEbGMIn+jtu1M4p":{"chainKey":{"counter":0},"chainType":2,"messageKeys":{}},"BYUHbVeggMiuDIiBaYvtLxg/smg3tTMlGgetz/Xvh/0t":{"chainKey":{"counter":0},"chainType":2,"messageKeys":{}},"BQAGRDAnLhCc6FPSME2x/WUH7hRLYp/z2Zxp5tMcP5YB":{"chainKey":{"counter":0},"chainType":2,"messageKeys":{}},"BSrS3Up5/BY28iHYC5HjRswHPBj7IUMBkCso9dDpNJBJ":{"chainKey":{"counter":0},"chainType":2,"messageKeys":{}},"BfH4msJdrkDpDmBhv7KoN2nrfywljEKd2Pt39I0MT51c":{"chainKey":{"counter":0},"chainType":2,"messageKeys":{}},"BUnVSGyAMvmwUD0y+85TEj6eJFz5dzspoh7UfJAkwxZP":{"chainKey":{"counter":0},"chainType":2,"messageKeys":{}},"Bd5QL3BE95c7aeYFTKp3pxmtffiDT/8yjeTljlfEFC55":{"chainKey":{"counter":0},"chainType":2,"messageKeys":{}},"BRQq1BWhyei3e/wc6EWqZ32JG51G3V8ex2as/xTtalUY":{"chainKey":{"counter":0},"chainType":2,"messageKeys":{}},"Bffe1wbgjTD6y6+BUuw3rG1zkR4TmPqcepWkG55xd1on":{"chainKey":{"counter":3},"chainType":2,"messageKeys":{"0":"RGx4ru1wdf8zJ7JZvIQoH3H78lPp4LvmXuwmYq+z0IE=","1":"afOnAPQr07hh+aGYmApCx8bL/gRNf7WgCweG1XM6DSM=","2":"2hG0gR4vH+3vFfEQxZnZ036LWLrdGOeHR0wh1VLb6bY="}},"Bb0rOCibmEHzXGct3OwMOLDGjlIWjDQh3wAs0/Z+O3F+":{"chainKey":{"counter":0},"chainType":2,"messageKeys":{}},"BcHThSTKxg1K8LglC8I1j0JMs/gnR0qmuKWgW6hew9Mf":{"chainKey":{"counter":0},"chainType":2,"messageKeys":{}},"BV/Ua2D1O7cZKqXf8X77qUx8mC/LYwL4ks0wbQYWjWsI":{"chainKey":{"counter":0},"chainType":2,"messageKeys":{}},"BUNyVMhONjoDr5/ko83l6pQo7cT2CEaHux32GXk3AzcK":{"chainKey":{"counter":0},"chainType":2,"messageKeys":{}},"BU4cUfcgtHtthvw6FydL3w8NxgvhB+CihCW2bg/Hm1pR":{"chainKey":{"counter":0},"chainType":2,"messageKeys":{}},"BRi77Kc6FlfJ2+Zp+DeDlynrxSeDa8dhHmEo31S177os":{"chainKey":{"counter":0},"chainType":2,"messageKeys":{}},"BYHLR2uuDapFfXFOOLYG+HnR3kdNfQ6aCeoHOQ+vUX1g":{"chainKey":{"counter":0,"key":"AHUd1VgJNQgntGk42Ey4JxHex9wCIpL6xBG2mVuNIrQ="},"chainType":2,"messageKeys":{}},"BfZosX39FAaQNw1MZytkVX2NwvDClWkESKw0gdijUq1x":{"chainKey":{"counter":0,"key":"SerDUN+BIrQCE5RhBh5yxGj40u8xgjk2Wp37Ez6JPPk="},"chainType":1,"messageKeys":{}}}}},"version":"v1"}