{"_sessions":{"BX8jTYXZz3YMu3x0v3oiAzXE4sW0W0nvyPyIISpdXs9S":{"registrationId":277081792,"currentRatchet":{"ephemeralKeyPair":{"pubKey":"BbP3r/wuGti7SJ0cLQrtjgMLM90N4UdMJsyQ/t13rdUM","privKey":"YHUjzWbVmAly06MERZRlSJgceO9fxvPI4qmGo+qy9lc="},"lastRemoteEphemeralKey":"BVpyPOaoYkyQahaKL1XnJ+5Uz45JzogvCv05XXeDXS1Z","previousCounter":0,"rootKey":"Z1Gwr+z7/5KXJ7uMi+7nSpbPVKO+PzHPlIy/9FzSNHU="},"indexInfo":{"baseKey":"BX8jTYXZz3YMu3x0v3oiAzXE4sW0W0nvyPyIISpdXs9S","baseKeyType":1,"closed":1742980472648,"used":1742260115976,"created":1742260115976,"remoteIdentityKey":"Ba5phYA9HDCxqsIVVT4OUYucAU0Zs5DqYi3tTW3LMZtR"},"_chains":{"BbP3r/wuGti7SJ0cLQrtjgMLM90N4UdMJsyQ/t13rdUM":{"chainKey":{"counter":6,"key":"IoJl2UnKoo7oo9QmuTI5DZgAtguXH3FoHANdnKPXDQw="},"chainType":1,"messageKeys":{}}},"pendingPreKey":{"signedKeyId":7,"baseKey":"BX8jTYXZz3YMu3x0v3oiAzXE4sW0W0nvyPyIISpdXs9S","preKeyId":1025}},"BT5scflUufxqbFMxh9sWgJ4ypOi1IE0FeUVyEEgu5wQ+":{"registrationId":277081792,"currentRatchet":{"ephemeralKeyPair":{"pubKey":"BeM/zqoW0/66fbwP6Y4Iv5oSOFxHVmUYcnlSoJCFmuYK","privKey":"qH2EZVqmSgS8l4j7nBksO9oz0vgpf6dCYI6+UvUOmUI="},"lastRemoteEphemeralKey":"BVpyPOaoYkyQahaKL1XnJ+5Uz45JzogvCv05XXeDXS1Z","previousCounter":0,"rootKey":"TzznYvNoh74FZhyiy634vhB571EjZm4p+n5VSx7GLtg="},"indexInfo":{"baseKey":"BT5scflUufxqbFMxh9sWgJ4ypOi1IE0FeUVyEEgu5wQ+","baseKeyType":1,"closed":-1,"used":1742980472642,"created":1742980472642,"remoteIdentityKey":"Ba5phYA9HDCxqsIVVT4OUYucAU0Zs5DqYi3tTW3LMZtR"},"_chains":{"BeM/zqoW0/66fbwP6Y4Iv5oSOFxHVmUYcnlSoJCFmuYK":{"chainKey":{"counter":-1,"key":"PsPlNO+oNpzdEKQjHgi5ZP2LiIOgglyVrZCzqGzXy3g="},"chainType":1,"messageKeys":{}}},"pendingPreKey":{"signedKeyId":7,"baseKey":"BT5scflUufxqbFMxh9sWgJ4ypOi1IE0FeUVyEEgu5wQ+","preKeyId":1416}}},"version":"v1"}