{"_sessions":{"BRb1ZFCMqGgZTEftLPfK7Enu6uUkxxBjNw6i6GJkBS4t":{"registrationId":949,"currentRatchet":{"ephemeralKeyPair":{"pubKey":"BTDnR8xNbi4/xY6j8L9D0L7z8R+IA5ro7BRny+a54AwF","privKey":"4DkXj0RxBF4Xac6IdwtOdFjKYWjUZBQ0AVEaC2rz0UQ="},"lastRemoteEphemeralKey":"BT/JldudMap9MZd0ukzX0Cb0mBxN/CYGoBygEcUgPncs","previousCounter":0,"rootKey":"YDh7N0Y62PAyAgjlWg6LF9NHEkA+K5WSbS9eC6pRLoc="},"indexInfo":{"baseKey":"BRb1ZFCMqGgZTEftLPfK7Enu6uUkxxBjNw6i6GJkBS4t","baseKeyType":1,"closed":-1,"used":1742183734073,"created":1742183734073,"remoteIdentityKey":"BejdkyaZUfp+zXxu4dTMPU1AOXQSHa/GAiokGrBdjUIj"},"_chains":{"BTDnR8xNbi4/xY6j8L9D0L7z8R+IA5ro7BRny+a54AwF":{"chainKey":{"counter":11,"key":"FUbigj4gsMd9tpt1cgh1ky1GseVyJjxoasYyNcIVwqU="},"chainType":1,"messageKeys":{}}},"pendingPreKey":{"signedKeyId":1,"baseKey":"BRb1ZFCMqGgZTEftLPfK7Enu6uUkxxBjNw6i6GJkBS4t"}}},"version":"v1"}