{"_sessions":{"BfATHB0hM2c2ltxAEsFpfcX5CEj3QR92GtxqlnNFOIs1":{"registrationId":780178874,"currentRatchet":{"ephemeralKeyPair":{"pubKey":"BUI0meNXnVraKqq1yzzaGvxv7bZXzR9uVY8bBAqg+HBv","privKey":"YEobQGaN772p/x1p9PI6ANK9pGE/tk2HvEyIK+X04ls="},"lastRemoteEphemeralKey":"BcDCLcdoei9MF9GMB1NI4spym7Cre0GHIRUCsYSuXi5r","previousCounter":0,"rootKey":"oBE8+6pW3bKNIf6tWsVLm+z4FKW6z4paBpRuUdPIpS8="},"indexInfo":{"baseKey":"BfATHB0hM2c2ltxAEsFpfcX5CEj3QR92GtxqlnNFOIs1","baseKeyType":1,"closed":-1,"used":1742260750571,"created":1742260750571,"remoteIdentityKey":"BfFSN88YwsPNWT5cfg0KHd/s11v1wHods3oSuBYejhwA"},"_chains":{"BUI0meNXnVraKqq1yzzaGvxv7bZXzR9uVY8bBAqg+HBv":{"chainKey":{"counter":7,"key":"NokQ0yzv/bBF8Zfk1DWbLfRwYG9lI72fsSR56CdTh7M="},"chainType":1,"messageKeys":{}}},"pendingPreKey":{"signedKeyId":1,"baseKey":"BfATHB0hM2c2ltxAEsFpfcX5CEj3QR92GtxqlnNFOIs1","preKeyId":3847}}},"version":"v1"}