{"_sessions":{"BSe59T0qgk/cQoQxUaInGn9j8Olk8cqbkCQeeF2BK0Z4":{"registrationId":1975158964,"currentRatchet":{"ephemeralKeyPair":{"pubKey":"BTJXS8gXm6uF70dMamgA3D1saBxICrKjxQOsCzBtsDsP","privKey":"8EFLod7JyeW05KRwpxoCKkjHZNgb0FmZrkIiU9jnTGk="},"lastRemoteEphemeralKey":"BadsvJySuQdXoq3591QnKWs8XX1IAK2ZMFKQ/9puUUwP","previousCounter":0,"rootKey":"N4G0ssHhx+UUzcJfxPC0F6JJB9152VgYf5goiiuMTuc="},"indexInfo":{"baseKey":"BSe59T0qgk/cQoQxUaInGn9j8Olk8cqbkCQeeF2BK0Z4","baseKeyType":2,"closed":-1,"used":1742792443166,"created":1742792443166,"remoteIdentityKey":"BVJ20Cbh9IR4tzajay+cjDc0OAR+TBowWMN32c/gRwIX"},"_chains":{"BadsvJySuQdXoq3591QnKWs8XX1IAK2ZMFKQ/9puUUwP":{"chainKey":{"counter":8,"key":"QVLq2xhKj3prgM/N9Y/IOEK3luzt7qA0KnyVIPn+v3g="},"chainType":2,"messageKeys":{"0":"hXWIu+rcAabs3rXwhKRdy9drI+x9psZCFRMGWm7Kb4Y=","1":"8S+F3bY5bk9gHk6xph/XqcMIOlhKhNtHzvotMltRWN4=","2":"UwjHAzSdMJUEZP4W/2ol5xgnZlidD2yewjTD9hGKrls=","3":"vGSIlo/l2n3nGvbBJs+spIdMhIqO5UtBxkuBAQcDblE=","4":"26gL4qIkUspOx66mPf8a2PMNXFfVSFhHY6xO2RUV1U4=","5":"VAlSmRhvcci+x32VPISFDmumqn5eDcAFjqnR+hi2adM=","6":"RTiUAdv0kGiN/BgKIVVECt5y3rpu/c0OVnA+Omi0auM=","7":"M6IOpELdgQe+cj/Qgzdx4cNbiNDVkPvP0IM01vZgM/o="}},"BTJXS8gXm6uF70dMamgA3D1saBxICrKjxQOsCzBtsDsP":{"chainKey":{"counter":0,"key":"Svs5KTRugd7EQ7m8jCY3jOOyOZ9dVawsraSzk0Kh9UU="},"chainType":1,"messageKeys":{}}}}},"version":"v1"}