{"_sessions":{"BWDpxe0InD4J9Ikz00HzeeFkY4i6HoWVW2paXmj0Y/MV":{"registrationId":12805,"currentRatchet":{"ephemeralKeyPair":{"pubKey":"BTjYPToB08LcdTzEm8KmoIZznAHrC/nNs3Io+vVyYAN5","privKey":"sOVKg4MWJIoHClF9YVBZrzjSzCqGigmz+eTHwiNI1VU="},"lastRemoteEphemeralKey":"BUdLVePivQYxKMCHW7gV2vIg+vIX8IH4nEi2OyZl/e9Z","previousCounter":0,"rootKey":"xMMcZeYXb2N870KQqZFCsFQycENRINoL8DXAH068xEw="},"indexInfo":{"baseKey":"BWDpxe0InD4J9Ikz00HzeeFkY4i6HoWVW2paXmj0Y/MV","baseKeyType":1,"closed":-1,"used":1742183594847,"created":1742183594847,"remoteIdentityKey":"BbiC1aJ6LOh+7T22inYs38HqSTT7RqAkZdGj4mZwZMxi"},"_chains":{"BTjYPToB08LcdTzEm8KmoIZznAHrC/nNs3Io+vVyYAN5":{"chainKey":{"counter":12,"key":"Butzmi2TIvrEnwPZbeYHQKu/XFXaZbxf+RSTcuA5o9c="},"chainType":1,"messageKeys":{}}},"pendingPreKey":{"signedKeyId":1,"baseKey":"BWDpxe0InD4J9Ikz00HzeeFkY4i6HoWVW2paXmj0Y/MV","preKeyId":172}}},"version":"v1"}