{"_sessions":{"BfGCT929Qjqw1BQycao74AqJoFjxyTIPZPJlOTdbd9I3":{"registrationId":342187846,"currentRatchet":{"ephemeralKeyPair":{"pubKey":"BVqqx7n8oHKo7bj8UXfsE4DntcQBm84ecWSSvXdIxeJ1","privKey":"EMJBzCop/kElovoomM62o5zzP0rFopTa0aINSFYccmg="},"lastRemoteEphemeralKey":"BYZh0CLBpCzj68xMHCOprj1UTWlyogRv/mt1JLnjyPQy","previousCounter":1,"rootKey":"p00UK7Gi+Zv0K2GXectgn5dkaSsWwUucxnWsRm7vgNo="},"indexInfo":{"baseKey":"BfGCT929Qjqw1BQycao74AqJoFjxyTIPZPJlOTdbd9I3","baseKeyType":2,"closed":-1,"used":1742866659221,"created":1742260170811,"remoteIdentityKey":"BXSxXB96Dws6dBWqrkBZpVQ5XNmr5V2kXDJ+WsaTwy5x"},"_chains":{"Bey+LJjk8yC6117XdkA7b3unuIzOXj1F8wHGUKjWKPdr":{"chainKey":{"counter":0},"chainType":2,"messageKeys":{}},"Bbx+jE+4sBT8a0vkCpxtG+bb/JCtPhFYtvtQ3j1B6/UQ":{"chainKey":{"counter":0},"chainType":2,"messageKeys":{}},"Baw+O+7+xpiV6+vSeIW9Q7dkm7aBi1pk3QtzvErHOU9e":{"chainKey":{"counter":0},"chainType":2,"messageKeys":{}},"BfSg4w9CsLkJ7nZB3cXtGUHj/k6FlvK37lOmQTRT2g4Z":{"chainKey":{"counter":0},"chainType":2,"messageKeys":{}},"BdLLYy/swJQEB6gG+ugag0/gmg+mEKlDRKR2RHaz0ztr":{"chainKey":{"counter":0},"chainType":2,"messageKeys":{}},"BbG8qF8N2Vm+0cwTjVpYrbsWwIHlG4ZCQuYP/ffiHAYm":{"chainKey":{"counter":0},"chainType":2,"messageKeys":{}},"BfQvkrALvh1UIpvMEjWMQ6OsVSISb5S8e+yoG954yh9M":{"chainKey":{"counter":0},"chainType":2,"messageKeys":{}},"BTHT3YyUA+7eHZ5YEnvlUdMd2MvV4wOihrX5BpGuB0Bv":{"chainKey":{"counter":0},"chainType":2,"messageKeys":{}},"BQzfb9wj6CY7tg6mvT4ROKyeIqmdZbYNsEYVTFDd2PpL":{"chainKey":{"counter":0},"chainType":2,"messageKeys":{}},"BXZuIm5SbjQOGiL5NMXgPqmZPhY+oCd+V/Kq8OQAUlIA":{"chainKey":{"counter":0},"chainType":2,"messageKeys":{}},"Bb0/UmMv3f6BIQ0w336HMnmJ50h9CDAi59ttKnF9oUYG":{"chainKey":{"counter":0},"chainType":2,"messageKeys":{}},"BdqlwnN/MoTPMM62t3gpDvUAVs9o+M+ew0xMGdC2G3Jf":{"chainKey":{"counter":0},"chainType":2,"messageKeys":{}},"BYZh0CLBpCzj68xMHCOprj1UTWlyogRv/mt1JLnjyPQy":{"chainKey":{"counter":0,"key":"Bx9OJnmHa6+vD6HYIptvwpaM/+e0ln3/DuWzU7lfCGQ="},"chainType":2,"messageKeys":{}},"BVqqx7n8oHKo7bj8UXfsE4DntcQBm84ecWSSvXdIxeJ1":{"chainKey":{"counter":0,"key":"78PGpfy/vORbeaLlPIUpVgN58Tc45jUecDK1RcGL9i4="},"chainType":1,"messageKeys":{}}}}},"version":"v1"}