{"_sessions":{"BYoQuTRdXaL4FvHItJqbrw64dYWrfcpXC9I3qTba/exz":{"registrationId":1837429103,"currentRatchet":{"ephemeralKeyPair":{"pubKey":"BfhAxXxstNgbGVL7NW6x+3teKOB/5rrv1kCkk2lY+uRB","privKey":"+NmVuJ2uz2Dl8/5iB0iBaKLscvkAP6jHAIFnmMdQoWQ="},"lastRemoteEphemeralKey":"BaAu2sLuKnj5LhecqYttQti8qALccFB6A+6KKcPMbp8z","previousCounter":0,"rootKey":"jbPVXPfzqf3FpOwuSsVKruePG4MAkAZme/Tdp07doPc="},"indexInfo":{"baseKey":"BYoQuTRdXaL4FvHItJqbrw64dYWrfcpXC9I3qTba/exz","baseKeyType":2,"closed":-1,"used":1742790469947,"created":1742183409449,"remoteIdentityKey":"BUNs1iOt1ptB7wMpi6HnqHGEY1diYd4petD/je++wbQy"},"_chains":{"Bfi0Wme6P3c4k1GPo0cvUuYGFgFPbTc+i1XArA2oPlQl":{"chainKey":{"counter":0},"chainType":2,"messageKeys":{}},"BaVB7PKC05sCi49xv1Dmgvd8QYR+BJCEDwBc7Hl/seQb":{"chainKey":{"counter":0},"chainType":2,"messageKeys":{}},"BV8xeoYaNHgn2NTRQX9NdlkbCYoj3V19WsDFwleIexAc":{"chainKey":{"counter":1},"chainType":2,"messageKeys":{}},"BbtYjHZOul+K1KF8Mrk+eHEnK4J1UCQBONCDmJKFc6Zy":{"chainKey":{"counter":0},"chainType":2,"messageKeys":{}},"BUjpq530kYo06FMW199Jdru9OpSJ7eZW9eE7+6KoBy9W":{"chainKey":{"counter":0},"chainType":2,"messageKeys":{}},"BZTlaguP2Drvp1cu2t3WDIE1E52mGQmluwwA/RXR9TFb":{"chainKey":{"counter":1},"chainType":2,"messageKeys":{}},"BYccewVOwaAdqffH3sOsggB/44hbaR3kmClGXou903ZL":{"chainKey":{"counter":1},"chainType":2,"messageKeys":{}},"BTE548UJgZECMOOavj491KCSp9nFeagoBNkndnvIEJFh":{"chainKey":{"counter":0},"chainType":2,"messageKeys":{}},"BTrpiQNFJyKIUcuv9pptP8KT0p6/TGKUL3hWlnrGxZwK":{"chainKey":{"counter":0},"chainType":2,"messageKeys":{}},"Bff+fduOqJsN7fD9UMbTQhzW6pVL0dFXeFt2h/JcM/Ve":{"chainKey":{"counter":1},"chainType":2,"messageKeys":{}},"BecAsbWJevUSWvGvedc19wtsMtkWXR9ehZDtU1uXAX8g":{"chainKey":{"counter":7},"chainType":2,"messageKeys":{"0":"UnPTX2UHeCM6+XUN96TEdXji21vUCy1kA4xUB6ojZos=","1":"BQlGPw7lLREonHzueCtOg25MvyojcJmzb3TgSsSXVYQ=","2":"C7ERFhtYL3+fGe0g+pzLkAOj3UOYjyqiAtrxz/ox6YY=","3":"gxoW7N5DlfSf7FrKw/BTgWUkGyHycyc7Q6OXTk4gguQ=","4":"SrE4/eU7RHq0OLdLehBcoq2+6MrghRqbF8bF1S+eQGo=","5":"ZcaPazlBjMr5Z2gMx25nqvVRZEQ0jkJowl7THSRFlUM=","6":"DhmV9qUFVoyWJQI6AjwdqeXnXAaxvNp1Ka+sTZH5efI="}},"BaAu2sLuKnj5LhecqYttQti8qALccFB6A+6KKcPMbp8z":{"chainKey":{"counter":0,"key":"SOfbQypdo99r3b9yTlS+ZyF5OPvMmsymAG/Y5ecdFOg="},"chainType":2,"messageKeys":{}},"BfhAxXxstNgbGVL7NW6x+3teKOB/5rrv1kCkk2lY+uRB":{"chainKey":{"counter":0,"key":"/Xp+oM6kNIAOVuJU5/G7YIDCrz3WXS8HVVe38gZ3A2s="},"chainType":1,"messageKeys":{}}}}},"version":"v1"}