{"_sessions":{"BZOHDLKwJTIkwSofeXsg96+9FTB/Mkt6KXmGiXYADKVF":{"registrationId":1618117672,"currentRatchet":{"ephemeralKeyPair":{"pubKey":"BZaI5dyAKDneiSz9RiQb8GN5lkTsK5pa1O39hOptgFZx","privKey":"WAOY/5s0O9CxD0hrdVQ1QSmhypAIOiy71iIene1O8VA="},"lastRemoteEphemeralKey":"Beidt2hgJEiEEW8Uxv6YN/2zAK6NZwHoSwJZemRLU104","previousCounter":0,"rootKey":"oZyeIXMy0rt6wU5lLoG/uE1nmBAYwUVYoZeM4159j1g="},"indexInfo":{"baseKey":"BZOHDLKwJTIkwSofeXsg96+9FTB/Mkt6KXmGiXYADKVF","baseKeyType":1,"closed":1742980472374,"used":1742260157450,"created":1742260157450,"remoteIdentityKey":"BXANU8X8ptFLV87Dy4NRxJfsMoIKMWApjjXQPpsjW3VQ"},"_chains":{"BZaI5dyAKDneiSz9RiQb8GN5lkTsK5pa1O39hOptgFZx":{"chainKey":{"counter":1,"key":"gN0csGO9R0tSHRQVlm/jwDO+ocWc6ANxVx0nwszYzyQ="},"chainType":1,"messageKeys":{}}},"pendingPreKey":{"signedKeyId":9,"baseKey":"BZOHDLKwJTIkwSofeXsg96+9FTB/Mkt6KXmGiXYADKVF","preKeyId":1843}},"BWanRbXTelP4PPuW3XxwSiAxmG+DHP7N1mjCokBmaAxQ":{"registrationId":1618117672,"currentRatchet":{"ephemeralKeyPair":{"pubKey":"BfZ0bVTXi9MGwHdKOJSHE64Gssx66gdXIbY0X0UXf4hB","privKey":"6ADQhnpz0rw3JHBul8reTbLtsNh/J/eyoifEG8E1ElM="},"lastRemoteEphemeralKey":"Beidt2hgJEiEEW8Uxv6YN/2zAK6NZwHoSwJZemRLU104","previousCounter":0,"rootKey":"MAEVBNaC6gjN9KTfv7wlPp6BXapd3ndni8/8rhzD5yc="},"indexInfo":{"baseKey":"BWanRbXTelP4PPuW3XxwSiAxmG+DHP7N1mjCokBmaAxQ","baseKeyType":1,"closed":-1,"used":1742980472369,"created":1742980472369,"remoteIdentityKey":"BXANU8X8ptFLV87Dy4NRxJfsMoIKMWApjjXQPpsjW3VQ"},"_chains":{"BfZ0bVTXi9MGwHdKOJSHE64Gssx66gdXIbY0X0UXf4hB":{"chainKey":{"counter":-1,"key":"IrB3SsK7Ut5X2yUWCZuCQNuZjy8ODFWrldKUISe0mp0="},"chainType":1,"messageKeys":{}}},"pendingPreKey":{"signedKeyId":9,"baseKey":"BWanRbXTelP4PPuW3XxwSiAxmG+DHP7N1mjCokBmaAxQ","preKeyId":1963}}},"version":"v1"}