{"_sessions":{"BScdufKZr84868ouTyRwFNDSbDVPY6HlrgwKFVSiswAH":{"registrationId":1385427485,"currentRatchet":{"ephemeralKeyPair":{"pubKey":"BW9bVW2NyWMc2DGviTX5Ns05nEsmnzXPG7SGNj8VBZkl","privKey":"EKx/yPsUIfXNGSfEk0RTaR0hA59P88YJSqzvp5AFdkE="},"lastRemoteEphemeralKey":"BdZDO82/O8fJF2eMciCMuUzYxdmRyCez29vuyF4gVPkv","previousCounter":0,"rootKey":"wQUWyDkPxgn68gPntbmiCz2p47nONXQBcLZfr9Dp+AQ="},"indexInfo":{"baseKey":"BScdufKZr84868ouTyRwFNDSbDVPY6HlrgwKFVSiswAH","baseKeyType":2,"closed":-1,"used":1742790612193,"created":1742183590071,"remoteIdentityKey":"BbgIfFL4oe43QdEHueB7UiL9YW2GzCGIQIU9GYZiXWQg"},"_chains":{"BYFaJehJ/QrxbysHUK9Bnut85GQYqWukKVlc5ntizCFI":{"chainKey":{"counter":0},"chainType":2,"messageKeys":{}},"Be+lFaO0aL6hHCEjHN3uoa0e56sTMVrZvt6P44M+QZlC":{"chainKey":{"counter":0},"chainType":2,"messageKeys":{}},"BdQdmWcQDy2qwfn3kNEHH6yz6gwy74X9Z/Qz/YlakOd9":{"chainKey":{"counter":2},"chainType":2,"messageKeys":{}},"BVxFYCz3PTdESAAlpassxjOvtkV7/8/7hnGnF8Zvpog4":{"chainKey":{"counter":0},"chainType":2,"messageKeys":{}},"BeT2P47GcyeD+rbPLK2XMA0pjc/fJVwEqprvS3IYLyp3":{"chainKey":{"counter":2},"chainType":2,"messageKeys":{}},"BU70gqOOmXmCiwsujH0Z6z+8czY9F2v03Abkip0nBIMD":{"chainKey":{"counter":0},"chainType":2,"messageKeys":{}},"BcVHaG32U7Zh7KyK33Pvr7fSWEQ5nQBszIa/8t5+3cgu":{"chainKey":{"counter":1},"chainType":2,"messageKeys":{}},"Bejk8nxIjxvFbVLkmevZ+5ExLKLeI5lZLrTve1wJ6qFn":{"chainKey":{"counter":0},"chainType":2,"messageKeys":{}},"BaeRRSuFyO039jrlZAvUp2upAyQSCm3c0XZx9mvDetFS":{"chainKey":{"counter":1},"chainType":2,"messageKeys":{}},"BQKfSwprVhe30e/mgiTA+9aoofAncYQA55Fs+XDdM7w/":{"chainKey":{"counter":0},"chainType":2,"messageKeys":{}},"BUZT+qu/XM+5QTyct+BBqB9TAwlL7i3vnoSrVNTipRZj":{"chainKey":{"counter":0},"chainType":2,"messageKeys":{}},"BdZDO82/O8fJF2eMciCMuUzYxdmRyCez29vuyF4gVPkv":{"chainKey":{"counter":1,"key":"GiTyF9QBXel2b7ZFYUdp0uDR6VLZ6YzqAL2YsS2GXr4="},"chainType":2,"messageKeys":{}},"BW9bVW2NyWMc2DGviTX5Ns05nEsmnzXPG7SGNj8VBZkl":{"chainKey":{"counter":0,"key":"JzDNyNzO9v85onlFVtY1o3gmj5Hwk5AYmCRq96NQVXs="},"chainType":1,"messageKeys":{}}}}},"version":"v1"}