{"_sessions":{"BaCS/hKsbB31W6xcJn4BmZxKyKpgJKyTkkuESUmk3/lB":{"registrationId":888526344,"currentRatchet":{"ephemeralKeyPair":{"pubKey":"BTtm7c9tCzysacyisBUyQ4oRaqtxp8QAIYdLtQMzTJck","privKey":"GGJrWJdhQrj3Rwv2aw4V8TTUUkOWZ5LBovnE0yeogkc="},"lastRemoteEphemeralKey":"BX27l0/kcbSHi1OrSYRd5GDvzJraJsbxey3dEGAo0dRA","previousCounter":0,"rootKey":"hP8mZs02wgmwc0VrkNZ2J6NTI/OEqdbVc3fBLXtC5fQ="},"indexInfo":{"baseKey":"BaCS/hKsbB31W6xcJn4BmZxKyKpgJKyTkkuESUmk3/lB","baseKeyType":2,"closed":-1,"used":1742871559082,"created":1742871559082,"remoteIdentityKey":"BQD0UsoJN1eqTzRfO/a76APpwp3RhSh40aMkC8xwRoNP"},"_chains":{"BX27l0/kcbSHi1OrSYRd5GDvzJraJsbxey3dEGAo0dRA":{"chainKey":{"counter":1,"key":"6Yq9IJ9ksOxF0vTzBnc0ET8OcQFa942Fh3yow5NiQ28="},"chainType":2,"messageKeys":{}},"BTtm7c9tCzysacyisBUyQ4oRaqtxp8QAIYdLtQMzTJck":{"chainKey":{"counter":-1,"key":"D4bGwAYzRcOzZJdjpQPfoXDfaZexfB9gR14uCnVTuJw="},"chainType":1,"messageKeys":{}}}}},"version":"v1"}