{"_sessions":{"BWWXyZ7XWtHaS6W5jkhsIH48ACGe7CLoFIvSz3nKfq1O":{"registrationId":12022,"currentRatchet":{"ephemeralKeyPair":{"pubKey":"BfmaBEywkowDFudIvu7CtND4YQLrAryNKg9MhxSowswG","privKey":"UFBDu4kYvTLu5U1RlhRbwDQuuM23opltawS8lA24J3s="},"lastRemoteEphemeralKey":"BYqb4WZYJIsgT3a65LvGjdeygStQKEmJrV3XkRU7XPci","previousCounter":0,"rootKey":"mKu2gYsB2ELMJZO312lcAwPJ1wSUnId4EL4PYnpugt0="},"indexInfo":{"baseKey":"BWWXyZ7XWtHaS6W5jkhsIH48ACGe7CLoFIvSz3nKfq1O","baseKeyType":1,"closed":-1,"used":1742259968970,"created":1742259968970,"remoteIdentityKey":"BZ1htmzkbRHq112aSp+uGLz/ajrSaMnOw8IbUGhnstRN"},"_chains":{"BfmaBEywkowDFudIvu7CtND4YQLrAryNKg9MhxSowswG":{"chainKey":{"counter":10,"key":"+cX8cLpsu2wydNN2Wc3qhRX7JHwAOoYz7e8uGsyIfzw="},"chainType":1,"messageKeys":{}}},"pendingPreKey":{"signedKeyId":1,"baseKey":"BWWXyZ7XWtHaS6W5jkhsIH48ACGe7CLoFIvSz3nKfq1O"}}},"version":"v1"}