{"_sessions":{"BSh9AHR8r8Z2Ayn1ykLaf2f0Djov9I1XuQ8n8HSAzJEn":{"registrationId":1442668170,"currentRatchet":{"ephemeralKeyPair":{"pubKey":"BVzo2Et/U3N8S0m1eDyHguM3LWcj9giLtH0shKyTqOkl","privKey":"sIXUtJ+RhoxCkHuZcbNGz2qiWQ/QaUAB2QU4mkgTIEM="},"lastRemoteEphemeralKey":"BaaPkZysk0PCPorXVdImWLofx3KGNb61ObtVHi7aEn8O","previousCounter":0,"rootKey":"k8sgWX8vbpygWFPzoQgWK+HIN8yoQgFXZyPhJQzMRzs="},"indexInfo":{"baseKey":"BSh9AHR8r8Z2Ayn1ykLaf2f0Djov9I1XuQ8n8HSAzJEn","baseKeyType":2,"closed":-1,"used":1742865739281,"created":1742865739281,"remoteIdentityKey":"BWHR9O0WI6wKf5/55ThWgVEkiQD4GoYfrctVMniJ9MkG"},"_chains":{"BaaPkZysk0PCPorXVdImWLofx3KGNb61ObtVHi7aEn8O":{"chainKey":{"counter":0,"key":"UDAnCchhqgNe1nCGVZKlJjybyAM7WiyLYiy3EbWwje0="},"chainType":2,"messageKeys":{}},"BVzo2Et/U3N8S0m1eDyHguM3LWcj9giLtH0shKyTqOkl":{"chainKey":{"counter":0,"key":"M6+MN98sSXPb7uLjESJuKpJGcTzU+JdxX0t7TzHjBfY="},"chainType":1,"messageKeys":{}}}}},"version":"v1"}