{"_sessions":{"BeuKC/g7XUghIgxIULFSZfurST7IADXrlRhehVl3tM45":{"registrationId":1030181419,"currentRatchet":{"ephemeralKeyPair":{"pubKey":"BTeHpokLz0eOHR+kOAoRyrZMCAM4HoF9x73cTmeQk+kw","privKey":"4OpIxkykgM1alDyUOlmXplLBXWmyIcdQL7auR6hQ+VY="},"lastRemoteEphemeralKey":"BaKm9CfjPhkRF47ao8KK2qiALrJnCEd+n20OyAK8npBS","previousCounter":0,"rootKey":"DouTmIVoOnRcVtezsGSiXkQ5xA7l58NO+urrxeIT1o0="},"indexInfo":{"baseKey":"BeuKC/g7XUghIgxIULFSZfurST7IADXrlRhehVl3tM45","baseKeyType":2,"closed":-1,"used":1742185719627,"created":1742183691353,"remoteIdentityKey":"BeGEXl7iaUOhvbijB+K4qKcPwAjN4w0A6znFNSon46gG"},"_chains":{"BaG3QcB3fgi87W9R6s3pUvbeVLimj0p5NZjtCLfSvqZ1":{"chainKey":{"counter":1},"chainType":2,"messageKeys":{"0":"kHRViwn1H5qkkOQJFqYXmA49A9qLV+iFf30h9d5vadI="}},"BcFGcFG6wlfOVXDEfcV54O2Gv9tNbHArjJJ8Q4W+XK8F":{"chainKey":{"counter":0},"chainType":2,"messageKeys":{}},"BfeKuZ8XCBs/HAUIRzbFnUC2xn684RyjzLfgOhwo9vcJ":{"chainKey":{"counter":0},"chainType":2,"messageKeys":{}},"BQyAMsn/tUjDhu4MFPt1Gq7o2Ay8ULVqB6Z7pdCfTmhN":{"chainKey":{"counter":0},"chainType":2,"messageKeys":{}},"BQNeT5SQT6ZSoCmOZmzeV1X6zgHvrdzfRHP7OKUYUQVB":{"chainKey":{"counter":0},"chainType":2,"messageKeys":{}},"Bd1hCjmHZaU5CN28K/RoR+oT3K+PesQcFpCD6VTg0M8U":{"chainKey":{"counter":0},"chainType":2,"messageKeys":{}},"BUadBW1GBAogxj9w8MsAuc8ozMD1uWkkCK1ncxIMvWhQ":{"chainKey":{"counter":0},"chainType":2,"messageKeys":{}},"BaKm9CfjPhkRF47ao8KK2qiALrJnCEd+n20OyAK8npBS":{"chainKey":{"counter":0,"key":"fMlQGCd8yAknIF6u4rtQDDM48tcj0YF0kVSswYty8ME="},"chainType":2,"messageKeys":{}},"BTeHpokLz0eOHR+kOAoRyrZMCAM4HoF9x73cTmeQk+kw":{"chainKey":{"counter":-1,"key":"ApZ3UXg+EFtbsAhnEurzO0/nTw+zsonbXnW/pgjOp7I="},"chainType":1,"messageKeys":{}}}}},"version":"v1"}