{"_sessions":{"BffPcF2xrSTeKVgkwzYwfn47nsx8QOVoCOaz8kRnVU4/":{"registrationId":2615,"currentRatchet":{"ephemeralKeyPair":{"pubKey":"BWwWqjLWSdtK3AZoy7swUoAvwX5LxOFrh8h7w5tpMVMO","privKey":"QM7KhOtNROrOyJuTekZA9/UyxnrJUgn971xcLw87Akk="},"lastRemoteEphemeralKey":"BTxaW6rw0iNvmlIRx2SVDJ1CVjme3Y5pQYzTcnVmEg8W","previousCounter":0,"rootKey":"H1Tfr6nI3XTFQ7lLe7ZKJg6Y8fEFe5ZHLcMtTD0bnlk="},"indexInfo":{"baseKey":"BffPcF2xrSTeKVgkwzYwfn47nsx8QOVoCOaz8kRnVU4/","baseKeyType":1,"closed":-1,"used":1742259885957,"created":1742259885957,"remoteIdentityKey":"BS9/XYkTieXNPC1HkC8GgfZrUjDC3XkcXHaK9yZ7KbEX"},"_chains":{"BWwWqjLWSdtK3AZoy7swUoAvwX5LxOFrh8h7w5tpMVMO":{"chainKey":{"counter":20,"key":"QG4qPLFAIItA+o7W26xFmL1Wr6P+BnJKW8sVzlPdE3c="},"chainType":1,"messageKeys":{}}},"pendingPreKey":{"signedKeyId":1,"baseKey":"BffPcF2xrSTeKVgkwzYwfn47nsx8QOVoCOaz8kRnVU4/","preKeyId":993}}},"version":"v1"}