{"_sessions":{"Be2o5JhJVr/v+F0y0HsIgee9Y5oyRlkSbceBmiBfC7MX":{"registrationId":492617002,"currentRatchet":{"ephemeralKeyPair":{"pubKey":"BSTPlk7D309cpXZAWq69Yb42BP32A4wzednSnWq9mzMV","privKey":"OCldK4Y7SrjXGHM54KbODbe33UG6qeV72r2963c+ZkM="},"lastRemoteEphemeralKey":"BVn3H0hsh2vylui9LYt+IUA0s1oq/mwRf0Lcr3+cEHYS","previousCounter":0,"rootKey":"p9SoUp3F9rG+1oGMT7aGaoUF1g8c6diW3xcj5qy7Qp0="},"indexInfo":{"baseKey":"Be2o5JhJVr/v+F0y0HsIgee9Y5oyRlkSbceBmiBfC7MX","baseKeyType":2,"closed":-1,"used":1742865177293,"created":1742260745123,"remoteIdentityKey":"BYxejh9w2UGMSlL0yIDz/0rMdn0bSSGSCunAmz1pY89h"},"_chains":{"BZR1OiyRGi3Vqj00TjRFIPJU53cATlb0wLd7FaSqfU8w":{"chainKey":{"counter":0},"chainType":2,"messageKeys":{}},"BQ58wHRNodkqFW11whx8Euf17qSd5wkNVEldvI/yQXAU":{"chainKey":{"counter":0},"chainType":2,"messageKeys":{}},"BVszGFUXk2dOgwkeJmeRyLQpXhjnCHdySk30uFQoy58H":{"chainKey":{"counter":0},"chainType":2,"messageKeys":{}},"BafclbOaX7BIp+6+dM203y39In/NYrsQeGPTwGFtCTYU":{"chainKey":{"counter":4},"chainType":2,"messageKeys":{"0":"W17Z/SUtSnRNvp+BOHaubw6wjPayvTLJfM0p+r21qrM=","1":"3YyVrHZLiyvV+g6uKKfTl0U/Ta/+QXTmbY+oVBeC8xI=","2":"9MY9OOGqg5UvmsK51xwExwsNsCJHdVCs4CHrgZB80os=","3":"5TG86y2rcLyr3u5+/3pWh4ylWYRHWXLfs7ZVB/30s/s="}},"BZtabLaM+VWcZ7nkh0rA/FklvN+KsxKz0DloDU5HF+tr":{"chainKey":{"counter":0},"chainType":2,"messageKeys":{}},"BVn3H0hsh2vylui9LYt+IUA0s1oq/mwRf0Lcr3+cEHYS":{"chainKey":{"counter":0,"key":"SHL+eOEKKJWmvclFO/tFE9K2VQ52/jZvLY0CgaXdqVY="},"chainType":2,"messageKeys":{}},"BSTPlk7D309cpXZAWq69Yb42BP32A4wzednSnWq9mzMV":{"chainKey":{"counter":1,"key":"GIxe//HjuuQeHKyj1M6FRbGuV5AW94Huja31+LlEyME="},"chainType":1,"messageKeys":{}}}}},"version":"v1"}