{"_sessions":{"BQdVzD05jp2xHbOxYM2m2tJ/A5ZBJw82ee/LoTHYzw4P":{"registrationId":4709,"currentRatchet":{"ephemeralKeyPair":{"pubKey":"BR5WxhkbrcAQG8um2iZQ0ZmxCGZe/QmBpiVe1/WGBZ1r","privKey":"KOFSS0ojHAD0UiWs4zVOURttJVKyIN1RD87fokeHMlY="},"lastRemoteEphemeralKey":"BQ/pRV8saJ47yjZzNCHz3+j8+KC5R/Okp+nqgDkR+0hA","previousCounter":0,"rootKey":"w7Qwvwixczz9uXT/Li8OE3BBB6OJ6fBb2jAXzRZOEaE="},"indexInfo":{"baseKey":"BQdVzD05jp2xHbOxYM2m2tJ/A5ZBJw82ee/LoTHYzw4P","baseKeyType":1,"closed":-1,"used":1742183415122,"created":1742183415122,"remoteIdentityKey":"BeMSPBa4NZZFF8jYrSQUlwrYy7D+/tT16KmhOrRdeWV+"},"_chains":{"BR5WxhkbrcAQG8um2iZQ0ZmxCGZe/QmBpiVe1/WGBZ1r":{"chainKey":{"counter":13,"key":"e55cXLo/WuODV5iNtL+ZViyjraDeBC/cLHohz6VpOmk="},"chainType":1,"messageKeys":{}}},"pendingPreKey":{"signedKeyId":3,"baseKey":"BQdVzD05jp2xHbOxYM2m2tJ/A5ZBJw82ee/LoTHYzw4P","preKeyId":679}}},"version":"v1"}