{"_sessions":{"BWaSDgZueePmv+hfAeEr6/7Teht7H1dWAQFBVn4/lQ01":{"registrationId":1547761594,"currentRatchet":{"ephemeralKeyPair":{"pubKey":"BQtHJPd65aSTpp5RWMc+hWvTPxemeSO6y4kLBLECDmwr","privKey":"mCMgRKddtjFU3WMOlAK8iaztmNa2wf65DizJ4MCvtkI="},"lastRemoteEphemeralKey":"BSNwxspXtBX17guLvz0U7YBInzioxTbs6tVG7EbvAeIz","previousCounter":0,"rootKey":"kYw9lTGIxvPBbpqkP1dAwEf9PPv+A7ZR0yGXSmdOins="},"indexInfo":{"baseKey":"BWaSDgZueePmv+hfAeEr6/7Teht7H1dWAQFBVn4/lQ01","baseKeyType":1,"closed":-1,"used":1742867215775,"created":1742867215775,"remoteIdentityKey":"BRZeJO0V+MduNW/rzXkcbxOZQMq1/zsIF2pCm443PD1H"},"_chains":{"BQtHJPd65aSTpp5RWMc+hWvTPxemeSO6y4kLBLECDmwr":{"chainKey":{"counter":7,"key":"Wn7nmDEXRDwJs0Xcj82TpCPcpFXXhiTBHJZyyvnIdD4="},"chainType":1,"messageKeys":{}}},"pendingPreKey":{"signedKeyId":17,"baseKey":"BWaSDgZueePmv+hfAeEr6/7Teht7H1dWAQFBVn4/lQ01","preKeyId":1571}}},"version":"v1"}