{"_sessions":{"Bdmzdsk9N/pQNFWADhh+IV0yRN4ettFdCop9MhW+txZA":{"registrationId":559358102,"currentRatchet":{"ephemeralKeyPair":{"pubKey":"BTXDVA0nAg7NEL6ptj2eeBKNtk6LtGvTu0MfhfiaJBtO","privKey":"MPKlBIMJpRakQOOozUfyVWu33H1Vce0/if6Y6cM6EWQ="},"lastRemoteEphemeralKey":"BV7xD1xmiXq7MR9+J+lub0SbbvFsaHwA0pQnUDB75aMC","previousCounter":0,"rootKey":"E4NXzwi96HWRD3ZmiAGWlkbqTzNwzp4sLzLdxjWGN1M="},"indexInfo":{"baseKey":"Bdmzdsk9N/pQNFWADhh+IV0yRN4ettFdCop9MhW+txZA","baseKeyType":2,"closed":-1,"used":1742865799589,"created":1742865799589,"remoteIdentityKey":"BXIzU8bIhJ+79hX+NFqvykRT6b438mTb7wynUC0SpxB8"},"_chains":{"BV7xD1xmiXq7MR9+J+lub0SbbvFsaHwA0pQnUDB75aMC":{"chainKey":{"counter":1,"key":"8niQlbn7cqKTLI21pzXRRXJKVpbF/fF2e0mb4FcoYc8="},"chainType":2,"messageKeys":{}},"BTXDVA0nAg7NEL6ptj2eeBKNtk6LtGvTu0MfhfiaJBtO":{"chainKey":{"counter":0,"key":"w7Yt+l2IC55wHtjDdmHjuXIi/1zxtZmvgLmKQkzit5o="},"chainType":1,"messageKeys":{}}}}},"version":"v1"}