{"_sessions":{"BYOJM/RfTObdBwWqh5ogH5pS4SduBgwhVlVeZ8pGtZ9Z":{"registrationId":307573388,"currentRatchet":{"ephemeralKeyPair":{"pubKey":"BaaobcB2Su+GHMBuGuXsOhY81FBcbeQrtvVhDVCiWAEO","privKey":"GCvFRCmKpPHNPd8GSxwtn8qofvdeOTEHP/aR62HR7X4="},"lastRemoteEphemeralKey":"BcSL4sVelEwlmtloXqEiXbt/xEszBIBvpRJdQD402l8G","previousCounter":0,"rootKey":"ulWQppSuZ5MmOevekum/zSG173Z4al9XZvPGf8muyiE="},"indexInfo":{"baseKey":"BYOJM/RfTObdBwWqh5ogH5pS4SduBgwhVlVeZ8pGtZ9Z","baseKeyType":2,"closed":-1,"used":1742866618966,"created":1742260231260,"remoteIdentityKey":"BdvmEDcgaEREGChisdUi4s+2gB3CCrMtR9S1q3OB0y4V"},"_chains":{"BTPAPp/76WgIDqR4KMqAbmhG5iE5LOsw3tDshOodeScQ":{"chainKey":{"counter":1},"chainType":2,"messageKeys":{}},"BWEIZgotnJRla1eTBzjRGCGWH1ZbtOx+U2iBKgw58g01":{"chainKey":{"counter":0},"chainType":2,"messageKeys":{}},"BaZ2l2HnR3pVbysrXtkYJBxI8l8OPE+h2KmKrquJV5Fb":{"chainKey":{"counter":0},"chainType":2,"messageKeys":{}},"BcSL4sVelEwlmtloXqEiXbt/xEszBIBvpRJdQD402l8G":{"chainKey":{"counter":9,"key":"Csu8SR198OnXut3BaRW2mXUWwxOZCQZEeqS/80yko8k="},"chainType":2,"messageKeys":{"0":"WglMs8o/SGCa48ysre0XfT8LWTOlFhnQ0ymOccoFp3k=","1":"1wNMhyFgMUhOL1gq9q2DSEQ97Q/WUWz5t4vr62a3ha0=","2":"IEabvORuxLpcCt8nB7Wn4Hue6QnJDRuD0FC6475AWFs=","3":"KPfXKyQ2iLX/1QovzvN6PXIo1ePpuckT507ntvrZ8ms=","4":"v0yLZUytP6bqKMC96hBdzkk/MFCszq+wI67LtAf9t0c=","5":"Fe9P0cdijuw1lxeVMYZZ9xw25HdaR/paxY0lqPZmCrk=","6":"n6kBGsuQdjYUWayqWEmgSiwmHimgdLQX1sR7w30X+0M=","7":"IqLTxSBVxXyF7BVKsLzQ/0i4VpkuZvCEZMLzCwIrJ+k=","8":"mW7qKJCJCxicqlpporb3r8l569+gbuql0qc4ButBbM4="}},"BaaobcB2Su+GHMBuGuXsOhY81FBcbeQrtvVhDVCiWAEO":{"chainKey":{"counter":0,"key":"Qp8383pah4s27UrefOb4JSw/78d++ThWmVDO1cZokuE="},"chainType":1,"messageKeys":{}}}}},"version":"v1"}