{"_sessions":{"BUisaLgQ6cUTTUhGnjr7I5YSY0DgE9mm91r39HpInJZQ":{"registrationId":1211918852,"currentRatchet":{"ephemeralKeyPair":{"pubKey":"Bbh4GH8JUZ7P4Eo/Gq5LH+/ad6/TtziiCfVulewZXZw1","privKey":"GJdlE8xe6cfiAYxPGkM0OiuIC9MqtM0+HmY4cbmBsXk="},"lastRemoteEphemeralKey":"BUiDZcvlUVTm0VeXBsK2ba3eWeVd/2RS4EYfei7Hz8dE","previousCounter":0,"rootKey":"e6e1cVJLcZblHo0gZB7On5jZc2avrs3hU1cCI6q/huc="},"indexInfo":{"baseKey":"BUisaLgQ6cUTTUhGnjr7I5YSY0DgE9mm91r39HpInJZQ","baseKeyType":1,"closed":-1,"used":1742183509157,"created":1742183509157,"remoteIdentityKey":"BWaVr8YPXd6ATl7XruTybqy/Eoncr0HnH/ec+yWMXhA1"},"_chains":{"Bbh4GH8JUZ7P4Eo/Gq5LH+/ad6/TtziiCfVulewZXZw1":{"chainKey":{"counter":20,"key":"vIbRCahKy1wENM8QtZ3N5ktg2pUElGzTVYvK2Abu6gQ="},"chainType":1,"messageKeys":{}}},"pendingPreKey":{"signedKeyId":1,"baseKey":"BUisaLgQ6cUTTUhGnjr7I5YSY0DgE9mm91r39HpInJZQ","preKeyId":637}}},"version":"v1"}