{"_sessions":{"BcYHmgY+RZ1OT/SpsaBIErgFPLIcQLIyiL3ZhkOAzEYx":{"registrationId":2055427873,"currentRatchet":{"ephemeralKeyPair":{"pubKey":"BSRBJQT93mF1WqYhObibARupOTLCg7WbVhmCSw9sWStZ","privKey":"mH2h1QVpZ/AAp0uEkbjBEVS1AMjXhzSHwd4n/0062nQ="},"lastRemoteEphemeralKey":"BQGUXIFYw33khr8PS0Op3Fc9kYiauLgBZjta4GkEwIdl","previousCounter":0,"rootKey":"XMPh6h+q15kuEye8gXROGfiyFtEVPUTQbjL2tiDFxmg="},"indexInfo":{"baseKey":"BcYHmgY+RZ1OT/SpsaBIErgFPLIcQLIyiL3ZhkOAzEYx","baseKeyType":1,"closed":-1,"used":1742183635800,"created":1742183635800,"remoteIdentityKey":"BTRwusIB5ALGm5AzcsILPEjIw1AJlt9lL0J9QxEbJ4NS"},"_chains":{"BSRBJQT93mF1WqYhObibARupOTLCg7WbVhmCSw9sWStZ":{"chainKey":{"counter":12,"key":"Gt9z9RdAr6M76Gq+U9b69p3nv4MbFL/+tvTnzhggTyI="},"chainType":1,"messageKeys":{}}},"pendingPreKey":{"signedKeyId":4,"baseKey":"BcYHmgY+RZ1OT/SpsaBIErgFPLIcQLIyiL3ZhkOAzEYx","preKeyId":984}}},"version":"v1"}