{"_sessions":{"BWFbx/CQWqKBWpJCCvKmmciumD2W87UTM4j4T9iCtnZY":{"registrationId":1802882912,"currentRatchet":{"ephemeralKeyPair":{"pubKey":"BeTJua1PNCtpfH3CWnZ43A6RDumgd1Ls5GNwM/HiCcdM","privKey":"qABQ5wbmmrtYmgaVmMrlhGj8ZgyihBtG2WWT85iRDUw="},"lastRemoteEphemeralKey":"BaWLXI8gHHMVKXi25TbEEjWBVyicGp1D2IqStEUxQN0V","previousCounter":1,"rootKey":"2BVoTxgr5UKaJidOID+fHh/vAGCHX/QvMqbk0zA+dn0="},"indexInfo":{"baseKey":"BWFbx/CQWqKBWpJCCvKmmciumD2W87UTM4j4T9iCtnZY","baseKeyType":2,"closed":-1,"used":1742185654411,"created":1742183642175,"remoteIdentityKey":"BcwAotx9F46Fyua0h41/e0G/Y5kJttfcVbyeiZHWc756"},"_chains":{"BcunIYHuKRpkrk2OQ4AaAaB0Q759FwoNXkfOAxws5bQ4":{"chainKey":{"counter":0},"chainType":2,"messageKeys":{}},"BUzXTwN8vl9KQxFlce9v86ki3C6zv0iP4JUIns/UHGRx":{"chainKey":{"counter":0},"chainType":2,"messageKeys":{}},"BU+WJTCDTg5C4JDddo0tQ6765pkrv/JXB2QQAdiKCsI1":{"chainKey":{"counter":0},"chainType":2,"messageKeys":{}},"BR2fyeKj9FrqZkEcFES+PwtMjPVqe2ZLgptsUwcpaHg5":{"chainKey":{"counter":0},"chainType":2,"messageKeys":{}},"BaXlnQ4gr2Xj5Ia7c0eNq4BmPDdSQepY8i8y7jCx6uBL":{"chainKey":{"counter":1},"chainType":2,"messageKeys":{}},"BaWLXI8gHHMVKXi25TbEEjWBVyicGp1D2IqStEUxQN0V":{"chainKey":{"counter":0,"key":"0hIS0FgrHA4dpMJcIx+ntDd5wY4syxlIGOnrvYsMKlA="},"chainType":2,"messageKeys":{}},"BeTJua1PNCtpfH3CWnZ43A6RDumgd1Ls5GNwM/HiCcdM":{"chainKey":{"counter":0,"key":"gENuappUrrCv1rKP9YMfumH2VZ1U2gnQcJhxEVQQzdQ="},"chainType":1,"messageKeys":{}}}}},"version":"v1"}