{"_sessions":{"BdkzIm5pkfSTUPz49r8GTvv1EezSD8vfoz9qkmEgSu1p":{"registrationId":584336082,"currentRatchet":{"ephemeralKeyPair":{"pubKey":"BfAOVChEc43lP5o9gUC1bBGIDmj6d2BjpaBDgwfF8zxM","privKey":"UKTsPvVdQYp354XIns/PT2DBoQd2KPENDAHhgHVgiXA="},"lastRemoteEphemeralKey":"BV8aw6aAysrD6TZXDUow3g5aEued5qVtjgUjoJZd1YhA","previousCounter":1,"rootKey":"+oI24Q9lG+2e1TOyWEwaFY0dRu/OVFnPUiK+1oK9r4I="},"indexInfo":{"baseKey":"BdkzIm5pkfSTUPz49r8GTvv1EezSD8vfoz9qkmEgSu1p","baseKeyType":2,"closed":-1,"used":1742865183175,"created":1742259659148,"remoteIdentityKey":"BRiO6GJh0zd6CQBAwfjbMICzvxcxK3znB9ZTMg0w0KF1"},"_chains":{"BV618yszDonU34TO7Ooa93OS1uw97kPcCbf7GmlxsqQn":{"chainKey":{"counter":0},"chainType":2,"messageKeys":{}},"BeSKvTyT4iJqz+zgUGN8Rec7LTUunbbwkq9nYw31M+Ns":{"chainKey":{"counter":0},"chainType":2,"messageKeys":{}},"BbWu72jrlgzLG1Pj85SS7k2O9b8lnny2a6d4+JDewgh5":{"chainKey":{"counter":0},"chainType":2,"messageKeys":{}},"BdWuPrGfMya5+NPPUN11cv2Gf6Ap8gMq4sr8j6WkdmNG":{"chainKey":{"counter":0},"chainType":2,"messageKeys":{}},"BSpfyBA0kFRYfhDgySRzrD/TbexQu66fte/lY79ZVq8W":{"chainKey":{"counter":1},"chainType":2,"messageKeys":{}},"BRpdbA13+Ki8E+293YY39JJmvdK8g6ZLhAzpx8wEJ8Qy":{"chainKey":{"counter":1},"chainType":2,"messageKeys":{}},"BYVnmEuv8W2W8h+aLjO/PkQR1AwOnBuFuwiwl16eH5gR":{"chainKey":{"counter":0},"chainType":2,"messageKeys":{}},"Bf+JQ9Ib39xZqsxv/OzzXloQ4bmoWdQj0gx8FAeiB0w3":{"chainKey":{"counter":1},"chainType":2,"messageKeys":{}},"BQESKzSOcpHlnjp45QFnz9P+KAvWfy79M+emMCLiL/VZ":{"chainKey":{"counter":0},"chainType":2,"messageKeys":{}},"BWWCE+mdiNCDHhcyl240nAJWEppx8Fm7pfLGthRCfkkw":{"chainKey":{"counter":0},"chainType":2,"messageKeys":{}},"BSpkIWmJGxdEQLwOZSLo1CDtm9N1em4dWECz04S1/PJj":{"chainKey":{"counter":0},"chainType":2,"messageKeys":{}},"Bf0Q7t299G0shwDNlnLI6RI6Gx6JspqO8kR9B/pEwiFM":{"chainKey":{"counter":0},"chainType":2,"messageKeys":{}},"BT5el6jZhJNny5Pm/KnY76UFFzipBLxNt3HaO6t/aplq":{"chainKey":{"counter":0},"chainType":2,"messageKeys":{}},"BV8aw6aAysrD6TZXDUow3g5aEued5qVtjgUjoJZd1YhA":{"chainKey":{"counter":2,"key":"2Qw8j4U1ULMQuAHgwiLCR8mWfxKx0O1JmIr+hTmoFYU="},"chainType":2,"messageKeys":{"0":"nXH6kx4d72XKrlK6nlTcKoeX/d1WWDXrPH6j93oPw58=","1":"vg58sE4yeaf5Ppocphil6mf+ncnR5083BwQYlt4Ymag="}},"BfAOVChEc43lP5o9gUC1bBGIDmj6d2BjpaBDgwfF8zxM":{"chainKey":{"counter":0,"key":"BACCCf7VEPQiSKVB1gSrqRka0gM2j+G6E6cZVRE0aRg="},"chainType":1,"messageKeys":{}}}}},"version":"v1"}