{"_sessions":{"BS9EnJEiO95Bn+V1di8gHZprnggTt5VYYMfHuEqFVckr":{"registrationId":1914555008,"currentRatchet":{"ephemeralKeyPair":{"pubKey":"Ba3wZHkfb6JQV6hf4lpnhVzxQTTxVxF5mBc1VFGI308/","privKey":"oIuwZJAWQU36msBH5RJxgYPMoVs9GCUDgiyf6CG7wVM="},"lastRemoteEphemeralKey":"BephlE5GNI/Qi18b8g0cwoCyucXfCcHMMue8CfCL+35j","previousCounter":1,"rootKey":"pUcVCw3EXjcbJvzsucxARYMyNV8sLJbDctCbnbjzP6g="},"indexInfo":{"baseKey":"BS9EnJEiO95Bn+V1di8gHZprnggTt5VYYMfHuEqFVckr","baseKeyType":2,"closed":-1,"used":1742980473364,"created":1742259745463,"remoteIdentityKey":"BaPfV8Ni2DJOQd/hiKmlRFZoyrGmz07vyKKT7FvapWxu"},"_chains":{"BcQIgKQwRVV5HI7b1odHqMis+ybrykn7bCuCNYkzDqQx":{"chainKey":{"counter":1},"chainType":2,"messageKeys":{}},"BUvmwOEravEZQt02EbHZFWvDbC9PNf6548AR0nCcuUhs":{"chainKey":{"counter":0},"chainType":2,"messageKeys":{}},"BaPEaKphJhzAjwoud+AKbKO9h57bTrn2g5pBzFI9aTQD":{"chainKey":{"counter":0},"chainType":2,"messageKeys":{}},"BTUggwqylInkVqfSKQVmArF4pAurZ1EXiutP+kQWfnEi":{"chainKey":{"counter":0},"chainType":2,"messageKeys":{}},"BbNY0A9Y56EiaxXkr9x7L/bVFLYtJ1N9eIwx5VdcPPYA":{"chainKey":{"counter":0},"chainType":2,"messageKeys":{}},"BQR9572yGH8g4xbdRXgprvYRLDKiNSjwNgVs7GFB9Nkl":{"chainKey":{"counter":0},"chainType":2,"messageKeys":{}},"BZxukgMXaAqDgR8k5hFgtaLOoeRTbOk1fLZA40bKmNVd":{"chainKey":{"counter":0},"chainType":2,"messageKeys":{}},"BVO4+7fHdRsDfuFTN1/fiTuK0f5/+ONNZy/nnEZsxAEM":{"chainKey":{"counter":0},"chainType":2,"messageKeys":{}},"BTLRdIxkfQq4p/dcBZ3QjahSjEFvOe1Vt/paeESK3H8L":{"chainKey":{"counter":0},"chainType":2,"messageKeys":{}},"BYFV0LTNghv25NwKKqgXXImuFuR2ouLGkSdWAJweii88":{"chainKey":{"counter":0},"chainType":2,"messageKeys":{}},"BalpXXngR+eO8jjGEsrqKW2E7qH3jmDg97zo0okZGQ4r":{"chainKey":{"counter":0},"chainType":2,"messageKeys":{}},"Ba45XA8ExMElHHaIrQi9myAxyywPZXj5tKb8HiIO47Qy":{"chainKey":{"counter":0},"chainType":2,"messageKeys":{}},"BV1aRyxeIv14OW6Rv7YFx5eraXTEiZ1WSud/Rx7tU2h4":{"chainKey":{"counter":0},"chainType":2,"messageKeys":{}},"BXtgu0fS7WQnDFXELTtXvLKlHRf2Mmn1WoSFhw3WLM8n":{"chainKey":{"counter":0},"chainType":2,"messageKeys":{}},"Bfw8mhGOusI10xNyyoVk5QbZAEIjlJW1rfpW2aB9quQj":{"chainKey":{"counter":0},"chainType":2,"messageKeys":{}},"BTginS6fcg7Em7wIKMRmtZvSZ5qHsiSzkrjhv3cCszBu":{"chainKey":{"counter":0},"chainType":2,"messageKeys":{}},"BQHyyqHeMui1bCicUUdzsUDahYUQIyqkGFKORBlea0NP":{"chainKey":{"counter":0},"chainType":2,"messageKeys":{}},"Ba7cZGLuvdS1DHYFvitcIRyay4lA12kozK9bwLR507xR":{"chainKey":{"counter":0},"chainType":2,"messageKeys":{}},"BaDWfL8yynzbzlpHfPd6Z98UhwKixGWWeRwB4AAS5Psv":{"chainKey":{"counter":0},"chainType":2,"messageKeys":{}},"BephlE5GNI/Qi18b8g0cwoCyucXfCcHMMue8CfCL+35j":{"chainKey":{"counter":0,"key":"bM9bK7YNPFC6BFWuVmnbecwgUd2uPeTnNSEfMEoSfso="},"chainType":2,"messageKeys":{}},"Ba3wZHkfb6JQV6hf4lpnhVzxQTTxVxF5mBc1VFGI308/":{"chainKey":{"counter":-1,"key":"gKyDRIsDySL8bkdCVw53cv8eGM4WQMlLYrB80mJXgXM="},"chainType":1,"messageKeys":{}}}}},"version":"v1"}