{"_sessions":{"BXiY9d9ZGQjMao5tnFyssE3LU5rcwzdbR9D41BUqNuQX":{"registrationId":35837649,"currentRatchet":{"ephemeralKeyPair":{"pubKey":"BYqOuPHBhDwRH7KfiMzyGWQy0co0+qaZshVH6okTd1cv","privKey":"iL/Zx6YC9CjNMykWWgn7qY0Y8/otd9Y5RgpPsB6tR20="},"lastRemoteEphemeralKey":"BW7GKLR+Vw9HOwU7VDnVTaWRQ2gGnEJlHI2xVAiMPoVi","previousCounter":0,"rootKey":"FCSC9IMxNGmqpM9P0Zo/PMYQvNj0x4aBHk6hBhhkU7Y="},"indexInfo":{"baseKey":"BXiY9d9ZGQjMao5tnFyssE3LU5rcwzdbR9D41BUqNuQX","baseKeyType":2,"closed":-1,"used":1742790543251,"created":1742183557532,"remoteIdentityKey":"BfYCaZBnXfqG2+Ai9xalCF1KUAD+J61GHS525i5bF5YY"},"_chains":{"Bdt9izeoRSFWHbGYYO+vRMiInXO388GLF1ZWOGkKpr4F":{"chainKey":{"counter":2},"chainType":2,"messageKeys":{"0":"XKUfKj45UXgcRL17JIwvsQvptEYV+N28eEliYBbcu6g="}},"BRaqHxAhGh/ilVMQKHxxiPhCGPCYVUGxCVwa/14BqrNu":{"chainKey":{"counter":1},"chainType":2,"messageKeys":{}},"BVXownEsUmYfovchC71fu5xAUfcpHpGwMZWnXXlk5UtL":{"chainKey":{"counter":0},"chainType":2,"messageKeys":{}},"BSZOf8XUxwll+UuzUbHrHiX1c//IStjnvXbMifyzxklA":{"chainKey":{"counter":1},"chainType":2,"messageKeys":{}},"BZZnA0lM8S+cl4bgpzhke5Pn82o6jV6kpdwGYzFb3XIl":{"chainKey":{"counter":1},"chainType":2,"messageKeys":{}},"BcuRbtkLZPqxQ75zJ+Lgbxr0CMkprdGvw9K8RZPTOMoL":{"chainKey":{"counter":0},"chainType":2,"messageKeys":{}},"BbJEW714c7yrsUM0zP5BfiDfAz0HtaEQN3BnxVY43s4U":{"chainKey":{"counter":0},"chainType":2,"messageKeys":{}},"BTas/AdNWRZZbDBlgZvo3WjFr4e9YK63ng7Hrnq92S1h":{"chainKey":{"counter":0},"chainType":2,"messageKeys":{}},"BXFvpb2ooSTEfzF8BiXwt2FUNJ1FLwalrA9qCu/lbL9D":{"chainKey":{"counter":0},"chainType":2,"messageKeys":{}},"BW30J+H7po1XWeqavFvxCJXHsyzRqKD6zOuQJKszzWEo":{"chainKey":{"counter":10},"chainType":2,"messageKeys":{"0":"aLYZeNWnbP1Ixq3KU353rXMMt9/8bZZ9NcCZ/RuuChM=","1":"Gg9K2gmN7HKOGCjkoyFR42VjVfmqaEpDEcQflzs5a40=","2":"6VB/S8wu+4ECPxsTtgG4eBk/5fwU8h33mBnPzcADgS8=","3":"LpcQNXl+3cR0IC0h2xBw1I6qhzaUOyYQGJBSAjOfyP0=","4":"4wo2W1JuJveoWOKEKQlDGHqVkCcrVv8Ktsj6Xzhks5M=","5":"kyszlc9Dp3bVr20DNgFNaZKKHFv8kVWW0FLAclMol3I=","6":"oijOlv+JD5gjnd9COkpITTGJqeOXY34BkGHCaRH7jsg=","7":"cHZZ91Z7qVCx8gHbNeHNBwtBtnWQrJBGEKEaBulEmHc=","8":"PrCGIvSLhv9xRA7Um3qot8Fjmge1ix7wgXHEj/CEm1g=","9":"aweCaOynxIhNGjtDEaEaZA47ZOq6DWb/QCEmd0n/DMU="}},"BQqwgcPZYjIN06uXlJXJfAnra2qU5x+G3YtRGVgpD3F7":{"chainKey":{"counter":0},"chainType":2,"messageKeys":{}},"BVFW0JWpNUVosf9W7vx7xWZ3YlsHrt9CYTequkaCUHh0":{"chainKey":{"counter":0},"chainType":2,"messageKeys":{}},"BfgwrU2sW0WGjjgGc50XCjEV91gENLp4l2BHbpp7c1lf":{"chainKey":{"counter":0},"chainType":2,"messageKeys":{}},"BW7GKLR+Vw9HOwU7VDnVTaWRQ2gGnEJlHI2xVAiMPoVi":{"chainKey":{"counter":0,"key":"YRZr6TCP0XR9pH9qnr1XJrRRiNgzBS7dSpBdSZD25Xg="},"chainType":2,"messageKeys":{}},"BYqOuPHBhDwRH7KfiMzyGWQy0co0+qaZshVH6okTd1cv":{"chainKey":{"counter":0,"key":"KzR4uqt0K7rxBpODpY5nr1EIp5vTkz/b/mSI1HzSnxg="},"chainType":1,"messageKeys":{}}}}},"version":"v1"}