{"_sessions":{"BX/jkHjgTy8RIEVB/Y2IJ72yTHZYctak0CaXPgIMFh9L":{"registrationId":1375673174,"currentRatchet":{"ephemeralKeyPair":{"pubKey":"Bc4tJFfUIgx4CAVtLN9DcCX/iMUOSudslCrkgdqn2aNg","privKey":"YGo1534E/D/IQ086gKL1vkzBMHa7AYN+U8Ii3ODfemA="},"lastRemoteEphemeralKey":"BWS1wcE7a65wOB2aepC3XggUtJCnoEW08cIxW1xN2IY/","previousCounter":0,"rootKey":"Ub2LHygeNhPUL8vZc7W+IbsnxrTvkhrqNnhUbJn9qwo="},"indexInfo":{"baseKey":"BX/jkHjgTy8RIEVB/Y2IJ72yTHZYctak0CaXPgIMFh9L","baseKeyType":2,"closed":-1,"used":1742185476888,"created":1742183672380,"remoteIdentityKey":"BVBVoH3p+lfoZasG63o1h1r6u6anWTdukp8rVh3PvcMb"},"_chains":{"BWQ4TprsZvPUrJtjKTMi16o7bVptRAbRm2mHgkUCUbRW":{"chainKey":{"counter":0},"chainType":2,"messageKeys":{}},"BTONMDnjIKwsJxs8z2EFSix5o3KLRtD9wgehSSD2YXVb":{"chainKey":{"counter":5},"chainType":2,"messageKeys":{}},"BWS1wcE7a65wOB2aepC3XggUtJCnoEW08cIxW1xN2IY/":{"chainKey":{"counter":0,"key":"QGmUjYuS5goV31BAFIwl35E2rG3monaQr1pgJmRT/vI="},"chainType":2,"messageKeys":{}},"Bc4tJFfUIgx4CAVtLN9DcCX/iMUOSudslCrkgdqn2aNg":{"chainKey":{"counter":7,"key":"g6NJ9dCwzQohHdcuUpv74rwGgpcgCbaXvu6bppn+Pvc="},"chainType":1,"messageKeys":{}}}}},"version":"v1"}