{"_sessions":{"BRLgLMO2LnmUh+KlIgbsNHlAsHIi4DuusId8BruiLWkL":{"registrationId":123,"currentRatchet":{"ephemeralKeyPair":{"pubKey":"BckFUPYNsLrTikOFFLva8aCJXJ72VDkIGq35DEXGtMg3","privKey":"CNmisrsDB8eK3weqWPLQa1MrzfJQHfSl8DIDmO4h7ms="},"lastRemoteEphemeralKey":"BRMSXA7G8snQrv+ObUyA2VGzX+xTogoNnworbPgDlE9u","previousCounter":0,"rootKey":"oAV6iBk7EFpBkh/ENnpBEuf6OnC9RuvIHEOGRMSdG0E="},"indexInfo":{"baseKey":"BRLgLMO2LnmUh+KlIgbsNHlAsHIi4DuusId8BruiLWkL","baseKeyType":1,"closed":-1,"used":1742259820562,"created":1742259820562,"remoteIdentityKey":"BSwWb8Ha+LRve9JtFHvE7wliGKacYkk7GplE3w0Vx2kg"},"_chains":{"BckFUPYNsLrTikOFFLva8aCJXJ72VDkIGq35DEXGtMg3":{"chainKey":{"counter":23,"key":"nKmH0lM8nZKFuDZTONyIkm5EQT6sjU0dh0Wz17d0OCc="},"chainType":1,"messageKeys":{}}},"pendingPreKey":{"signedKeyId":1,"baseKey":"BRLgLMO2LnmUh+KlIgbsNHlAsHIi4DuusId8BruiLWkL","preKeyId":259}}},"version":"v1"}