{"_sessions":{"Bd7Es2bdOglDZDQynpi1nGi3+3uY/22S0RvT8C2I84NX":{"registrationId":1519249701,"currentRatchet":{"ephemeralKeyPair":{"pubKey":"BXJKDNMNCDmiJZe41TZGulzQXC7qos4z6e/R2m1rcatt","privKey":"iFqMv1Vi8eqOVy9td1Z5quQHaoQQoHlJcsyanYdo/mY="},"lastRemoteEphemeralKey":"BQCcy50i29yGOMLmGJDO+PhpOIW1CHb8t+l+/7sX7dxs","previousCounter":1,"rootKey":"z6SI0lu5ljCJQy2BkcmXqWWutrGmktHUdpU0Bto/RcQ="},"indexInfo":{"baseKey":"Bd7Es2bdOglDZDQynpi1nGi3+3uY/22S0RvT8C2I84NX","baseKeyType":2,"closed":-1,"used":1742867115647,"created":1742260227822,"remoteIdentityKey":"BZ8u9N0+84JD9BTdxxDVlap1azSsRaCTOKgRpo15YL1m"},"_chains":{"BXuNG8J9vNgWfL1eHf04woO3QgxAeQkiQ2b//XXr/oBS":{"chainKey":{"counter":0},"chainType":2,"messageKeys":{}},"BXcot6UGgtD8b5M0hcBD+WtXpHVqU+XWk1uE9V+cExZa":{"chainKey":{"counter":0},"chainType":2,"messageKeys":{}},"BfzVLIihAClBQcDp5iteMH2OByvpy4MZ7NIVkZmrPTl7":{"chainKey":{"counter":0},"chainType":2,"messageKeys":{}},"BRNA+SSyPYI26w9ZR9CjiLWLA0C5rDYikSuDhOuVav8F":{"chainKey":{"counter":0},"chainType":2,"messageKeys":{}},"Bckq1Rx6mUlpDctpfttVI3gGuYtDx5NE9GYRxYEkHH1+":{"chainKey":{"counter":0},"chainType":2,"messageKeys":{}},"BXqoUkBu31EOeZuCNUyMFvz8+dPvymOVsUcnQ8LApSRK":{"chainKey":{"counter":0},"chainType":2,"messageKeys":{}},"BRHyab+EAQfiBMORM15OenvjoVZuAWaON/f1a/gKB2Ew":{"chainKey":{"counter":0},"chainType":2,"messageKeys":{}},"BTg9u302GyG42rK6xcj5CaBvakIumXjYm64ENer+Tkou":{"chainKey":{"counter":0},"chainType":2,"messageKeys":{}},"BdZwv1ZRP/IaWSX8nDbrvPMgBMGuSqN3/oYv081LlYV9":{"chainKey":{"counter":0},"chainType":2,"messageKeys":{}},"BdAXlmmfeysiQlxavcO72C/jIdPfOzbkssUkc41wwMAV":{"chainKey":{"counter":0},"chainType":2,"messageKeys":{}},"BQ0ca+8ufWnUu8et2cSIUEpWnls9YZNrSgc8s+Ajmwh3":{"chainKey":{"counter":0},"chainType":2,"messageKeys":{}},"BdLPrI7R/0taUMwvMT3TUsy7R/VGTMQXI6mv7Ow5Ci44":{"chainKey":{"counter":0},"chainType":2,"messageKeys":{}},"BQCcy50i29yGOMLmGJDO+PhpOIW1CHb8t+l+/7sX7dxs":{"chainKey":{"counter":15,"key":"KhiY3ZZww68p0PlmsH3/1/rRXXPrCm0BAjxC5oEJL2g="},"chainType":2,"messageKeys":{"0":"SLN2aGkHJT0kLrhNk/2440ODUB7GQ5bMgBwoE/9m/wE=","1":"3eWVuF18D5ffb/q9ooWEvaOO1QMR62zBxUGS0b6hRyE=","2":"r+w1kPSWXGPGVZqvtzy998rEMW2ycd2Q3nLID0Umzpc=","3":"L738YddAHiL/g0rEoAp5TW/s1Sw6z5jC+XP+PVJ+o/Y=","4":"k2KGHNtVYLz9T7L4TCvp73diz8gOltZJ4mWe83qu8wM=","5":"GaSw/MCjEOkBDz1eDrHAgNU5PLXPyEwqoTRoNbXxZ3k=","6":"2JBKRMevK6Fxzw6EI7Zw1hJYX45FFZbXmflUCRXFQ9k=","7":"Hkh56ubiDE4DVRnaLjHsNlxPUVydMWHbKR7Uzy1EsMI=","8":"eCz7v2hWmf0MHUTwsk7CQdCcMfnaA/aXxUD5iJX86hc=","9":"ByVSBpye6XyBOD5xB+UgHqnbc7gtKg9yMT8sM1iMCOQ=","10":"3utLEpaViWCAP7zSQPXJUuUUar02uBHyKc+pjhk8Q5U=","11":"7OEgZfU1d8+qClVWod8cOBjn5zKhnSGglC0JBQxGS3I=","12":"yXDSIDAI4lQWoDQomwyu+rbWQCmgS7wiwJf1VNRqu44=","13":"2a2GSQXyhZCLYwAcPAQI2IYvfuuAVtgzZVY8F4p2vIE=","14":"jFu5xiUVmrRbrXhJ5Nh8wYxoluHRhMGm21oNV2xC9b0="}},"BXJKDNMNCDmiJZe41TZGulzQXC7qos4z6e/R2m1rcatt":{"chainKey":{"counter":0,"key":"g5Iv1hQIFSxXm/mSY4HbeRawIFAVfyJDYTGrAyjzdoY="},"chainType":1,"messageKeys":{}}}}},"version":"v1"}