{"_sessions":{"Bbpaz+fEdRWW+vnasB2p/XudBXzgVgx/JDlACpF3A/M3":{"registrationId":806367570,"currentRatchet":{"ephemeralKeyPair":{"pubKey":"BZV+R3/KCE4v311ieoL5TSZ6u3IxTaZcKjAWeof5f8sc","privKey":"YEDBqr5dSkz2uOGChFgI6+KDY22/N8AuqCKg9NN9bWo="},"lastRemoteEphemeralKey":"BWByRg0LGHfjIva5sKtAbCvhn5QggYWNtgglyMYg7bMF","previousCounter":0,"rootKey":"XX2+yTLhZ4Wb+FO2ZbAeJqjIPl89fucCS3+e1sZcGUw="},"indexInfo":{"baseKey":"Bbpaz+fEdRWW+vnasB2p/XudBXzgVgx/JDlACpF3A/M3","baseKeyType":2,"closed":-1,"used":1742866833756,"created":1742866712683,"remoteIdentityKey":"BYK5r+PFCKAQ0ZinTBJgjbe4r4B1UtMCL3NBvuNHXopx"},"_chains":{"BTRDEItiZORJWBS2ZqHYgDqMPA43TK5H88KJunu/Qo4+":{"chainKey":{"counter":1},"chainType":2,"messageKeys":{}},"BU0PUWU/C5wmkhGntTQkVyuvGuTybPFI+eIzDsyxkUkd":{"chainKey":{"counter":0},"chainType":2,"messageKeys":{}},"BSDLA0QkktjDmkNtVbdVOets8p+CvUNZFWh+GpMyc4U0":{"chainKey":{"counter":0},"chainType":2,"messageKeys":{}},"BRW2dx6cNfMbEYiY2/scDD0sEJlPKQTpvrvW5BhFBbZ1":{"chainKey":{"counter":0},"chainType":2,"messageKeys":{}},"BemvGuGp5Bhy78blWTZfC/yA470w79QDCbsKVwZ5qX4t":{"chainKey":{"counter":0},"chainType":2,"messageKeys":{}},"BWByRg0LGHfjIva5sKtAbCvhn5QggYWNtgglyMYg7bMF":{"chainKey":{"counter":0,"key":"QoTQnMhVu+weeMZUoqeqh7+hUgayUPCGMx13Azbs30A="},"chainType":2,"messageKeys":{}},"BZV+R3/KCE4v311ieoL5TSZ6u3IxTaZcKjAWeof5f8sc":{"chainKey":{"counter":0,"key":"OdUQCWMm28LSWDnUUbNU2/2rQBk+nGQagZTSmIlRkug="},"chainType":1,"messageKeys":{}}}}},"version":"v1"}