{"_sessions":{"BfYPqxDEz90dfcsZVG345h4gnoxkYlirI4vEEXzijL5F":{"registrationId":1737,"currentRatchet":{"ephemeralKeyPair":{"pubKey":"BYukjPvdX9SB4AQugTDHpkrKwDRFgQqL5CHRgV+PnX9l","privKey":"0PqsT2s5jFn45I8Ijs9dZgHA/K9285Mx2WiuTsMLfE4="},"lastRemoteEphemeralKey":"BX85ujRqLX+ZnFhmq8RCZO0E43B0ot9vwwfR4Nosp95c","previousCounter":0,"rootKey":"gXea/OEWPtiZ4yuYL68YBSEzM1F4C6x/7WivdAIigbE="},"indexInfo":{"baseKey":"BfYPqxDEz90dfcsZVG345h4gnoxkYlirI4vEEXzijL5F","baseKeyType":1,"closed":-1,"used":1742786612836,"created":1742786612836,"remoteIdentityKey":"BaOR9Xfhc77Hadt+WTkm4u2xgyB/PSiZHp+/M3LwZHVx"},"_chains":{"BYukjPvdX9SB4AQugTDHpkrKwDRFgQqL5CHRgV+PnX9l":{"chainKey":{"counter":10,"key":"H5axG4fRjyE/Zy5qWrY8+i2LhdhNN4EYbt6QcQflWzM="},"chainType":1,"messageKeys":{}}},"pendingPreKey":{"signedKeyId":1,"baseKey":"BfYPqxDEz90dfcsZVG345h4gnoxkYlirI4vEEXzijL5F","preKeyId":596}}},"version":"v1"}