{"_sessions":{"BXDgFuulFR3o/zyww8CGy6ep6l5zZVddtUOgHbGyOmQU":{"registrationId":5830,"currentRatchet":{"ephemeralKeyPair":{"pubKey":"BaRbTXlNrd091g6s2UCCrJ2kZb42grGpsN4mzeqzcLFR","privKey":"OJUlaBfpgBouukCVbVZn5XbcJAepoUoKlMlO/FiCL2Q="},"lastRemoteEphemeralKey":"Bd0ZDAkL9z3Dt4P/wiAfatVEyIUHDQiLG7lDavTrQTMB","previousCounter":0,"rootKey":"G5VhFg4FcEhSnZ072usj4GYG/U6DKug0F9A9VeAPmJg="},"indexInfo":{"baseKey":"BXDgFuulFR3o/zyww8CGy6ep6l5zZVddtUOgHbGyOmQU","baseKeyType":1,"closed":-1,"used":1742183468991,"created":1742183468991,"remoteIdentityKey":"BfuAfVHsm+3ZICvtKKjAytyjwf+VoAON9xsMvvQBBmhk"},"_chains":{"BaRbTXlNrd091g6s2UCCrJ2kZb42grGpsN4mzeqzcLFR":{"chainKey":{"counter":10,"key":"n2d/Tj8mKcUW/3smfLFJiZB3ouYtx4xmpirZ7BmN5pc="},"chainType":1,"messageKeys":{}}},"pendingPreKey":{"signedKeyId":4,"baseKey":"BXDgFuulFR3o/zyww8CGy6ep6l5zZVddtUOgHbGyOmQU","preKeyId":1069}}},"version":"v1"}