{"_sessions":{"BYQMST5s8ngc1yvWjsg811tAfHX5X12uEKG8lHA1t/Bi":{"registrationId":1164,"currentRatchet":{"ephemeralKeyPair":{"pubKey":"BQfyb0kVjXKFkrfR/KBzQObyqzfxe8c0HmM+BNBy8hFQ","privKey":"qLNO1E0oBil5qiLVUC0rTJOrtxWZzth0VWZpzwhrbm8="},"lastRemoteEphemeralKey":"BVfT/dSOVMamw0ahZnqjbuN++AM22yvTpJyxRmAijqNI","previousCounter":0,"rootKey":"szCXlw77DfUHQmyjsXYyOTMnPXJaOp/nGs9Xn6XAUQI="},"indexInfo":{"baseKey":"BYQMST5s8ngc1yvWjsg811tAfHX5X12uEKG8lHA1t/Bi","baseKeyType":1,"closed":-1,"used":1742786729752,"created":1742786729752,"remoteIdentityKey":"Be5wjW5XHwwec2KpYZ9E8tJNLQeXLQ9hh+opp2JeZMBA"},"_chains":{"BQfyb0kVjXKFkrfR/KBzQObyqzfxe8c0HmM+BNBy8hFQ":{"chainKey":{"counter":1,"key":"EpBGZ8+Fnlr5pn9Zkar3k438mWyFaMKdr/mYbLFiBp8="},"chainType":1,"messageKeys":{}}},"pendingPreKey":{"signedKeyId":1,"baseKey":"BYQMST5s8ngc1yvWjsg811tAfHX5X12uEKG8lHA1t/Bi","preKeyId":677}}},"version":"v1"}