{"_sessions":{"BWdaEa+8OyWyB0WR9QlymUct5JdLMbL2gS+bhqSeDFIo":{"registrationId":1373816895,"currentRatchet":{"ephemeralKeyPair":{"pubKey":"BYAqGJRjJUZDKdqwI4sMxm9wTlhpsUN0jChQsESX730S","privKey":"0GFv58CxLKp2wEy9OflNugTLsjv6NMOK1c3V8BjE3Fc="},"lastRemoteEphemeralKey":"BYAXTF3/EbLqbA58/M5+ES6JeIM/4Stii+rfEtFn7R0q","previousCounter":0,"rootKey":"R1lEPMcIcnlMxpYdI4aYPGBCKRlAG+l/ss6fK/AJ8aU="},"indexInfo":{"baseKey":"BWdaEa+8OyWyB0WR9QlymUct5JdLMbL2gS+bhqSeDFIo","baseKeyType":2,"closed":-1,"used":1742788292464,"created":1742183664930,"remoteIdentityKey":"BXuurKd3yG8ciQ2zaiVBekH6Wl4/OJLrH/LxOxfiiDhs"},"_chains":{"BUwHRcBV1d+5CDjTkDK2KBQr5rHzfzXAk0xt5grSPX9Q":{"chainKey":{"counter":0},"chainType":2,"messageKeys":{}},"BbGzbyqTTtoWwEgd4yQpH3PVZVtJOBgMinLA1lXDjFoV":{"chainKey":{"counter":2},"chainType":2,"messageKeys":{}},"BdG2WojxPw9RL17w8FRFEdietAgeZdmdDXO6ml9ywvs8":{"chainKey":{"counter":0},"chainType":2,"messageKeys":{}},"Bf6o1pmCtW8BZx5ziy0+MBfKuxDubjYl9ZJC2K4X384x":{"chainKey":{"counter":0},"chainType":2,"messageKeys":{}},"BaQ/0voop6BJk7pr6efn1n4GBGEA4T6r5nPVkVOnd9od":{"chainKey":{"counter":0},"chainType":2,"messageKeys":{}},"BT2uXmmBgHLbUb1hcHAarmnpqpD7HHJhrmKcaf+Kjj0O":{"chainKey":{"counter":0},"chainType":2,"messageKeys":{}},"BW/7DawfVxXEm6AHH6RTaiUwdFC9jKSiNniPrw+IeFAl":{"chainKey":{"counter":0},"chainType":2,"messageKeys":{}},"BYgBc3digRS+QSlbLuVlrlZEI0P2Eg0xy6tXK9si1sxY":{"chainKey":{"counter":0},"chainType":2,"messageKeys":{}},"BYAXTF3/EbLqbA58/M5+ES6JeIM/4Stii+rfEtFn7R0q":{"chainKey":{"counter":0,"key":"FbONaoLR3TkbH3FdpG8s1+OWWFjXshMHj2digxSH8nI="},"chainType":2,"messageKeys":{}},"BYAqGJRjJUZDKdqwI4sMxm9wTlhpsUN0jChQsESX730S":{"chainKey":{"counter":0,"key":"BOofJJFZwcstdO+XT2tb7EbJFmydK53fFe2jxJXm1/Q="},"chainType":1,"messageKeys":{}}}}},"version":"v1"}