{"_sessions":{"BX1GBS2GIiRwph38/KtJ4QzmskrqGYlmF6Sh91a/gmty":{"registrationId":2143124847,"currentRatchet":{"ephemeralKeyPair":{"pubKey":"BVVODkcloWDdwfLGikMCmZBEJvwyxUscmfVWDbTO7P1B","privKey":"ICcqFOa1j7X6TFA5byWTMZ0G05EJ9ZI15H0e5FIfxHA="},"lastRemoteEphemeralKey":"BXtAu2VE3u6tbIP4qYae/TV/n1Ldqu9swHDPVJM1x54r","previousCounter":0,"rootKey":"z1MMPz0zVX0+Ysh7gtT8g5wr/ZlGz9mKUsUjLVrmtto="},"indexInfo":{"baseKey":"BX1GBS2GIiRwph38/KtJ4QzmskrqGYlmF6Sh91a/gmty","baseKeyType":2,"closed":-1,"used":1742788349177,"created":1742183559121,"remoteIdentityKey":"BQmGJL/dInxMKIIN75dpvIwiwAb7lBzF2olTx7OmcbAi"},"_chains":{"BUFfBv/oISf0w0zDhlgKPzwPsSGeSxsj6es85XvTYSkh":{"chainKey":{"counter":0},"chainType":2,"messageKeys":{}},"BQl/viaH0CLDc43jPpUGSkCHfnSZNRNJAFGNWQcnNyIH":{"chainKey":{"counter":0},"chainType":2,"messageKeys":{}},"BXy0n7w+4mCNOjXbJpS/ngzLQLXlLFB4QuLXrmWzOzp9":{"chainKey":{"counter":0},"chainType":2,"messageKeys":{}},"BU2nFMvsH+T+ntOC1wmvLHlRj6VeIqyhcEDUPn+KH7Ih":{"chainKey":{"counter":0},"chainType":2,"messageKeys":{}},"BRxMC/5Z6nkU75Y8F0dDht+u6j94RYmQC0l41pqruzxQ":{"chainKey":{"counter":0},"chainType":2,"messageKeys":{}},"Bbz68iZU/ohAlPRSaUHHLxtlVb3A/G+YCNm6AjH5UCwq":{"chainKey":{"counter":0},"chainType":2,"messageKeys":{}},"BRIVr7fBzUC9m0MH9rEPO63ojcWqZk3SsFc03iE62HMi":{"chainKey":{"counter":0},"chainType":2,"messageKeys":{}},"BSxJgZtEuqWjbncEe5K4lW8KmZbt3EYr1Px7vbldo/NU":{"chainKey":{"counter":0},"chainType":2,"messageKeys":{}},"BdUEP0v5vCl08sF27CkxWel3Tqnye3XHAXz7/Nrt17IU":{"chainKey":{"counter":0},"chainType":2,"messageKeys":{}},"BavRQ0Ml7sEqj7y7PBMux9zJqwvHx3NbYiKtC6v6gut1":{"chainKey":{"counter":1},"chainType":2,"messageKeys":{}},"BSsgZXkX+fZR1ThrpneRiotdhNCGaPQr5raowU7uISx/":{"chainKey":{"counter":0},"chainType":2,"messageKeys":{}},"BcXxqHUmYHCRdqURKY6tDOINs3Zt2Bz39DTtVqGB6cQD":{"chainKey":{"counter":0},"chainType":2,"messageKeys":{}},"BXysq06qefsf4NrfMXK4e1h8wANeEnP+iZ1clSo6Elxz":{"chainKey":{"counter":0},"chainType":2,"messageKeys":{}},"BZsQTEihJR5lacwcFD66q0/lpz/DJx5nZFohwMuGRKgT":{"chainKey":{"counter":0},"chainType":2,"messageKeys":{}},"BfPm0/xECeiwNZIEi4O4f2ZWA5jIgT9aRmy8oenpEt4h":{"chainKey":{"counter":0},"chainType":2,"messageKeys":{}},"BRsMYrKaPe9npV/im69toMDGrxWjDM9gjh9zly2VVLgU":{"chainKey":{"counter":0},"chainType":2,"messageKeys":{}},"BWvW6mMYt8erJWI8eaj1tiVYPr0ZG5Z01mLsAlHalj0a":{"chainKey":{"counter":0},"chainType":2,"messageKeys":{}},"BcwLHMOTu//LVZQgD89N8j0YRJ3ItSjhELKNc9qjyG96":{"chainKey":{"counter":0},"chainType":2,"messageKeys":{}},"BQtNBjfLxTw5oyV5ZSWW8+hQQ8HO0buERlRg1Kk1XjEi":{"chainKey":{"counter":0},"chainType":2,"messageKeys":{}},"BXtAu2VE3u6tbIP4qYae/TV/n1Ldqu9swHDPVJM1x54r":{"chainKey":{"counter":0,"key":"qAttnXdocBS81jwYacV1Sw26hf0/wUuL6qJaqqSb2Gw="},"chainType":2,"messageKeys":{}},"BVVODkcloWDdwfLGikMCmZBEJvwyxUscmfVWDbTO7P1B":{"chainKey":{"counter":0,"key":"veYVbisMIdtXzcWJI2eUeuwy4p+j0lP3BaFP5ot9ddE="},"chainType":1,"messageKeys":{}}}}},"version":"v1"}