{"_sessions":{"BS+bYrKOTqIjHf9t+HE58N3QWm402HsmSj3pQreMxclU":{"registrationId":701516492,"currentRatchet":{"ephemeralKeyPair":{"pubKey":"BSEM64VWcR5f72r+uG6y/hS7lFsuIGX7XGXQS7ybIg9I","privKey":"YC+7LIhHUfYQuflfr7Gv2xCBI6y2C1V6oYJlQF5mBVI="},"lastRemoteEphemeralKey":"Bb0Fv/d7fZSdZi9hKgs46dyI3jDs4IgEZA0qfU8BQqol","previousCounter":0,"rootKey":"oLMcTNiR6a536juzIqL5lh6/ZiYdU6TlmmYjfuX49HU="},"indexInfo":{"baseKey":"BS+bYrKOTqIjHf9t+HE58N3QWm402HsmSj3pQreMxclU","baseKeyType":2,"closed":-1,"used":1742866401264,"created":1742866401264,"remoteIdentityKey":"BaCePBwKoJuHtqJgX1B187Xc2IIKWMlBiUgzttZ6qbYB"},"_chains":{"Bb0Fv/d7fZSdZi9hKgs46dyI3jDs4IgEZA0qfU8BQqol":{"chainKey":{"counter":10,"key":"k8u67hQW20MDeD+DVqhYf3ZwG1/ypLzTRImaNK9GAfY="},"chainType":2,"messageKeys":{"0":"DkoN4UXvo+KijtOuSgScmVT8KLayAOcUDZ3RBHUrCxE=","1":"1LepQKxDBFDnRTsfKjjPTwr9j6vMsbQfgYKGBB5imfE=","2":"oCJTxkzJslqiHsV1bwym2PzKjeY34gVah44dMQHldxI=","3":"Yg1D4EwCIetfyubeco2e1YRxE4gR4WSUEDpHGl6C7ss=","4":"/Kocy6vPoVa8alF/Zhvb00iimPB+ndDEEXAGiRv17n4=","5":"HKqlSDNnahtw3/gPVdqma2AJtQJYObst5fWtwLhKetk=","6":"Ww2YI0VLsU5mMIdjqvfmzLoARED9u3G8N9EKQQUMo/M=","7":"Gt6tFlXBYQCPsb98nc8g15U0BjByBvW0tmTVVj6vvT4=","8":"dbeJcgLqrjPwnISp1Bj3ygnMK0bJLZeHZhBk6fYgRxg=","9":"HDNZxLSHGPGc6nqx+A0w1zWvlHIo2roPIPinJDqs5aQ="}},"BSEM64VWcR5f72r+uG6y/hS7lFsuIGX7XGXQS7ybIg9I":{"chainKey":{"counter":-1,"key":"z0Dq4R1YUaBpcYVw6m0/TVHhXAc2l4TCrgkM9dcE9yU="},"chainType":1,"messageKeys":{}}}}},"version":"v1"}