{"_sessions":{"BVpPMP6mHZRDcQlQHyW9ebEc7Rkw5TszMNaK22WfoUE9":{"registrationId":328873838,"currentRatchet":{"ephemeralKeyPair":{"pubKey":"BWJxvDrrSRhJVKAufPKw747FpnHteB26E6HKyeSHHwBl","privKey":"uAlyyIqdIpOHWUsa7fGaXV66XpBSRi3ic2RszHddUFc="},"lastRemoteEphemeralKey":"Be3boy+p+Z8GUu9JBV31uj11EUuUvobcmJ8yls8GHdYx","previousCounter":0,"rootKey":"DpoiBWxoR4Rh2ZxULjRHshmEkDjZvFqqB/74i+GizRs="},"indexInfo":{"baseKey":"BVpPMP6mHZRDcQlQHyW9ebEc7Rkw5TszMNaK22WfoUE9","baseKeyType":1,"closed":-1,"used":1742259965860,"created":1742259965860,"remoteIdentityKey":"BT7Wots3A348GvqBD+wpIehqUsalI3k3XHt3SL8OUV1A"},"_chains":{"BWJxvDrrSRhJVKAufPKw747FpnHteB26E6HKyeSHHwBl":{"chainKey":{"counter":17,"key":"7k1fZ50MeHRbAD/ZVU5LogTM6R1AoGU0Z/isTronLxg="},"chainType":1,"messageKeys":{}}},"pendingPreKey":{"signedKeyId":1,"baseKey":"BVpPMP6mHZRDcQlQHyW9ebEc7Rkw5TszMNaK22WfoUE9","preKeyId":189}}},"version":"v1"}