{"_sessions":{"BXDS/QXE907AYIwH8NAbL39fjoXsmDgQrKNmqCmLi2JI":{"registrationId":14246,"currentRatchet":{"ephemeralKeyPair":{"pubKey":"BXr3TloqgwPephaD5sfcsTPp8yMc6BNXkfLKi1jRkXlU","privKey":"EJlWkS9B/5NZiun3HCnAklBBrUclGm53RO2qiU+1cWE="},"lastRemoteEphemeralKey":"Bfl0HvH43qBTJZMuSKV0K2ZOxkBeTuL5OUQLqUgvG59p","previousCounter":0,"rootKey":"CqX+NhcaGUs9Rz/pyIFxc46jPeAigp78Zmc12FL7x+s="},"indexInfo":{"baseKey":"BXDS/QXE907AYIwH8NAbL39fjoXsmDgQrKNmqCmLi2JI","baseKeyType":1,"closed":-1,"used":1742868006237,"created":1742868006237,"remoteIdentityKey":"BcreY2vQ00Jc0XCmEJ8l6m64QnPwG/P9oQnQzpRFQXYP"},"_chains":{"BXr3TloqgwPephaD5sfcsTPp8yMc6BNXkfLKi1jRkXlU":{"chainKey":{"counter":8,"key":"f3u4xLP5hxFfYrIP2D30bpbpRyDokVPtDwtjghu7IFM="},"chainType":1,"messageKeys":{}}},"pendingPreKey":{"signedKeyId":1,"baseKey":"BXDS/QXE907AYIwH8NAbL39fjoXsmDgQrKNmqCmLi2JI","preKeyId":1437}}},"version":"v1"}