{"_sessions":{"BYbjHQU3eg/biBiCjsiYgtpMhk2vuHZf8r+HHnYDwSJl":{"registrationId":618328960,"currentRatchet":{"ephemeralKeyPair":{"pubKey":"BavrOahVTirrBQRk2BP10GMoOzLFBX5i2Iav4QCEB8cH","privKey":"ePBW6muEu3m0ScsDdGeoxmmFbKxq8KLd9ZGykidmS24="},"lastRemoteEphemeralKey":"Bbua8TwYu2Cgj6CBu/b4VISx5tSfIw+g12U2uUKqOa48","previousCounter":0,"rootKey":"cvnwaIh+vVDNeO+NPXZwbJii0g05EZOzdW36dAWpS5M="},"indexInfo":{"baseKey":"BYbjHQU3eg/biBiCjsiYgtpMhk2vuHZf8r+HHnYDwSJl","baseKeyType":1,"closed":-1,"used":1742865427847,"created":1742260078495,"remoteIdentityKey":"BR8Rd/klF3FKlMrL20AzlU2soMWocIQo5ILWvAN7uPd+"},"_chains":{"BSDqp2h9TPPv7h0degMJbC3zgmuh6PN3UCznEMSbXytg":{"chainKey":{"counter":0},"chainType":2,"messageKeys":{}},"BbihVVZzEN6dbvW9fg+UyxXl5dued6d9kj1FIBwN85gm":{"chainKey":{"counter":0},"chainType":2,"messageKeys":{}},"BeMHoAmGepZfu55sdFitNpCqA890CqJmwwWODm/dv5QA":{"chainKey":{"counter":0},"chainType":2,"messageKeys":{}},"Bf0k3NWo+LKBMGdlsMb+LRTw3/sRcTRHcFUCmmKLQ3Ik":{"chainKey":{"counter":0},"chainType":2,"messageKeys":{}},"BR2O1EU8etJiYhte4ohPm5TeLhxuLzZsF/eIH0D3lfQj":{"chainKey":{"counter":0},"chainType":2,"messageKeys":{}},"BfgpgmTuLWWp3Sou7TmOF0xgxS0rX/SfijTFFtynJSBT":{"chainKey":{"counter":0},"chainType":2,"messageKeys":{}},"BWdfMEQxjXOtyE+7i0NJrbLwJ7B5f0HeJnOycbrjUYdt":{"chainKey":{"counter":0},"chainType":2,"messageKeys":{}},"BZEWHCB5KCoOc99IxR/53lHc37+dyiuLTZqoxM/PtEt/":{"chainKey":{"counter":0},"chainType":2,"messageKeys":{}},"BTdUKFspwJLUgwFmt53zSgWqOGTK2t+1f4/AkG9RXH8E":{"chainKey":{"counter":0},"chainType":2,"messageKeys":{}},"BY2qUFLXRubU4UT9ruanr9Hc/vOWcXC+oGffmuvANe45":{"chainKey":{"counter":0},"chainType":2,"messageKeys":{}},"Bbua8TwYu2Cgj6CBu/b4VISx5tSfIw+g12U2uUKqOa48":{"chainKey":{"counter":0,"key":"BoWWXz1Pz+6lgWW5GXeTQwheu9mNzg0SSdcxvoeesgk="},"chainType":2,"messageKeys":{}},"BavrOahVTirrBQRk2BP10GMoOzLFBX5i2Iav4QCEB8cH":{"chainKey":{"counter":0,"key":"hMAhm28T8by1IlYjXwX4RiItEJRH02YHspKyhdrsurc="},"chainType":1,"messageKeys":{}}}}},"version":"v1"}