{"_sessions":{"BbynQ5r0W6YqKVEzlYoBEcOmYigxkiimHWS4Y9C8ils8":{"registrationId":846660010,"currentRatchet":{"ephemeralKeyPair":{"pubKey":"BdcBZGdHZ+gYkN4ppPHgjE64lNNigXdVV+oXamMaq9ov","privKey":"EJecG4ARrfW/cEqEgp4shLdx/km8SL3tBiwTGTDY/28="},"lastRemoteEphemeralKey":"BYFt9zPvIF0MSssohPn6rjaBD9KzQPiJn+ly0YQs40hm","previousCounter":0,"rootKey":"2qJYPbz8bmGrpVAc7xD8kwXLRIGBVjXJNn++sxhuqEE="},"indexInfo":{"baseKey":"BbynQ5r0W6YqKVEzlYoBEcOmYigxkiimHWS4Y9C8ils8","baseKeyType":2,"closed":-1,"used":1742788658023,"created":1742183493199,"remoteIdentityKey":"BXcV6b+lD/K8yhRvCj2MP72rmNQ0RarLrfHX3wM+VwBv"},"_chains":{"BQ11aQKiIG+jQtCT10y3nqHRtJ78ZCG/XGrxpYT68SNf":{"chainKey":{"counter":0},"chainType":2,"messageKeys":{}},"BSnUpzXR2l5MEa9v1c3WDSnJakJsQum1Mi7P2urDxXFI":{"chainKey":{"counter":0},"chainType":2,"messageKeys":{}},"Bc4F5mE0q8IU0ZhT2aOh/F6hm3Zmaj5ktNBkfzBpSiFO":{"chainKey":{"counter":0},"chainType":2,"messageKeys":{}},"Bc0wx+gu+O2Yvc5Z0NYo8NsgIxs62bdu4RRBZPg/sZtm":{"chainKey":{"counter":2},"chainType":2,"messageKeys":{}},"BQwZ9qYWvAKhjILOosUCvU2QAovvjlcR7RCGfMiWjx0s":{"chainKey":{"counter":1},"chainType":2,"messageKeys":{"0":"K9hzAMfnAZvi+2s/ntQKc+OEtVtFrkVkWJSDsmBOYuA="}},"BWZZs6Swrnw1M7qYYKHPxivMEHg2mJp0ts1Z28ggExgE":{"chainKey":{"counter":0},"chainType":2,"messageKeys":{}},"BQFqm26PPbADnevr6W0lkiPU2LxQ4NmAeo0vjQoujeNj":{"chainKey":{"counter":1},"chainType":2,"messageKeys":{"0":"NHdBhtMO6Odye014Qex/O/xz0hmtustbeYXc+riDjjY="}},"BVSaT5j1QGkP9L+P50DuxHTa1x+l5+rHu4y35ZMe9Zwc":{"chainKey":{"counter":0},"chainType":2,"messageKeys":{}},"BVVG5PHOSZTwbn63KbzsimzAaZCg5MoptLDeJnBD2Twi":{"chainKey":{"counter":0},"chainType":2,"messageKeys":{}},"BamQ+E5F9JLSXQtVJgY/GI6EC2YywOgdUQfOQSkeKSE/":{"chainKey":{"counter":1},"chainType":2,"messageKeys":{"0":"yEdjOipHM2Bx1ufNYeAbcYl3i1AsdiLAZu1QjwcCKwA="}},"BR5WKR5hxhh+EdwLpT5pv1Q/NVV4zJr2WLSE5Xeqhgdr":{"chainKey":{"counter":0},"chainType":2,"messageKeys":{}},"BbssFEZpSpGoDovdDg4StrRi4OaBLZwlyVaR729dQD5C":{"chainKey":{"counter":0},"chainType":2,"messageKeys":{}},"Be7EQ9kCxmK4GpG0bV6152Y1tf/Vu4schgrRBqj7ZY4x":{"chainKey":{"counter":0},"chainType":2,"messageKeys":{}},"BUmcmY3ZpBrCceTAtQdogKYfYYq3xoUPMdbpZ8ExX5Q5":{"chainKey":{"counter":0},"chainType":2,"messageKeys":{}},"BXSqP9tiBNq/qshRfhLxqAlvJZVbsZv6lwyQO7x7ql9a":{"chainKey":{"counter":0},"chainType":2,"messageKeys":{}},"BR7mLzJq/HCVX63wzmQYysCnwWilBUweo4WlE7Dt+Zkt":{"chainKey":{"counter":0},"chainType":2,"messageKeys":{}},"BYFt9zPvIF0MSssohPn6rjaBD9KzQPiJn+ly0YQs40hm":{"chainKey":{"counter":0,"key":"HfOVjpoOQSy+7NDVwF5cqo19VQHNwT/dW3z+p7G8aEM="},"chainType":2,"messageKeys":{}},"BdcBZGdHZ+gYkN4ppPHgjE64lNNigXdVV+oXamMaq9ov":{"chainKey":{"counter":1,"key":"WEAdV0C+kgF07gFrsUiMKMRNSdmx53A8Mk86r8PlsLg="},"chainType":1,"messageKeys":{}}}}},"version":"v1"}