{"_sessions":{"BeE10z2vW+8E1vD2huEgZEI19JtTmIIBdNAauyTx7I5u":{"registrationId":1500894323,"currentRatchet":{"ephemeralKeyPair":{"pubKey":"BfZdbT2Pyl7vpISsGlKZMF9vlb4s80lB03PimwAbZyt1","privKey":"YO4/Q6VirSlkJV8sESGq3Oet3c0auSSsN1yQJ59U6mw="},"lastRemoteEphemeralKey":"BfegiMODBbFeFGf95PYGF78/2HWcytmc9/n3byosli9V","previousCounter":0,"rootKey":"zgDnWjTYi2ftCCHz4HYd0okT42Lc4vNWflaIJr5aG4Q="},"indexInfo":{"baseKey":"BeE10z2vW+8E1vD2huEgZEI19JtTmIIBdNAauyTx7I5u","baseKeyType":1,"closed":-1,"used":1742866539347,"created":1742866539347,"remoteIdentityKey":"BQxoYe93630YvmR9Ka8ZFOmhWo+RlyukpKN7rd1he9gs"},"_chains":{"BfZdbT2Pyl7vpISsGlKZMF9vlb4s80lB03PimwAbZyt1":{"chainKey":{"counter":0,"key":"huOxI6EguqLAegTb89MXGVaS+UUMkMwUEOvtqa0fnv0="},"chainType":1,"messageKeys":{}}},"pendingPreKey":{"signedKeyId":55,"baseKey":"BeE10z2vW+8E1vD2huEgZEI19JtTmIIBdNAauyTx7I5u","preKeyId":1493}}},"version":"v1"}