{"_sessions":{"BYZYaFpzn87QWhqiIJoR1fInUMaA5jZtI44qcpOwlU5S":{"registrationId":1193258794,"currentRatchet":{"ephemeralKeyPair":{"pubKey":"BYa5Um08oeEHiKvnK1a7oZOEH8C5osQ6PAk3Qogt+MhG","privKey":"KFGW16ueOOmq0CgMRndZjHObnJW8NkCYdBCClym3NUo="},"lastRemoteEphemeralKey":"BVkQ2Ricysl4U8mmt6Zoi6wXMbvGlUd7b/pTSvemcqAX","previousCounter":2,"rootKey":"QJswWo7+blL5nTroGtoK/cfd8CXCqwRudA2+T9xzgCE="},"indexInfo":{"baseKey":"BYZYaFpzn87QWhqiIJoR1fInUMaA5jZtI44qcpOwlU5S","baseKeyType":2,"closed":-1,"used":1742980472658,"created":1742786595486,"remoteIdentityKey":"BYYZyO2v8bCuB9RboVlbrafm2tJH1pWQArm/wFwvdqFI"},"_chains":{"BTYvV99ctPnyyXonaQK2Doe4sWm/xLhlQGKrJyS08RBk":{"chainKey":{"counter":8},"chainType":2,"messageKeys":{"0":"sxGwh8kfAgTJFSM/IYDFlK3uovdbES6k6jh9QULmfF4=","1":"UgWJggy16IkudpjBZlR6qxTuTfUkFoe2Ie/jO40/blg=","2":"fSLqBMeDxUwKqL+i1/yHuP7bcR3+96K1k0UoXdZMbI4=","3":"X9Sm989YgXUzA6fK88t4Lf3Y4bAVFIoeLSWWdMjjyjU=","4":"lh17d2BqQwLHosMLjU54ViroLkxrNGBUedPZhvUvGDQ=","5":"gZXP/PvxKtM6+aCL5cxGps9AyCXPXtSeBzLjqXRaGjo=","6":"lf6JGTU9j5W8tHdJZznEw5nQcZaoytarc1UR0l2w/QU="}},"BUdjUlbQaHq3u6rjGzz67ib8BFaAkgx4SlF3kZMTgMMS":{"chainKey":{"counter":0},"chainType":2,"messageKeys":{}},"BVkBg4X67ZjtJTiWcWhwOkcwYJpyiW78OfZsxzt8XUo8":{"chainKey":{"counter":0},"chainType":2,"messageKeys":{}},"BVkQ2Ricysl4U8mmt6Zoi6wXMbvGlUd7b/pTSvemcqAX":{"chainKey":{"counter":0,"key":"+e3j8oHMmOfnQYZN2zrU9XWOPr9fZXEZShtlHTBsDsk="},"chainType":2,"messageKeys":{}},"BYa5Um08oeEHiKvnK1a7oZOEH8C5osQ6PAk3Qogt+MhG":{"chainKey":{"counter":-1,"key":"WBgLUBHQskRx9HTvc8r4cevErX4cnsP2+qLowfmahFQ="},"chainType":1,"messageKeys":{}}}}},"version":"v1"}