{"_sessions":{"BfK4FJc8rYpxZnPm12mr67nR7pBEHPcgjhE4x6BgHF8t":{"registrationId":840151651,"currentRatchet":{"ephemeralKeyPair":{"pubKey":"BS0LhduyxdiVFJZcTVnD6/Qy63E+5oE3Mj4YSkFS1+Mt","privKey":"mNxQTNf2z6g7akuLTCStf4BVF/Kl48HnS0ILf56EoEQ="},"lastRemoteEphemeralKey":"BZOHUO/Pqf33vYAgiKuoT/mhLW3Lln8wvo2Zx/8CHPEP","previousCounter":0,"rootKey":"tRF2ws7aEqy0pAz2feNeHr9eK1n/hfEq1Pu3LUPYuvQ="},"indexInfo":{"baseKey":"BfK4FJc8rYpxZnPm12mr67nR7pBEHPcgjhE4x6BgHF8t","baseKeyType":1,"closed":-1,"used":1742259754132,"created":1742259754132,"remoteIdentityKey":"BZae81QJPfjkBFBv9OCvjRJy9pop/ForbmToBjyOl4dd"},"_chains":{"BS0LhduyxdiVFJZcTVnD6/Qy63E+5oE3Mj4YSkFS1+Mt":{"chainKey":{"counter":10,"key":"misaUuX8KEyyUci9kgaXL0GEAZEBdvZ2ejdpEiEMm9k="},"chainType":1,"messageKeys":{}}},"pendingPreKey":{"signedKeyId":9,"baseKey":"BfK4FJc8rYpxZnPm12mr67nR7pBEHPcgjhE4x6BgHF8t","preKeyId":692}}},"version":"v1"}