{"_sessions":{"BfYH9TMtIAE45t8vpqptcLJFrFnF/iV795pbir69klRo":{"registrationId":556131805,"currentRatchet":{"ephemeralKeyPair":{"pubKey":"BRZk3rgbJfPX3odFpCOWB4auF40UXv0Cmr8CiUnex/AV","privKey":"4ISuAW/4F6D6yUygJc2mOVljHwOAJhu9Wtt7ya5B808="},"lastRemoteEphemeralKey":"BYef1ECtxUK8LY4VD/g/9FEcXHJPhfkicv1XVG30F0Yi","previousCounter":0,"rootKey":"5sZ1qwP80A4UC5bWopUQXQq32BeWzBMfaTGuTcIfiPs="},"indexInfo":{"baseKey":"BfYH9TMtIAE45t8vpqptcLJFrFnF/iV795pbir69klRo","baseKeyType":2,"closed":-1,"used":1742788389781,"created":1742182757596,"remoteIdentityKey":"BSEv8Zk8LqQtbQXIgqZwjtQEEwm8uOfnWSM1ojX1uRJT"},"_chains":{"BTa/VViQvt7Cyujk5AJWKnlIppwLO3XihxH2StzNANRL":{"chainKey":{"counter":0},"chainType":2,"messageKeys":{}},"BVjbHZdoAcgnbR5cM16peUCw8YKbTr3UoS1sWs3mCoFm":{"chainKey":{"counter":1},"chainType":2,"messageKeys":{}},"BTwsp+cs9MFVAD7L6VRTcEyGm+Dlj79lbt3EtS0TG55l":{"chainKey":{"counter":0},"chainType":2,"messageKeys":{}},"BZTMg+sDfYvf1Bzlg18t3vV8EDADX9IgWqxs114RFFxF":{"chainKey":{"counter":0},"chainType":2,"messageKeys":{}},"BTctJPFNZD/28b83zoycvn948PQYtkXuGWqa9Zo26qNW":{"chainKey":{"counter":0},"chainType":2,"messageKeys":{}},"BY2RbY9Wz+glqMFXQJuSa3xtXv3CORhL+/nPuJgjq40F":{"chainKey":{"counter":1},"chainType":2,"messageKeys":{"0":"MV3AG0FRaBRxRT/7A+ix6V0O9NNnJBfc75A4SjYdsc0="}},"BYB2CGF0WMo/HQrymuys9kea1mQtXr2n+yWxMNmjsn59":{"chainKey":{"counter":0},"chainType":2,"messageKeys":{}},"BT+xHrrN/fcR1dGNeOTkPW8eSrdKhIu4AdcSYvAdm7Qt":{"chainKey":{"counter":0},"chainType":2,"messageKeys":{}},"BdhKUv1qbrtfISrc/2GqAen5VxMYOK3A1nmtuLMQhlZk":{"chainKey":{"counter":1},"chainType":2,"messageKeys":{}},"BXf72cTmYXl8DuSKDiBAconFcFdGugPA0rMqhOD1JvRt":{"chainKey":{"counter":0},"chainType":2,"messageKeys":{}},"BRIM+GlmAlBpV8h86gXDP1zd2KqN6/SjoxxMrOQl7/1T":{"chainKey":{"counter":0},"chainType":2,"messageKeys":{}},"BVKFD2yqVL+9bX2hnjmYrB1aSqMy+hEklBXt9MSOQV1f":{"chainKey":{"counter":0},"chainType":2,"messageKeys":{}},"BWHHkT6/xxi0NY2ZGrfJzsgv2Q948D4mNQXPxTar2/o9":{"chainKey":{"counter":1},"chainType":2,"messageKeys":{"0":"FAJ1woGjZJa6uLwUxn1MzlbKEqGaGW7MFRDfx/L1apg="}},"BV31pzaVfJ/tUhgal0aSyZhkbLWB0Hsj1m5rTx90PqVu":{"chainKey":{"counter":0},"chainType":2,"messageKeys":{}},"BYh9b75+XFzh1VTuCnidMfWaAgFbuDBjoWd7C373Nz5m":{"chainKey":{"counter":0},"chainType":2,"messageKeys":{}},"BSu5u+pm2F0oUqDlNPrnyw5YAsYlvuJhl0df6tvpToMj":{"chainKey":{"counter":0},"chainType":2,"messageKeys":{}},"BbiyKlZYtZ9JmGqEn5tzqq2QqVY9zahoRdrTcEZSIfN4":{"chainKey":{"counter":0},"chainType":2,"messageKeys":{}},"BdoIjpBvHDrnGRzCcxpO+QbKBxS1R8cLEaCFsYk0W74C":{"chainKey":{"counter":0},"chainType":2,"messageKeys":{}},"BfjVGiOADN3fLKxqKzn2ncQFZzjOWXJRq2hSCb0ZeQ1F":{"chainKey":{"counter":0},"chainType":2,"messageKeys":{}},"BcAcdrjNxerHwJgemvaM/SdEwfUBN988VxYDMrSpqoI1":{"chainKey":{"counter":0},"chainType":2,"messageKeys":{}},"BZWnVpeW7Vwd8sYQTpTMSEjp65Tw+ZAlRZw6eMBpJWF7":{"chainKey":{"counter":1},"chainType":2,"messageKeys":{"0":"yQsZkUuX8QyzwBkzzcj/mu0q7kboiSYVjd+7ErkRkOI="}},"BXPhKX2OQD0DgrRkIIFwErk5NU5rPgox2sjRq71f3+FR":{"chainKey":{"counter":0},"chainType":2,"messageKeys":{}},"BVXQbZ/k7MlhtDQs+6pPt/0C+gGkhV3EJqx7aVZi1UQ0":{"chainKey":{"counter":1},"chainType":2,"messageKeys":{}},"BacCIg+nw4tCDgS8XwZZPNvIJcZJpCWodxDrU1tJ2Wo2":{"chainKey":{"counter":0},"chainType":2,"messageKeys":{}},"Bcq8KiJuV63KX/syJWVQhBBr5GbmUaaeu+76B3T+jEh7":{"chainKey":{"counter":0},"chainType":2,"messageKeys":{}},"BY+DYsmjnhsUokQ8EkzJdtDeYr1ZrEW7X9B0CCowRBZg":{"chainKey":{"counter":0},"chainType":2,"messageKeys":{}},"BSD+rdsR2/bEA70kd+/wP4OfBjiGQYklN0danA82SAJm":{"chainKey":{"counter":0},"chainType":2,"messageKeys":{}},"BeoY8FavlDxV9hNUkMLRHA88Zyk8MKYvV3Hq/hYMCFo7":{"chainKey":{"counter":0},"chainType":2,"messageKeys":{}},"BYef1ECtxUK8LY4VD/g/9FEcXHJPhfkicv1XVG30F0Yi":{"chainKey":{"counter":0,"key":"3kSawWYF+B8I6ImAjFIT6/9LFefuCqQVi0zgFlySUSw="},"chainType":2,"messageKeys":{}},"BRZk3rgbJfPX3odFpCOWB4auF40UXv0Cmr8CiUnex/AV":{"chainKey":{"counter":1,"key":"vjtZztLO02ImBPadNNmnanzDBMx7YaLT+dxzheBJ1IY="},"chainType":1,"messageKeys":{}}}}},"version":"v1"}