{"_sessions":{"BbChqqdOmWgjXVR4VtpyTDl0QpnQsQV2nztWems+c3hD":{"registrationId":2061079757,"currentRatchet":{"ephemeralKeyPair":{"pubKey":"BcZd4zxPtEb+pgEm/EL1Djo5MftUmda2uo8RSxHLmEg6","privKey":"cOH+ULFrrtx0yiJgtD4kvEdOIFD7nAVMXdtWgL1Jv20="},"lastRemoteEphemeralKey":"BaP6LQhwn4541+XG203Eser2zqbCUIHGCOo533rPjStk","previousCounter":0,"rootKey":"qmSpTM0BWaZIstbbVGvkr8BtDWwrE3JecEPzh/6ru14="},"indexInfo":{"baseKey":"BbChqqdOmWgjXVR4VtpyTDl0QpnQsQV2nztWems+c3hD","baseKeyType":2,"closed":-1,"used":1742868101389,"created":1742259885551,"remoteIdentityKey":"BdkfluFyKO8I4yoHUYyZ2LOxTQJHTbBqZctE/70ZUGR/"},"_chains":{"BdQYutgTpPafW7XVO4LJWv6xU2mHeE6/+OE+JQESDi8r":{"chainKey":{"counter":0},"chainType":2,"messageKeys":{}},"BQ0CJQkFkq8CD0YiFt6x4GnmkPzNOJvOu0kcCREegEgG":{"chainKey":{"counter":0},"chainType":2,"messageKeys":{}},"BVLQQc2iwx2iIY9eJVqW6GDTxl7ifOjnGq7ol7SKzvRr":{"chainKey":{"counter":0},"chainType":2,"messageKeys":{}},"BXKUCCphnV9S5q4hE4EMsLvxJLwIEwjZjY7ogn6ZQ2R3":{"chainKey":{"counter":0},"chainType":2,"messageKeys":{}},"BZSrTRtxedq4C7+TWr5O/Wfou6vFs+3dyQYGWVgCNmJr":{"chainKey":{"counter":1},"chainType":2,"messageKeys":{}},"BaP6LQhwn4541+XG203Eser2zqbCUIHGCOo533rPjStk":{"chainKey":{"counter":0,"key":"NOZD1iZb1ZtoK1rP3xxQrRLFqak+1jfXM3ydc9RAIRg="},"chainType":2,"messageKeys":{}},"BcZd4zxPtEb+pgEm/EL1Djo5MftUmda2uo8RSxHLmEg6":{"chainKey":{"counter":0,"key":"McofF8zidYcgv/vbr+s/vwWf42txZHwmoqgbSZTvCbo="},"chainType":1,"messageKeys":{}}}}},"version":"v1"}