{"_sessions":{"BbajukMmMyPcROPMTSU5HPJy5io2uUucoAJcgp0afMsH":{"registrationId":8318,"currentRatchet":{"ephemeralKeyPair":{"pubKey":"BRqG/pFTjTJ2azl89k6JOk2Fk5cWKwyd5PLWTTizOh5d","privKey":"2IA+RkQRLTSN0Mr642HtvH/kIXpDxXh81U4mnE1SdlY="},"lastRemoteEphemeralKey":"BesdmJKY/ZhrrIlK44O0iXYlf6O/iWw10l2y1uz++O4P","previousCounter":0,"rootKey":"Pd7hzziz9J3mwJxNyInqxW6ENjlGBomquyYr3xWmlrk="},"indexInfo":{"baseKey":"BbajukMmMyPcROPMTSU5HPJy5io2uUucoAJcgp0afMsH","baseKeyType":1,"closed":-1,"used":1742786612843,"created":1742786612843,"remoteIdentityKey":"BbjIMIelujuiJ4YbywZv/CtwkUka50Mig7acDbrKhTF1"},"_chains":{"BRqG/pFTjTJ2azl89k6JOk2Fk5cWKwyd5PLWTTizOh5d":{"chainKey":{"counter":10,"key":"J7fzIclOLm0DhedD6nARzNE/lYmbYUcSVzDBlpr4+5c="},"chainType":1,"messageKeys":{}}},"pendingPreKey":{"signedKeyId":1,"baseKey":"BbajukMmMyPcROPMTSU5HPJy5io2uUucoAJcgp0afMsH","preKeyId":116}}},"version":"v1"}