{"_sessions":{"BcI0TR2V97ljwbFgsWDIp1o8lETQEsLHWY3gODKnO+V6":{"registrationId":959194874,"currentRatchet":{"ephemeralKeyPair":{"pubKey":"BYrv4/tkKrSiT4b0bvCv9bewEV8+1CfYLYr4h2Coh01w","privKey":"2FCyv/WsD+AnE2uyV7swEYJ7G9gS+yZiualhrcBXNlo="},"lastRemoteEphemeralKey":"BTUYxvG75IqE6vzU7hepGl19M7ChLI4970WQ2VwCo+N3","previousCounter":0,"rootKey":"3ZFQLEkgkBL0tFj+qsN9ZDiCLVMmcDa8p7NoWeugfp0="},"indexInfo":{"baseKey":"BcI0TR2V97ljwbFgsWDIp1o8lETQEsLHWY3gODKnO+V6","baseKeyType":2,"closed":-1,"used":1742865205959,"created":1742260115439,"remoteIdentityKey":"Bbz7GKsQmzv0o5vrqEaWtHUglMja0pdkkzm05HV9QKkU"},"_chains":{"BddummSvtSTOf70/+dm9daXIntjnnKyWD+/xLWpbhVcx":{"chainKey":{"counter":0},"chainType":2,"messageKeys":{}},"BVxi/ccESF9sapJ5tzVwub7pWECXN0iCKYiNWtOdSfIq":{"chainKey":{"counter":0},"chainType":2,"messageKeys":{}},"Bauf5PVTVfePPOb1XfosHHj0NFNL9mrOxmiIr6+nij0S":{"chainKey":{"counter":0},"chainType":2,"messageKeys":{}},"BVCALMMonM1KZQdTCAqfhmTkmFRLFmPNUvPwp7fuosRx":{"chainKey":{"counter":0},"chainType":2,"messageKeys":{}},"BX9FlJKXwaZk+uBbOwR84jfQLPrLZ6p4AmVFxk29CPpW":{"chainKey":{"counter":0},"chainType":2,"messageKeys":{}},"BTUYxvG75IqE6vzU7hepGl19M7ChLI4970WQ2VwCo+N3":{"chainKey":{"counter":0,"key":"4LWB312I2g0y48+62ltZCVCqNUZ7oVp8qMX7/ej4LYc="},"chainType":2,"messageKeys":{}},"BYrv4/tkKrSiT4b0bvCv9bewEV8+1CfYLYr4h2Coh01w":{"chainKey":{"counter":0,"key":"uXtUM4wixK5GEEUq03bsdfvG2mE9hc5ORE+niy0i5Xg="},"chainType":1,"messageKeys":{}}}}},"version":"v1"}