{"_sessions":{"BaaO/kTJrIX5yVk3i1yPKv18/EdoOlL4q8+GxCdwU+pF":{"registrationId":578295588,"currentRatchet":{"ephemeralKeyPair":{"pubKey":"BVpiL5/hchAKkBQ9Pcn0eu1+s3xqqmbJiDcYWdBHq8x8","privKey":"IMrBpB8TN+/wQKtyWTneRX+Z3eFi5KSpie2tFtsWH38="},"lastRemoteEphemeralKey":"BZIDnwIoZDAHWbr+T4aKdNRCYxn9pbUHfNnitzdPiKJp","previousCounter":0,"rootKey":"2DgEdXtTVEPn0GssCW3yvJFp0RGV7dALwBhgE19cXh4="},"indexInfo":{"baseKey":"BaaO/kTJrIX5yVk3i1yPKv18/EdoOlL4q8+GxCdwU+pF","baseKeyType":1,"closed":-1,"used":1742259885965,"created":1742259885965,"remoteIdentityKey":"BYJF8vBraN7RHn6rEF626Hg9BHm039AuTF7gpWYK+eIz"},"_chains":{"BVpiL5/hchAKkBQ9Pcn0eu1+s3xqqmbJiDcYWdBHq8x8":{"chainKey":{"counter":20,"key":"y676UskWj2rOi7YN9oO1icv9v23Qrojl5vkBrHssGIQ="},"chainType":1,"messageKeys":{}}},"pendingPreKey":{"signedKeyId":2,"baseKey":"BaaO/kTJrIX5yVk3i1yPKv18/EdoOlL4q8+GxCdwU+pF","preKeyId":10777186}}},"version":"v1"}