{"_sessions":{"BQKJIeoGL0N54rAcQCJXaTr7eBDvnosWXUs2jpOKf4Uu":{"registrationId":13393,"currentRatchet":{"ephemeralKeyPair":{"pubKey":"BRuntR2vupSRpUUs6io/4y0WlOBhBmy/qXuEcRsO+R4D","privKey":"UEUpsVUvaJW+r/ZeIkspKyHWc546HXhpkzGC2uxZBUQ="},"lastRemoteEphemeralKey":"BZb0EsrY9Ny0NcGU/E9n1s5GzY7cUxo1Ktl4WN4CQ3RP","previousCounter":0,"rootKey":"mJqTBYJEyVb+WDBxz/A3JNdqAs8pnJNBguWtvFQnYwY="},"indexInfo":{"baseKey":"BQKJIeoGL0N54rAcQCJXaTr7eBDvnosWXUs2jpOKf4Uu","baseKeyType":1,"closed":-1,"used":1742865744282,"created":1742865744282,"remoteIdentityKey":"Bclnhe5sGGhb9wfvh0ibf+NdTPxqIGb8GQeLp9ZQ7QEn"},"_chains":{"BRuntR2vupSRpUUs6io/4y0WlOBhBmy/qXuEcRsO+R4D":{"chainKey":{"counter":7,"key":"8CvFUhKhGTQtoIiYj2550u51Wkmmp6GGNZKDTIY2Y60="},"chainType":1,"messageKeys":{}}},"pendingPreKey":{"signedKeyId":1,"baseKey":"BQKJIeoGL0N54rAcQCJXaTr7eBDvnosWXUs2jpOKf4Uu","preKeyId":731}}},"version":"v1"}