{"_sessions":{"BWRv9mItLU1jiUVtXh8jOnuX0vV+2lpIzAKPRh56r4Eq":{"registrationId":1687722153,"currentRatchet":{"ephemeralKeyPair":{"pubKey":"BaGZ96+LdRYGSuy2TdVWRks3t2ki4R5t5v0qFqyF3Qkm","privKey":"8M7YcOBhfN1uUPYeWFuMuFI3ttD4zTteTgpPyAYefEk="},"lastRemoteEphemeralKey":"BZEcFNbj4SZgucf02MRdhyjpHO0aXkySQWdFW+Fe7atc","previousCounter":0,"rootKey":"IA0r8GZrLostbJ2VahoowtUPOisgd2YooeHX2AuQlwI="},"indexInfo":{"baseKey":"BWRv9mItLU1jiUVtXh8jOnuX0vV+2lpIzAKPRh56r4Eq","baseKeyType":2,"closed":-1,"used":1742788244310,"created":1742183596998,"remoteIdentityKey":"BY4BiZYELYv9AEl/W7udKIhz8dA6MrYO25AQOI3WKvZw"},"_chains":{"BXRi5EK916D9JuhKGbT+oxNkGmAPmaB/CjvRgl5Z+J57":{"chainKey":{"counter":0},"chainType":2,"messageKeys":{}},"BYv8KhR1/qZyqqFuTei3FW0+JnQF96wuHPZfTlvTayQg":{"chainKey":{"counter":0},"chainType":2,"messageKeys":{}},"BeSy/GxZtXoVJ00HuN9Uig9ywqpzGMF8ER/dtPhzxbZx":{"chainKey":{"counter":0},"chainType":2,"messageKeys":{}},"BYQoQXGO46ld1Fjjm3wUE700/xvttEshN3s7ruVuqVhj":{"chainKey":{"counter":2},"chainType":2,"messageKeys":{}},"BQi+W2/B8iApgkWO1UtmAk3qbIOkU4lgxTuiivE8Rpt5":{"chainKey":{"counter":0},"chainType":2,"messageKeys":{}},"BTaAHv1UgFmExi+gCdVi4X8w5Q3j7f2GSDbacPghzCQY":{"chainKey":{"counter":0},"chainType":2,"messageKeys":{}},"BfKrIKxsZMRr+e6zxWlIijk3FzfXgSfoFNuui8QWyqI+":{"chainKey":{"counter":0},"chainType":2,"messageKeys":{}},"BRS689m63nsxv71arZxiR/ZMH3K9ScfJNEKtzfboQHA/":{"chainKey":{"counter":0},"chainType":2,"messageKeys":{}},"BRND4GFPQDzxXieovEIL0Ot+VSdM5ZppnNDRj0MxXSYU":{"chainKey":{"counter":0},"chainType":2,"messageKeys":{}},"BUjU8U2CJ8Lj3zcl4zUsr91P/sYIccnxNY7XhoxYIqZP":{"chainKey":{"counter":0},"chainType":2,"messageKeys":{}},"BQyrS1WEpKUDYDFa5IZUUhV9ukrRf3oPHJaVPDn8qZR2":{"chainKey":{"counter":0},"chainType":2,"messageKeys":{}},"Be2Ecvrtm3iBNsB/BObZmOCRr9FKlAbTjpwnt1IHtQUW":{"chainKey":{"counter":0},"chainType":2,"messageKeys":{}},"Bc9uNornA/ofe9AgK7nz0MLW2vfLpTquOyRXvgdTn7hn":{"chainKey":{"counter":0},"chainType":2,"messageKeys":{}},"BdHmw+5x8bKe6N1BdUbmSxIEwD221e7BlVHWv5uNnYR0":{"chainKey":{"counter":0},"chainType":2,"messageKeys":{}},"BZEcFNbj4SZgucf02MRdhyjpHO0aXkySQWdFW+Fe7atc":{"chainKey":{"counter":0,"key":"SD7PuJTYpetx6z+ZgZcb8PgtjSDh8oLdTDwNSadOTVc="},"chainType":2,"messageKeys":{}},"BaGZ96+LdRYGSuy2TdVWRks3t2ki4R5t5v0qFqyF3Qkm":{"chainKey":{"counter":0,"key":"9vKQFG1NhBaGAeYoSw4Q4CvulopP/C84AdbA1QAMu5g="},"chainType":1,"messageKeys":{}}}}},"version":"v1"}