{"_sessions":{"BUQ4VjygrqAkJ+69PItPI0WExIkMAEUA4LVITtx5kywD":{"registrationId":1013804018,"currentRatchet":{"ephemeralKeyPair":{"pubKey":"BdpiCfhUBHdYSe4KmlP4k48pikYbix6EpIpPyRmzXXxh","privKey":"CEWE57aBU3pyLJD2aDr21xHAHSRzupYY2jpovs61VGQ="},"lastRemoteEphemeralKey":"Ba+r6k6cjuJdfx698vhHONwc0ny6kF4FDbv33+WMFfsM","previousCounter":0,"rootKey":"TJVdzbFWZcJUVoJR/CT1gxFVLIo2B6m6Rf+U+z2XdMs="},"indexInfo":{"baseKey":"BUQ4VjygrqAkJ+69PItPI0WExIkMAEUA4LVITtx5kywD","baseKeyType":2,"closed":-1,"used":1742788566119,"created":1742183728914,"remoteIdentityKey":"BewIFpKvpNISJRWVooleqPLRerDfZ81A0cddQGBi3pwV"},"_chains":{"BaaXZ64nENdyOP4Wq5zXWrzPCVvXO5/J74ahuYRPSvlq":{"chainKey":{"counter":1},"chainType":2,"messageKeys":{"0":"JOV6HqE/zCLNRf2A/ecb4BAHk0vn62dMBRrXfn8tGnY="}},"Bb6mlEeibGPmJ1isxDAkZs3Fy4p/bk48odM1XFuK/ghA":{"chainKey":{"counter":1},"chainType":2,"messageKeys":{}},"BebtuPoEQty5ZLLxdhL/+akUbH2Jp6sKocXk2Pch+rIi":{"chainKey":{"counter":0},"chainType":2,"messageKeys":{}},"BVvVSZTjN/fjeOdgkffJ6PONtGPDjb9MNjn/0WUXlQM7":{"chainKey":{"counter":0},"chainType":2,"messageKeys":{}},"BfP+WwUB9oIfLrVpzGJj/wzti0E3sQo/flKN6igAzV4o":{"chainKey":{"counter":0},"chainType":2,"messageKeys":{}},"BWEFpfgpM+8SfmCQuO8CelgoM/GYF5c7vjrQEbMrdWgP":{"chainKey":{"counter":0},"chainType":2,"messageKeys":{}},"BbSz4go5PqSP6vZ8FRSxB6S1rmCCUHZ/jwxjdnEZQltY":{"chainKey":{"counter":0},"chainType":2,"messageKeys":{}},"BVN9xbsWH8vyMQ4L+NC1R63RNgGootsBHbpfJfZB5SM9":{"chainKey":{"counter":0},"chainType":2,"messageKeys":{}},"BV8Qv6p5CbdxceMs1I6yJbDeJruXsbMid2XJsP/BQadZ":{"chainKey":{"counter":0},"chainType":2,"messageKeys":{}},"Ba+r6k6cjuJdfx698vhHONwc0ny6kF4FDbv33+WMFfsM":{"chainKey":{"counter":0,"key":"5cgQRoR/p3HVvpbXtDUZ8bAcaI/Y3YTDjAeE/U5h5nI="},"chainType":2,"messageKeys":{}},"BdpiCfhUBHdYSe4KmlP4k48pikYbix6EpIpPyRmzXXxh":{"chainKey":{"counter":0,"key":"WAZxFI5yMQhtc8ArdNdeqSQmjeXiXe+D3W/us5s/v7E="},"chainType":1,"messageKeys":{}}}}},"version":"v1"}