{"_sessions":{"BTBusM9fFMZUJaRUBBb8IiCIGVwbM9xZ6SH42aat92xb":{"registrationId":808705925,"currentRatchet":{"ephemeralKeyPair":{"pubKey":"BWnUv4O/dnvr/8nfOXNaEeifkaX1W2Q5fqqs095lQX9N","privKey":"yH6FacYXF4FA7E6kTF1WbRU+w1b++EXA+0dlMQt+Vng="},"lastRemoteEphemeralKey":"BRTPeiuweB+t2T6ecCjekj+KYHecALRJ6KO5mXHZ+oE9","previousCounter":0,"rootKey":"aIGvepRQLdi41FVySXv2tpJCkuvhYXz8+AjjlkWhctg="},"indexInfo":{"baseKey":"BTBusM9fFMZUJaRUBBb8IiCIGVwbM9xZ6SH42aat92xb","baseKeyType":2,"closed":-1,"used":1742865165148,"created":1742259958998,"remoteIdentityKey":"BYm1x6OxaTn24eR17cB4hyqR48jLUjijQZtB6i9XYpEK"},"_chains":{"Bb1Ty3BWOMHhgPmlIS3Y8U54t9aZueD/XUdwUMIb7vsG":{"chainKey":{"counter":1},"chainType":2,"messageKeys":{}},"BZuZ7W3xhW5I4F5/QW6EglJFxRKMmVOTWsgWQJOe1m0G":{"chainKey":{"counter":0},"chainType":2,"messageKeys":{}},"BTCsbKa3yZSzttedNmjGRHM/iBYj9kP4Cp84SOB5yER5":{"chainKey":{"counter":0},"chainType":2,"messageKeys":{}},"BamrWqgNFch+h9A/owt0XT0FqwIp7/v0TIrOZrAmR8gQ":{"chainKey":{"counter":0},"chainType":2,"messageKeys":{}},"BfsFG90oxjI+kvKXsk/n4aEPfqSiotPl1APm6uJhvqI+":{"chainKey":{"counter":0},"chainType":2,"messageKeys":{}},"BTbozYADgWGVOQLyY1dejvQzYsKmVAMgWov9Jn7/6Xh/":{"chainKey":{"counter":0},"chainType":2,"messageKeys":{}},"BX6biTP25/ayGa0UCoFv1nbA8gE9lmYMYtnTvbXb3OU/":{"chainKey":{"counter":0},"chainType":2,"messageKeys":{}},"BRTPeiuweB+t2T6ecCjekj+KYHecALRJ6KO5mXHZ+oE9":{"chainKey":{"counter":24,"key":"JQEoE3g2yI9ANSJ1hcJBWJFgo6C1H+pHa5g2UBXUbDw="},"chainType":2,"messageKeys":{"0":"14nFerhT5Xq1ruTS0ibyDp/kuy7WI577hdrQkKlecTY=","1":"yCVBji6FOeZ+6MUpMwKMbGhPdu1fRi8xB/WKZUTPMRE=","2":"j9nJcx+3iKFLtFSzKCOqSr+78Q3wrVWqwUMkFhJ4bVM=","3":"C6+r9Jw2bHGR+QpaPqobUbvYPu3l/aN74Dup8tFLpVo=","4":"aZ6tDgyY5kCUjUdi9NUS+8fE5yFMQVZXz1EXOtEcRDo=","5":"I/+bNffVhNuPTJgqt8HZUY69+dooQnOMwvFg9vT1Uqs=","6":"ccgfMZ+0Y7yTSiO3Mv9lNMwtev5yGTlwlPKXPb+OP3I=","7":"RPLnrL+l3qiCv3RP8pPapzq88KZ76GpIXSs6DTbmVHo=","8":"EYEzavtVWtvm4XQoWeI/54w25b5yPHkYPtsbpEP8Dwo=","9":"Ma4WBqb2fM7OFUvTMREJdzgLKUMtrSV3NtAbl6YlfkU=","10":"0llHLy7YvXhK0IsBVVCLW72GprYX9tfqmbNZE+ufN6U=","11":"Au8JOQE4sbUdFmIkk6e69GY5iPdkLeKN2by1Ru+ohVs=","12":"rHBBJ7XXNXIWd+sXLT3ykjQDOE3EQCXfa86eD0jUqIQ=","13":"uqWkn9wgc4dliIY1mKLDcdM5L5NlCF+XZex/qgokEZk=","14":"Bi1PdrvWnnYrdeD9SPKTe8aXHqT5RwcYKDmCyXqxwCU=","15":"JJ169EgNGlz7KMoRU7KAgxgD0kz7eV8sohgsb9whESo=","16":"mhXKaAVfzBEdGFeP8VdCyvHK+O/venqMePnXAwvvNXI=","17":"htapjaqIOAZMQLMzESdDfN4R+Y8ydBDh7rVGP9QAqd4=","18":"yfE6Sd8CArITFxpMQjy5ycFV7s9pnlJR066s9LOhz2Q=","19":"nA/DLLBpqnF6bCRfH+7yr2GeB/7MYfnuexVk6CC5lU0=","20":"i0l+bSE2XJgE5oZBW/fyslj5mb4ETE9HwCJg2UdIEV8=","21":"yoRLGRLym786Pp+3GFuiORr7mSnxZUUka6SzMTkBC9U=","22":"ccLQbyXKbClTgpd+ucgKIrwx0cDtsBrvkynXMjCqpo4=","23":"o0liAb4PBXicCXcaf/PeXfocH1F9Ezbxek+dRrb4N94="}},"BWnUv4O/dnvr/8nfOXNaEeifkaX1W2Q5fqqs095lQX9N":{"chainKey":{"counter":0,"key":"7FailsjHltdpXe/4oRCgyaO/tKQ4pElCkWuujQq+36c="},"chainType":1,"messageKeys":{}}}}},"version":"v1"}