{"_sessions":{"BWriRaD8G2VEAgTqb9A9ZDAnUiQT4Rk4Hs+i3iDyYVlb":{"registrationId":344976139,"currentRatchet":{"ephemeralKeyPair":{"pubKey":"BSXCm/sB9rZRSMSEOvoeuU9DGDCiy/EcPK7oPTaUB5VN","privKey":"0MgSVATapttcaAe/xsfDZGyVGfKdyHmzBecC5ljfNlU="},"lastRemoteEphemeralKey":"BbQKZ+qAnyLXvGvtD4s71F65rJ4f1K613yvsSArFhUxN","previousCounter":0,"rootKey":"jud7KgKH65WDmsvhf2n+2N+HyKjPtCxSGpkyDD1VsLA="},"indexInfo":{"baseKey":"BWriRaD8G2VEAgTqb9A9ZDAnUiQT4Rk4Hs+i3iDyYVlb","baseKeyType":1,"closed":-1,"used":1742790572990,"created":1742790572990,"remoteIdentityKey":"BS4nsOEGAC87z0GNX4stYDOcxQlgzsrkbJLWTCZJVBdN"},"_chains":{"BSXCm/sB9rZRSMSEOvoeuU9DGDCiy/EcPK7oPTaUB5VN":{"chainKey":{"counter":2,"key":"WdZ+BFzVT1OZvrnuIYZmNhoRAGgreXn8fdK9+bAYyGE="},"chainType":1,"messageKeys":{}}},"pendingPreKey":{"signedKeyId":20,"baseKey":"BWriRaD8G2VEAgTqb9A9ZDAnUiQT4Rk4Hs+i3iDyYVlb","preKeyId":1087}}},"version":"v1"}