{"_sessions":{"BRbSanXSO5M9OaWxMPWQh2jdz4H2UTKTLLWtR3fcjK53":{"registrationId":119705124,"currentRatchet":{"ephemeralKeyPair":{"pubKey":"BX/D1+eTrbZVaAqvYecevDp0/YDdkhPxpvAuKujfeWQn","privKey":"8KYNxN3gaS/fuA6M9ivZVu5KHsEyyYa9zA2iLggWTEA="},"lastRemoteEphemeralKey":"BSovpFG8rZ+LqSbFw0KLlmSNtzAhrgsD6BOMicJ0D7xa","previousCounter":0,"rootKey":"xI6nn8XgEnusQ0ahCHJTlJ16ljI5DKEUIyARGEeijMM="},"indexInfo":{"baseKey":"BRbSanXSO5M9OaWxMPWQh2jdz4H2UTKTLLWtR3fcjK53","baseKeyType":2,"closed":-1,"used":1742788327445,"created":1742183643406,"remoteIdentityKey":"BfxniOc9fDmUIFcc2vkfI/W0kjn/FnG63XEcO8QjENtn"},"_chains":{"BZqcq6IxUljy85m6zAVpN++Wk2oCZ/3qKiR0kF2GB8kX":{"chainKey":{"counter":0},"chainType":2,"messageKeys":{}},"BdnuUeSbMtZQqnBmqkufxN+Qy6F9HOWvYwm/UnJVa8tR":{"chainKey":{"counter":2},"chainType":2,"messageKeys":{"0":"fC0rZajv4vMFiz6DJuHPekDeQBKQdVRAxUIxUT5hOOg="}},"BYlMxGE/r/UXGMe5vjju546clL9y/PbeyC/1RltpRVwy":{"chainKey":{"counter":0},"chainType":2,"messageKeys":{}},"BSovpFG8rZ+LqSbFw0KLlmSNtzAhrgsD6BOMicJ0D7xa":{"chainKey":{"counter":0,"key":"RkU2YgtD2bIcH4x3O9jbS/OQeQMtrNVfLRCwulrM6To="},"chainType":2,"messageKeys":{}},"BX/D1+eTrbZVaAqvYecevDp0/YDdkhPxpvAuKujfeWQn":{"chainKey":{"counter":0,"key":"1GBSmn7+/dqsc8HaXSZhURxRQJCrZBAG6S0Mt/hiAQM="},"chainType":1,"messageKeys":{}}}}},"version":"v1"}