{"_sessions":{"BWnc5PggjBm69pxKYI29Bk4tfHtJpZ2gHHxLHAkU7yUT":{"registrationId":1167913193,"currentRatchet":{"ephemeralKeyPair":{"pubKey":"BSFlvuzQ2+MmLGEk8mCTbOUwo2FwDH8jgbnfrUCi20Fo","privKey":"2JXGZ7AmX8t/e/PzqEUb/lS3BEVOtaDQz8SoCb3iJWw="},"lastRemoteEphemeralKey":"BTEVNRwwi8wmV+Cqg+IdohSziee+4J+84bnJabdN3TUp","previousCounter":0,"rootKey":"sBYEXKaoI30tEncvFu2Q9HnAX4jRoaQDaFGlMYt8Emk="},"indexInfo":{"baseKey":"BWnc5PggjBm69pxKYI29Bk4tfHtJpZ2gHHxLHAkU7yUT","baseKeyType":1,"closed":-1,"used":1742260158032,"created":1742260158032,"remoteIdentityKey":"BVm1MP2ADZTbu03WLB79L07Z7WeZsJwnZgj9GAf3cbE9"},"_chains":{"BSFlvuzQ2+MmLGEk8mCTbOUwo2FwDH8jgbnfrUCi20Fo":{"chainKey":{"counter":10,"key":"ZBZXIpgu70N0jcTLcJTlr0UUUmmV+EPpOR09fTFIWa0="},"chainType":1,"messageKeys":{}}},"pendingPreKey":{"signedKeyId":1,"baseKey":"BWnc5PggjBm69pxKYI29Bk4tfHtJpZ2gHHxLHAkU7yUT","preKeyId":179}}},"version":"v1"}