{"_sessions":{"BRNgJoDcXVUh3TTO7Ku7GOY/3wqrwLJZ77s8R72EAZkK":{"registrationId":688315303,"currentRatchet":{"ephemeralKeyPair":{"pubKey":"BRxzjmoW/0bsN0V07gar6D57dfEuuGjB0Pfj1x6bXVpq","privKey":"KHfGC+r1/8WMYw6MIBYREaOuj/M414j25qdgPu+PbFw="},"lastRemoteEphemeralKey":"BWo/psGg7cJkLsdjDw6Kk/upj5MWNzZg6FNf26LW6FV4","previousCounter":2,"rootKey":"e53EriMaq5Cpooqvc73dXtT6vvdk42Icw8C800EuMWQ="},"indexInfo":{"baseKey":"BRNgJoDcXVUh3TTO7Ku7GOY/3wqrwLJZ77s8R72EAZkK","baseKeyType":2,"closed":-1,"used":1742788326569,"created":1742183632481,"remoteIdentityKey":"BXUnXgfMqXkss3N/vp6/cwwj9H6dyRqM0gIp216p57c8"},"_chains":{"BbUtyNm0Kw+3FoQor9yPKRFme0IykiXCoAYvyjnFRPJI":{"chainKey":{"counter":0},"chainType":2,"messageKeys":{}},"Bfq5lNxNdSAoESirW7vBFnqkaqEYTk1Mk6jMbopyNOJ2":{"chainKey":{"counter":0},"chainType":2,"messageKeys":{}},"BZi6a4gneJv0dWY/m34l4iJZOxPOa5YVk/PB9p3zd0hW":{"chainKey":{"counter":0},"chainType":2,"messageKeys":{}},"BXP7LLtOsCc/KsEC/KBH9zA/dRIenOmn75EaKJgRx1FT":{"chainKey":{"counter":0},"chainType":2,"messageKeys":{}},"BfcPKMWV5Nnjy1EfVgHHdZbvlOVGsDlNvp9dVQRMZj0O":{"chainKey":{"counter":0},"chainType":2,"messageKeys":{}},"BdNNfA31mCvTduQNHjrwQWd9UOf0KLJ0mJEuqtmZIq5o":{"chainKey":{"counter":5},"chainType":2,"messageKeys":{"0":"DgAAhrtP8qj8gmFWGgnLfecx+oZ4C/o7voyoUzheEp0=","1":"OEVRRDbdyxkjBjIHyWTnWo6dObalHlQstR8S8iSKYYI=","2":"WDJ1JEzXJLunIE+Aaiv2R1721y8sja8Td0hJNzCXm84=","3":"MMiKjJfaVKy+QbX+kAwSUeDF0GnTGWzKpH0KzQmCaas=","4":"Nolt3V+iZ6zLEbsBb3ljE4oHy8hJ97TQeYv10kbQEp0="}},"Ba0aHcTvy0nBrNBFUrsCg32X43YYcFRgYsRJTGhTKpA8":{"chainKey":{"counter":0},"chainType":2,"messageKeys":{}},"BZ6p3Oj/opoYu5o6+L4JP8o4g5hhI+VOT32bqBFdyCY6":{"chainKey":{"counter":0},"chainType":2,"messageKeys":{}},"BWo/psGg7cJkLsdjDw6Kk/upj5MWNzZg6FNf26LW6FV4":{"chainKey":{"counter":0,"key":"eVkBk9PFNLuyKws9QS+ymEoNFAiUhbbBgRTdAOL1oBM="},"chainType":2,"messageKeys":{}},"BRxzjmoW/0bsN0V07gar6D57dfEuuGjB0Pfj1x6bXVpq":{"chainKey":{"counter":0,"key":"LnviSqpCx03y8VQnMFj5AfP7YfbCo3QdW65034vgCRY="},"chainType":1,"messageKeys":{}}}}},"version":"v1"}