{"_sessions":{"Bdt41F67mhjnSkr6fNXPy27HgUzd+UlYmtVFGY0qQSIf":{"registrationId":2736,"currentRatchet":{"ephemeralKeyPair":{"pubKey":"Bdx8w/ayH3wOnhDWSSXxk+1cnR8En6WwpGZJbRNFHApf","privKey":"8G3I+S8ApV+bpp5FfCHcfX//dwcunbwW1Gvp0x4XOHQ="},"lastRemoteEphemeralKey":"BckUnQI3FaY9SVjW6iUNZUuSfPV2zHAyje6LqdVlWNZr","previousCounter":0,"rootKey":"0iawVPKoLPgSLtpTuuqOLzQWfdo299qQtV/7NOksAVw="},"indexInfo":{"baseKey":"Bdt41F67mhjnSkr6fNXPy27HgUzd+UlYmtVFGY0qQSIf","baseKeyType":1,"closed":-1,"used":1742183646377,"created":1742183646377,"remoteIdentityKey":"Bbv5/zWSCU3aR8y8XlA+2qO9TSPNdWHCXTqc2LjKehUH"},"_chains":{"Bdx8w/ayH3wOnhDWSSXxk+1cnR8En6WwpGZJbRNFHApf":{"chainKey":{"counter":2,"key":"XtcjY9sOVl6lMgSUTM1oWgcNc4Uoo4cU7BF25K43AoM="},"chainType":1,"messageKeys":{}}},"pendingPreKey":{"signedKeyId":1,"baseKey":"Bdt41F67mhjnSkr6fNXPy27HgUzd+UlYmtVFGY0qQSIf","preKeyId":146}}},"version":"v1"}