{"_sessions":{"BZME6zeo9bAvBSxx60B/GvECw35EAutahLRauU+47aFb":{"registrationId":971356474,"currentRatchet":{"ephemeralKeyPair":{"pubKey":"BaaEjYilRutE2iQqrwqGWZ8xrg2cPx6ZMpNB/dIQO+E8","privKey":"GEUpP1MgBmSyxfh6YgaUDCdYMyJTVzYFmy6CvKlUSH0="},"lastRemoteEphemeralKey":"BWYdp5hjca6RFnJjGmIbjgwbkCec2hG0M65gn9yu3ose","previousCounter":1,"rootKey":"SpCYbt+Dsq8gZpL+grXIaqCN2luG/J6KQw7BlNkAumM="},"indexInfo":{"baseKey":"BZME6zeo9bAvBSxx60B/GvECw35EAutahLRauU+47aFb","baseKeyType":2,"closed":-1,"used":1742185693359,"created":1742183709523,"remoteIdentityKey":"BffQtGaxGSt/yaKrnlpEv8V5LjZZ6Q/+pZXGnAK74fJx"},"_chains":{"BQIuR/fJQoQtNRwJwjuenJQHd+hoGYbgsXwGdIzBPZxt":{"chainKey":{"counter":0},"chainType":2,"messageKeys":{}},"BfJXmGAUopRUBPbafjPlGltR/08hd2IouXrIYmUS4jgT":{"chainKey":{"counter":2},"chainType":2,"messageKeys":{"0":"lHytUh6JgHkTXh2HEcvPJJQd6/5Ns3Mp3k9M/gG/Dcc="}},"BR49AZxwXry2Trt5Lh0oZAhk+9G3xa3V49ungz3JGAo9":{"chainKey":{"counter":1},"chainType":2,"messageKeys":{"0":"sUSZk950eTI7cPHqoao8yLDJ3pcRCZudI7/naOMfOM4="}},"BaRD/lrqt0PZxTIA9Y+RqEAFkDAufN3j8irz5iGTpB8g":{"chainKey":{"counter":0},"chainType":2,"messageKeys":{}},"BWpkejFEQ9hTv/h16zlH5bQeoHbJF4GZrqrg4PvHc4Ys":{"chainKey":{"counter":0},"chainType":2,"messageKeys":{}},"BW/Vm4HvZPCZRpBDStljaBGBe+GgOlZRHcFCtXQWwVwd":{"chainKey":{"counter":0},"chainType":2,"messageKeys":{}},"BWYdp5hjca6RFnJjGmIbjgwbkCec2hG0M65gn9yu3ose":{"chainKey":{"counter":0,"key":"8pbZiigGOB5s93ATuNJJ6N5cq5MYHmfTAF7OxXDufrA="},"chainType":2,"messageKeys":{}},"BaaEjYilRutE2iQqrwqGWZ8xrg2cPx6ZMpNB/dIQO+E8":{"chainKey":{"counter":1,"key":"o97xYYQ78Q3MPaSZ/O1ouw+CDR3AiuozLrnr/oRi/KU="},"chainType":1,"messageKeys":{}}}}},"version":"v1"}