{"_sessions":{"BScg03ym9o9KsZrisVFGTco7STAny28GgMELtbEjMTQH":{"registrationId":589283276,"currentRatchet":{"ephemeralKeyPair":{"pubKey":"BaI8lk1gScxVM9yDtUa3pfmZ5ESPefdGPqbzc9qpKbpx","privKey":"eMTkuuBRwE+6J0G9V2hMOraIRHF+Puy/9ebSOtcsfnU="},"lastRemoteEphemeralKey":"BYWMqFJNp3h9gDRvd0k/xAuZ9vSdPj13vwZrjm0UgJxP","previousCounter":0,"rootKey":"2MQTIOCcz8YbI63zcxeLvxw13lLsSoiZjTQrkynW+Hk="},"indexInfo":{"baseKey":"BScg03ym9o9KsZrisVFGTco7STAny28GgMELtbEjMTQH","baseKeyType":2,"closed":-1,"used":1742790913859,"created":1742790570743,"remoteIdentityKey":"BS1FLiS6bHt45UP0BZ5sDnh+eHXOSkoFjZv5iOyt8/1/"},"_chains":{"BZMCrknP4WNnyhn+koLqm7n6NWnVqHwiZ3zUqfR5mgxk":{"chainKey":{"counter":11},"chainType":2,"messageKeys":{"0":"kDgMOEJmGypikC7xx4gMpkgj81sQ0DEAoKWTvxzce20=","1":"UlKwrO9ZKQKDESiWpe0bys+tkLrS2ZgX0OfLoBH4VuE=","2":"Nip9+JB+zbV20y9t82Qmbx/5uo1Bm5cqXk8fo/Feylc=","3":"m9H9ons7TXkOOILzTaJjS6jnUH5z71njJZ0gt5Xe9gg=","4":"1K1SLUXSFa87iG8DPCgClozfldoxd/3vBLQ4kO3oQfo=","5":"r4VmTnSNtL+xzELSQCmzj5Ozd2WJvTUZ1BBEWw0thLk=","6":"728molUr+Dxo0+qrrii+69t1bNyzYl4TQIMlCRuWA/s=","7":"6sIz8Al5BcV8Av/xBuZvoxKrHadfbeHj5s2Lm0RH3Mk=","8":"5TMQVpzKyA/YTuB6Ufq19r/uPzpO+0quBHHejBCJxx0=","9":"HQaBlydZPMYAu2FBvYIi1D8oNTihax7pVGzLi/pkYeo=","10":"IYDGJ95GdBNqFjuGujTuKY+Yy/udUKwAMvkybyhaclE="}},"BYWMqFJNp3h9gDRvd0k/xAuZ9vSdPj13vwZrjm0UgJxP":{"chainKey":{"counter":0,"key":"87y5CmVB8yVVH2A85wpmC6ab5zW8geV+Q2oMIDw4v6c="},"chainType":2,"messageKeys":{}},"BaI8lk1gScxVM9yDtUa3pfmZ5ESPefdGPqbzc9qpKbpx":{"chainKey":{"counter":1,"key":"4/V1Mp/4kD3WYi2G+s0aKbDykcWRIeImgA4drp6bh54="},"chainType":1,"messageKeys":{}}}}},"version":"v1"}