{"_sessions":{"BYskFA+8iE7RBoKJVTeQbPQ2ZWm6Gd7a5cXuXdgCzqQC":{"registrationId":737429750,"currentRatchet":{"ephemeralKeyPair":{"pubKey":"BUKS+H1/k1JtxkN5tMJYvlfn28ilOSrH46Sa+df4EFYo","privKey":"EMQO5Uj5titGjyUExWCqegoBlLlA284St6ZWdHPO90E="},"lastRemoteEphemeralKey":"BT6hP+hZu1iDry+TvtOnj4qLdlFlN0U99HopdHe/H9Uy","previousCounter":0,"rootKey":"uhRljCBj8Bsm5hbYq/VSzYm7aA/wAUc6q7eLgSOJRv4="},"indexInfo":{"baseKey":"BYskFA+8iE7RBoKJVTeQbPQ2ZWm6Gd7a5cXuXdgCzqQC","baseKeyType":2,"closed":-1,"used":1742790499880,"created":1742183593166,"remoteIdentityKey":"Ba/1EntO56Uz9r2mo0QJ0f5D8+LeMbvcxFDiYtjxUtxB"},"_chains":{"BQjFDL1INL5c29EotzpDAljKntBs1T2/46iLoC9KJE16":{"chainKey":{"counter":1},"chainType":2,"messageKeys":{"0":"8o0jiQfxaoqxqDRlFx7dfvS8VUievV84ObYOmwvLmeg="}},"Bb59r64iCYjUoy4S/xxaSWW1jxxRb2wdJS/RmiJQn516":{"chainKey":{"counter":0},"chainType":2,"messageKeys":{}},"Bd4Ex+Cl9H0YB/ZeMwFzOfTOi0wVDLczP3zB070W1fM0":{"chainKey":{"counter":0},"chainType":2,"messageKeys":{}},"BWDCnOYsvnMm0vzAHruTvVYQvEDwB7xaql9q5cTISEhj":{"chainKey":{"counter":0},"chainType":2,"messageKeys":{}},"BVARbXz1o8O6LH2p5xs7xOnUGuZBubCbM5NHPD+aduNJ":{"chainKey":{"counter":0},"chainType":2,"messageKeys":{}},"BS9ODqe0yyI1WTlGcbmKEdPrURuMDCU7npBPR8z7Dn0J":{"chainKey":{"counter":0},"chainType":2,"messageKeys":{}},"BbUe6tg5BSwirJsSz+bvxHvZYIFAIZ5fsps+tOk2OaV8":{"chainKey":{"counter":0},"chainType":2,"messageKeys":{}},"BdWKbHIkthRSFKFiKbqNg5dlvmnSXB1pMcx1HurVeixA":{"chainKey":{"counter":0},"chainType":2,"messageKeys":{}},"BfSp8odtQqJddU9kNRMegTkVaTZIADihorEyClEyIbVZ":{"chainKey":{"counter":0},"chainType":2,"messageKeys":{}},"BX3aBEAeWTc7IzwkIby47bvnzhOGqDLkSqdVvnKgO4wU":{"chainKey":{"counter":0},"chainType":2,"messageKeys":{}},"BTyYdurFqlyaLpkV2PhRBgdvcw2VTq1i4H27aEqM8iwg":{"chainKey":{"counter":0},"chainType":2,"messageKeys":{}},"BfufxtA0Wg/4ybCItzIoHjpSmYsoGgpNY9fGuinst7V/":{"chainKey":{"counter":32},"chainType":2,"messageKeys":{"0":"bHdNxQvTvuqR6DMx2mTEqMDfFvqSXhBuycfule36ReI=","1":"RZc5X2JjqhYDwVadg88FDW9ulpAyDdSDgRoyPTmE06E=","2":"nMUszRXgc+h7maJbZ97zD38kIMSy73+fZlGj1z7EcBY=","3":"OsC0PQI3T7j+vtBYMH7Bz4n/Vn8U3EiMhl7RKg/E+vE=","4":"kw/WngLPMUQiUdePGs+Vs8ifGeG1xlzSF1KE+99q9PA=","5":"eZPaY7REQzKTUwkLEjzrjy5hqJad2pKzazJMIjW6lNs=","6":"I9no0mXqnkoTa3v+bXo/m/c/8z8lKf62OUGXUir0kuo=","7":"itrnzd3hBlxYl9QmvPTt7GRX3HAgjj/QQmvrglXLw7I=","8":"DYyfeksX2Y8esZSBIGGC3bdxvEnbejqLXpYK+/Pqq+0=","9":"HjlesMpT6Awm+Ap49wHEOXPDVj+cvRngu/T4WA0198M=","10":"y8wB/8u9jzDV9RHg5kFKxjYdIAUfP9lP8c3rUJVxCAE=","11":"NR3GIY/q0BDApM6t5GmOLGQAHrhzWe8XV7ZZT9pPoDE=","12":"pAZ1bbePH3jYo7gb0Vat9H+GPA4cpX4uZNgdi/IIWDc=","13":"XA1cO4doEfR4JxnEdshPfo1ObacYWRZxhl1QuEHChsI=","14":"2c+smkEe4gVKZfjkv13t+CQAzICg1d614XK9zRTa/qk=","15":"flQFL3QEGd3CHgLZNrxAsmJhZ3Sj2NEjH2rKJmefku8=","16":"GkftceueWUhPpjzwHgMJiw1e7lYZIHs6FirHwt1+KVs=","17":"L5G3mEDR8aHI4atRRXsQmj7l8w8wLptLoHGXRaFUQ8w=","18":"GvmqYx+mP9FXXucu5+CEoVXU8wVXrMEyN1Jpn5ETStU=","19":"qO9QJ7TVioWEkFf7bQydnzFR0J31DTgjWgBW4FMsUt4=","20":"DcVe9HhdBVs9UkEAQ1r3cBTlLbVB89iLimEItp9ReGQ=","21":"zPSufLaYPyJnU0GR+r0emo/oxRCQ/eNFQRONHva91OE=","22":"ZrBCSFERqKwHvnmXsW+nS8LqwcamaRYGOCrw8B9/4Sc=","23":"IkUSk8/6acavQa+DzYpYCjTmiCm9/728LviQov52d5g=","24":"50U4sLXCqNG86BTIWut/ekGlb8c5z9NjBcvbZuUkwEM=","25":"A72cqdB/PsXHOwHbGv+usBBFPVFcNTKYUm+0pcVAuXo=","26":"IFJaigTEVZhXpB6YCvK6fZi4Up6QURy2ExHhhHNX+8I=","27":"WCfnI167qJVGPksEAxK8s6yj2lr1evyGPA0hAImE/68=","28":"R2cKflvIz+rymLVN82Lp/2gm2Ezm9w8CnJefCy2YNTQ=","29":"ZkO0chXmOC+X6M4DI5CuREZAq8ATOgzECO43lFJfdj8=","30":"HRruk+HROjeU+KhaubqFMw+KDmtVfKzeA/vI6uV1vvc="}},"BZW5HMeE0mQ3Bkh9U2xCZOs5M02CEGeSb6kJe3ptaNcb":{"chainKey":{"counter":0},"chainType":2,"messageKeys":{}},"BfMJPEwO2K01oqJkLePjxno4hpece83XQaMDDuLMGtNW":{"chainKey":{"counter":0},"chainType":2,"messageKeys":{}},"BT6Qqw1NOo4IZht7+tuc0tR+jBxA+FnxT34o6HiRD7ov":{"chainKey":{"counter":0},"chainType":2,"messageKeys":{}},"BQ42qfNSL7etIeHkEPG2A7+MMb5RBQJ+WrmgdN3B1657":{"chainKey":{"counter":0},"chainType":2,"messageKeys":{}},"BaTTxlMS3vGryRF7BQVSKA11qZMOFW1at6Mzol/txPwm":{"chainKey":{"counter":1},"chainType":2,"messageKeys":{}},"BSLmJoTl8Z9nCJH13rFglwhrCRBEGmsuPpKVPDNRcPgo":{"chainKey":{"counter":0},"chainType":2,"messageKeys":{}},"BSZLixlxzzMTQVwbZNU/2ZZDv2HJbiNYDII5M5I1LnFV":{"chainKey":{"counter":0},"chainType":2,"messageKeys":{}},"BRxmtYVMzEW5XzmowZLafLZDGbekhSbF0p2xE319hgQr":{"chainKey":{"counter":0},"chainType":2,"messageKeys":{}},"BTXKCRiQzaKq2oolw381+BGACUyexz+I9R4JptYjmPIC":{"chainKey":{"counter":0},"chainType":2,"messageKeys":{}},"BT6hP+hZu1iDry+TvtOnj4qLdlFlN0U99HopdHe/H9Uy":{"chainKey":{"counter":0,"key":"R8CBIY/qeblSHTqvHSGtyd7t2KHW/jflkflCcK6XvcU="},"chainType":2,"messageKeys":{}},"BUKS+H1/k1JtxkN5tMJYvlfn28ilOSrH46Sa+df4EFYo":{"chainKey":{"counter":0,"key":"J3VaN4FTS4yVCeBzMvh6YwqV4+ggEeVmD9MC8aPhB3Q="},"chainType":1,"messageKeys":{}}}}},"version":"v1"}