{"_sessions":{"BZr3MwihcZctVKPA/nJyx3dASDeK0Qh2BWhZaXV0IuJq":{"registrationId":1309180960,"currentRatchet":{"ephemeralKeyPair":{"pubKey":"BVVWY+6ftUlpsfjh0YmyzpL3KaAwDfQJUa9oItJr8/Al","privKey":"eEm5tWVibAjKSD7umBpNXxtI2ztAqN5gT1Gy+hrTa00="},"lastRemoteEphemeralKey":"BQaZhY/3VW3msAZAdC7QP4vZ0Q9JsihE8UnplClWnTxr","previousCounter":0,"rootKey":"gRrx5hpMKb8/iK6AfJWb7woaPPJ98Epc5rdhZmAN7PU="},"indexInfo":{"baseKey":"BZr3MwihcZctVKPA/nJyx3dASDeK0Qh2BWhZaXV0IuJq","baseKeyType":1,"closed":1742980471085,"used":1742259881634,"created":1742259881634,"remoteIdentityKey":"Bb61M16LNuG/lhLfAmw0bietGT+BzTmzieEbyzb572Nt"},"_chains":{"BVVWY+6ftUlpsfjh0YmyzpL3KaAwDfQJUa9oItJr8/Al":{"chainKey":{"counter":13,"key":"hSbih9wonoHHtA9iPWD1hKqKL+M3vKbU30wa0FNr3fY="},"chainType":1,"messageKeys":{}}},"pendingPreKey":{"signedKeyId":1,"baseKey":"BZr3MwihcZctVKPA/nJyx3dASDeK0Qh2BWhZaXV0IuJq","preKeyId":202}},"BawdfJnGS98zWh1uurmlpgkcLwB1jcNtRQSQmexXqdsD":{"registrationId":1309180960,"currentRatchet":{"ephemeralKeyPair":{"pubKey":"BeW6JgacecQ0Jt0hHn88fAuET8kEBP8vok0G3rvupUsd","privKey":"8N1xDjbSngQy9TC4F/FekLjserMXajvFmuKbWf/v43o="},"lastRemoteEphemeralKey":"BQaZhY/3VW3msAZAdC7QP4vZ0Q9JsihE8UnplClWnTxr","previousCounter":0,"rootKey":"1Lt3Q9TpEVgP1EHhRE00bgKXuawBfTTxEeGaMg3kD0M="},"indexInfo":{"baseKey":"BawdfJnGS98zWh1uurmlpgkcLwB1jcNtRQSQmexXqdsD","baseKeyType":1,"closed":1742980471325,"used":1742980471077,"created":1742980471077,"remoteIdentityKey":"Bb61M16LNuG/lhLfAmw0bietGT+BzTmzieEbyzb572Nt"},"_chains":{"BeW6JgacecQ0Jt0hHn88fAuET8kEBP8vok0G3rvupUsd":{"chainKey":{"counter":-1,"key":"ppVvmwemvMOkDSqvt1nLLao5McYN+EXz1qt05Dv8Fr8="},"chainType":1,"messageKeys":{}}},"pendingPreKey":{"signedKeyId":1,"baseKey":"BawdfJnGS98zWh1uurmlpgkcLwB1jcNtRQSQmexXqdsD","preKeyId":811}},"BaBOlSq6/xaEeJCsnvBD1crc1EH2EZ4BrlSGGouy69Jx":{"registrationId":1309180960,"currentRatchet":{"ephemeralKeyPair":{"pubKey":"BR0d/l8xYk1St4+8cG5h1jTfCBbjXu8kaWtUDTXNE+tZ","privKey":"APJl5oH45DtI6aPM4waXR2Xe03R/NTnGXaXIh06tFHw="},"lastRemoteEphemeralKey":"BQaZhY/3VW3msAZAdC7QP4vZ0Q9JsihE8UnplClWnTxr","previousCounter":0,"rootKey":"+H+SrH8cZ3fJPhUOfFS7P/43gFSlqCqxUZPKFSuGBYg="},"indexInfo":{"baseKey":"BaBOlSq6/xaEeJCsnvBD1crc1EH2EZ4BrlSGGouy69Jx","baseKeyType":1,"closed":1742980471563,"used":1742980471321,"created":1742980471321,"remoteIdentityKey":"Bb61M16LNuG/lhLfAmw0bietGT+BzTmzieEbyzb572Nt"},"_chains":{"BR0d/l8xYk1St4+8cG5h1jTfCBbjXu8kaWtUDTXNE+tZ":{"chainKey":{"counter":-1,"key":"LpOPpYy3+/NxKQPveBK3ce5ga4HZZ3nG9bTDptuXGLA="},"chainType":1,"messageKeys":{}}},"pendingPreKey":{"signedKeyId":1,"baseKey":"BaBOlSq6/xaEeJCsnvBD1crc1EH2EZ4BrlSGGouy69Jx","preKeyId":727}},"BR3/k7rst++4zL33SPpy2SWXMY3nSdWox+CLEQs8k4Q4":{"registrationId":1309180960,"currentRatchet":{"ephemeralKeyPair":{"pubKey":"BS/YsFms/hhQ6fUAESGUgMfm0SkJs7wVM2JXsCYnhexL","privKey":"iARTWhMNVOuHg861RdUCqdR5nk4Tyii4FWVOL4JVdG8="},"lastRemoteEphemeralKey":"BQaZhY/3VW3msAZAdC7QP4vZ0Q9JsihE8UnplClWnTxr","previousCounter":0,"rootKey":"gq5e7qt8oUnpogpVZu+gi7vZ+LYJC//FP0lWfS0xiMU="},"indexInfo":{"baseKey":"BR3/k7rst++4zL33SPpy2SWXMY3nSdWox+CLEQs8k4Q4","baseKeyType":1,"closed":1742980471826,"used":1742980471558,"created":1742980471558,"remoteIdentityKey":"Bb61M16LNuG/lhLfAmw0bietGT+BzTmzieEbyzb572Nt"},"_chains":{"BS/YsFms/hhQ6fUAESGUgMfm0SkJs7wVM2JXsCYnhexL":{"chainKey":{"counter":-1,"key":"BZ77Q9UH6yG9teGM6iaZI4OwtXUV5K6hnSckIz0Ian4="},"chainType":1,"messageKeys":{}}},"pendingPreKey":{"signedKeyId":1,"baseKey":"BR3/k7rst++4zL33SPpy2SWXMY3nSdWox+CLEQs8k4Q4","preKeyId":800}},"Ba+Hmzdexf1hTP/I2rcAjgwncDl4fFYdGXcaUTdkflEW":{"registrationId":1309180960,"currentRatchet":{"ephemeralKeyPair":{"pubKey":"BegMBerMREuDpN6RqRJnrQIn00GciyxsHGYOqpTNnzVS","privKey":"8NHKOxAs330pASp43Zu46cVPJnFv8crluT5Et9ZF008="},"lastRemoteEphemeralKey":"BQaZhY/3VW3msAZAdC7QP4vZ0Q9JsihE8UnplClWnTxr","previousCounter":0,"rootKey":"NcJvv5VtvUGvXZ6hs5XzELVVmliSNUz0WKMBETWExbU="},"indexInfo":{"baseKey":"Ba+Hmzdexf1hTP/I2rcAjgwncDl4fFYdGXcaUTdkflEW","baseKeyType":1,"closed":1742980472074,"used":1742980471823,"created":1742980471823,"remoteIdentityKey":"Bb61M16LNuG/lhLfAmw0bietGT+BzTmzieEbyzb572Nt"},"_chains":{"BegMBerMREuDpN6RqRJnrQIn00GciyxsHGYOqpTNnzVS":{"chainKey":{"counter":-1,"key":"/PEDD//1yppVtfBj9JXa1/1U7qEktGXOFgaRvzfDEtU="},"chainType":1,"messageKeys":{}}},"pendingPreKey":{"signedKeyId":1,"baseKey":"Ba+Hmzdexf1hTP/I2rcAjgwncDl4fFYdGXcaUTdkflEW","preKeyId":107}},"BUGjuic8chIafOQJArrzSUrT4r3Lft7xc3TtTK0TjPYk":{"registrationId":1309180960,"currentRatchet":{"ephemeralKeyPair":{"pubKey":"BQfWieDbFgiEKfMk9gMGV/oJMhf2qr1QWoLTIfBjTE1D","privKey":"2BE21He6QVoD0UMsLu+ZqeP7UClFcgq77Pdp4MeGcnA="},"lastRemoteEphemeralKey":"BQaZhY/3VW3msAZAdC7QP4vZ0Q9JsihE8UnplClWnTxr","previousCounter":0,"rootKey":"Dj7q11t33BnsmS4AvZOkqKn2s0G0+xHhRNhxzA35/nk="},"indexInfo":{"baseKey":"BUGjuic8chIafOQJArrzSUrT4r3Lft7xc3TtTK0TjPYk","baseKeyType":1,"closed":-1,"used":1742980472070,"created":1742980472070,"remoteIdentityKey":"Bb61M16LNuG/lhLfAmw0bietGT+BzTmzieEbyzb572Nt"},"_chains":{"BQfWieDbFgiEKfMk9gMGV/oJMhf2qr1QWoLTIfBjTE1D":{"chainKey":{"counter":-1,"key":"qnT2Kzy3kgzjdAp1WcC4gGPted0nJzAJKA7cO289bTw="},"chainType":1,"messageKeys":{}}},"pendingPreKey":{"signedKeyId":1,"baseKey":"BUGjuic8chIafOQJArrzSUrT4r3Lft7xc3TtTK0TjPYk","preKeyId":739}}},"version":"v1"}