{"_sessions":{"BYSII0QY5NZb/dqI3cuhXAZ0pmMa/yvBKsHmetfWs5Ec":{"registrationId":1986499581,"currentRatchet":{"ephemeralKeyPair":{"pubKey":"BY13AJ2QshLWSG7UrTjF+Etx4ZGBpH5HCQeTYsHfnksP","privKey":"YKsj+eYRugt3b1Nzzk4l6ik+O0IqJ3I1dzpUtn6Mj2M="},"lastRemoteEphemeralKey":"Ba3aYci+eKuraOh5ZGzF/vw+LPy9kmv0M3sGESAJPtVT","previousCounter":0,"rootKey":"24EZfRk3AarYLpJfOszavpcmI0CYTvOgGEnHXrwPW38="},"indexInfo":{"baseKey":"BYSII0QY5NZb/dqI3cuhXAZ0pmMa/yvBKsHmetfWs5Ec","baseKeyType":2,"closed":-1,"used":1742866938032,"created":1742259962028,"remoteIdentityKey":"BQoZtFqvQpHS2RUaRkuJ4OA8RbBAG5ep4eW6H0hmK3xF"},"_chains":{"BeNYZ3L0npDypvd8GXiwcxp0/wUF4Iatq2pcVR3CyqVQ":{"chainKey":{"counter":2},"chainType":2,"messageKeys":{"0":"j/X9uKbNop9V/0O053DXTTBSKY+xInf3/3kGPxoYcLU=","1":"eaUwd3s22OToRnMceaPuTP4SJ0Nziq6DNGbECYbfn/c="}},"BYOqjrJNYiZV8fS39MwVvjXNLUSex/PsrChJjLxcl3kw":{"chainKey":{"counter":0},"chainType":2,"messageKeys":{}},"BVVHD9jo5W7FdjNKuc8GM1jizr9bcHoDl7gqnpALfmdW":{"chainKey":{"counter":0},"chainType":2,"messageKeys":{}},"BX/vPfgE09UM9z9wzr78Tp0NZEwiJTS/OKHiDdUYxr0F":{"chainKey":{"counter":0},"chainType":2,"messageKeys":{}},"BcLrozwq4LnI+rHvgJASyg+y84AMs/yczGuRcOnCLN5g":{"chainKey":{"counter":0},"chainType":2,"messageKeys":{}},"BWX3uVtFk4ShImaJPtdFlNSxsRHwdUpmQTtYVkRbmfwO":{"chainKey":{"counter":1},"chainType":2,"messageKeys":{}},"BUEmNLJ6G9xt088EmxzavPBBHXoPH0of2nFlOFqtef02":{"chainKey":{"counter":18},"chainType":2,"messageKeys":{"0":"73T8KUKF5pQb+ui1nkU2JH/Sp+vTXrgkPNiAMPVog2U=","1":"mdtMqYcvLzdOsp+jzMamVoRh75s1W4YtytNMHoh4MJw=","2":"oqpibkjbx+Zk+6LoLVg5qZDyyuaXkf7h69rAL0ei0e8=","3":"Jte5lrs6gbuRlSuEswxOA3xzZG6mJeCKImt3SXYFr3I=","4":"+SPo/DI7NsaMnEDksTwaPw9HoeTvPrKuBmuWdvkpRcs=","5":"5Bgmps+L9jQPdoqSi21WBx8Yv0xrrBW+8GMJ//vWMVA=","6":"wG36BqvmSuD9C9LETNQO+ct9waxDqyhTpZCvkj+/bOg=","7":"66zvM3LJfEIaPqh0yuK5LEicMyYbK6u2LfXyOlxPemU=","8":"wPY6N+/Rr+vF7NM10zepbKkF3IkS7e9Bgw3ZvQsvrYo=","9":"FfaT6f0qfhel5kluYIGpiLTy86LhfIwvMMt6pvJ4nek=","10":"DrfJeCt7fz2uvp+sMdvuKE/6LRL4OscOeeQuEEOVv48=","11":"VKEcS6kWQwYbL3f9+llA36K7uiypAWG47rioIwKMyoY=","12":"C/rzxBf1hVvd3bet2C2JENubzx8Kze/zYqJoTDVfrpM=","13":"6sUA6D7080l9fIaJEhz0v4fL88Pz+CgSdr2IicgndIk=","14":"jFzSyMbZGcsKUcNk8NU5eAWFEfHHlgzRpdpykqnxb9E=","15":"gOgAcOl6qP4obETlwNJYrZ7jHJesI5m1e1ry7T0s+QA=","16":"dd5h57yMd+tgmmp9062wgjfZ9rBQ3WEDVV4tmrfea64=","17":"MBAAAB602JlLorgpIv1o4ruOVXca4Hk+tLgaeWpiPcM="}},"BVnq4zqhACaKBvRitHc8Bv3iUNYKlp/ka2Q2j5rnyQM5":{"chainKey":{"counter":0},"chainType":2,"messageKeys":{}},"Ba3aYci+eKuraOh5ZGzF/vw+LPy9kmv0M3sGESAJPtVT":{"chainKey":{"counter":0,"key":"Gf8RjwGZGYelMif9popJQqIwRiF6y1NDAIXi8L4/sxg="},"chainType":2,"messageKeys":{}},"BY13AJ2QshLWSG7UrTjF+Etx4ZGBpH5HCQeTYsHfnksP":{"chainKey":{"counter":1,"key":"EF+fNBokDILPDaHdLImo2r2hHTpNb1+JLz7eFGOhM3c="},"chainType":1,"messageKeys":{}}}}},"version":"v1"}