{"_sessions":{"BdUrBStcOolz95EPI0M2QmbNM8QMdHLZV0Ckuc4AmjIZ":{"registrationId":13008,"currentRatchet":{"ephemeralKeyPair":{"pubKey":"BaTayDsgSoMSOkXJPssNZDs6x3UCR2U1nPSM3pssbUBC","privKey":"INZNuUJLoLHkzsHY4R4rxF0es2DrTCBfQ0GCLB+AAV8="},"lastRemoteEphemeralKey":"BekMWnEZRWuSsoaNSzxpRiNLmcO4LX0cIDjFxZzI/V0p","previousCounter":0,"rootKey":"zYABYEPVhmaHcCeCD7mlrixdrghE2zHxJPKRGMFNMlA="},"indexInfo":{"baseKey":"BdUrBStcOolz95EPI0M2QmbNM8QMdHLZV0Ckuc4AmjIZ","baseKeyType":1,"closed":-1,"used":1742865347317,"created":1742865347317,"remoteIdentityKey":"BZjUnl7TuSyDbZdTqEwLcIVdbbsFt34jdUyp62n0z0sk"},"_chains":{"BaTayDsgSoMSOkXJPssNZDs6x3UCR2U1nPSM3pssbUBC":{"chainKey":{"counter":0,"key":"4+yfVizYX9I11j/XZACrjk5+KHKgVIN9V+8mUHb3G2M="},"chainType":1,"messageKeys":{}}},"pendingPreKey":{"signedKeyId":1,"baseKey":"BdUrBStcOolz95EPI0M2QmbNM8QMdHLZV0Ckuc4AmjIZ","preKeyId":65}}},"version":"v1"}