{"_sessions":{"BZO5JHbvNjJ+yx3ORfQ8R2xHM7C44+H+sG9418vztMFY":{"registrationId":1021841058,"currentRatchet":{"ephemeralKeyPair":{"pubKey":"BeyRSYpk8Qogct8hrYS5db723ZP3tBK6WWdvaPKRHGMk","privKey":"GCo7wxhQxGVlSwmwEYPO1sjVxNwmXYXDJougGk71g2c="},"lastRemoteEphemeralKey":"BQlBWpfKj/NipCL58a4g5VkFCuF4Pt63Z2wsY9amcYpG","previousCounter":0,"rootKey":"RXbgyCjWUZAZ5f7LJL5S03Ul852TbHl5sfIbqEzsXsc="},"indexInfo":{"baseKey":"BZO5JHbvNjJ+yx3ORfQ8R2xHM7C44+H+sG9418vztMFY","baseKeyType":2,"closed":-1,"used":1742788311797,"created":1742183648893,"remoteIdentityKey":"BeZ+0c6CUSzufOE7n1OYB+hAx7fzQ+mQfZGnktsiMvZU"},"_chains":{"BVyM7tTikXrdizdpXTFFyt5EuzUhDM2Ogvvot0hMUQxb":{"chainKey":{"counter":0},"chainType":2,"messageKeys":{}},"BT5VczXUKMPogzanKO98smAlggvUE851Qdzaauhq7Isf":{"chainKey":{"counter":0},"chainType":2,"messageKeys":{}},"BZM+o6S7D1QCXp6wydWBTbPxeHp+RSd6Z+1h0iVNTAdh":{"chainKey":{"counter":0},"chainType":2,"messageKeys":{}},"BZWvC7ZcFCq9Maq6EGxrmNekPUx/tquLZvFsNIdIxYZN":{"chainKey":{"counter":1},"chainType":2,"messageKeys":{}},"BTHlecABlD/9gZqsYGd30j4NEqYA85JKbO4XjX9r2jBX":{"chainKey":{"counter":0},"chainType":2,"messageKeys":{}},"Bbg/9w+oAhSeCasgrKPC77yjQvK16rR6/0Oo2/dup2h6":{"chainKey":{"counter":0},"chainType":2,"messageKeys":{}},"BbpQ6Hc3M6KBJFsudMbUg1azNikHwhbC7uJwl0/Z0akT":{"chainKey":{"counter":0},"chainType":2,"messageKeys":{}},"BU/jj9AOxcagThMal1ZOZDovg0lJ5Ues75Feq7ZaYTMw":{"chainKey":{"counter":0},"chainType":2,"messageKeys":{}},"BWpKlOXgnOEnKfK/9XsJ2TG1V2rdO7ePaTokt8wZcgEO":{"chainKey":{"counter":0},"chainType":2,"messageKeys":{}},"BWjWmIzH9kOZEl0SnpxtIgnUFQRKlN1vFGXdJFPYhoww":{"chainKey":{"counter":0},"chainType":2,"messageKeys":{}},"BVr0zLHbqNKd21wVvzYUB4hunVFu+AbchMmABvBJscZX":{"chainKey":{"counter":0},"chainType":2,"messageKeys":{}},"BQlBWpfKj/NipCL58a4g5VkFCuF4Pt63Z2wsY9amcYpG":{"chainKey":{"counter":0,"key":"7tAs0gAXgc4WJTBtS8RFRrIW2lQBApJ58PoKVgCoNMo="},"chainType":2,"messageKeys":{}},"BeyRSYpk8Qogct8hrYS5db723ZP3tBK6WWdvaPKRHGMk":{"chainKey":{"counter":0,"key":"JyIfZxW6uCEF4IfGlXfDJlmkqLabtQ9/kLXz7PUUK9o="},"chainType":1,"messageKeys":{}}}}},"version":"v1"}