{"_sessions":{"BU1dzQTIghSDRPhJliIAnOpNy6EHhCdNe2fdtQhN3Blj":{"registrationId":1203516312,"currentRatchet":{"ephemeralKeyPair":{"pubKey":"BSENjXtjweyI+nWuRcNLcPzX70L+vQJJQKTZ+snAIWYV","privKey":"+D8wfRGDsvCY7c5hghHaA23XPMGHkWVbajUXjLCBwmo="},"lastRemoteEphemeralKey":"BcAYFCIclZUo+xkaOl5lNKEM0Ki0DMGsa+x97OPQHPAC","previousCounter":1,"rootKey":"8ww1d83usgn28Z3/iXNcaR5GyJLX+yWbQgxGnX1+8ek="},"indexInfo":{"baseKey":"BU1dzQTIghSDRPhJliIAnOpNy6EHhCdNe2fdtQhN3Blj","baseKeyType":1,"closed":1742866987121,"used":1742260663083,"created":1742259965867,"remoteIdentityKey":"BQ/sdedKoRELNnFwiohcy8G+iThxazQACk7w7q67S1E6"},"_chains":{"BU1Dy5yWLWGF0ueNBZTwzB6y9x6HEHf7XhiIQWzMdGol":{"chainKey":{"counter":0},"chainType":2,"messageKeys":{}},"BS0CTyhI6davNURQWdu5pb20zqyVTZBTbkEVA4A63Zwl":{"chainKey":{"counter":0},"chainType":2,"messageKeys":{}},"BQVbSQZO+VEp3ImUL5CA+vSLhRAM8GrIkabzITqfeL5y":{"chainKey":{"counter":0},"chainType":2,"messageKeys":{}},"BcTGXoVVtK9tgLEAATNdIYtJGC9XkxltLUWIV0rsdIsF":{"chainKey":{"counter":0},"chainType":2,"messageKeys":{}},"Bf1+vTaAF/uaJXe4aDPgUYe7RKA80ato+XRQx5NWn59K":{"chainKey":{"counter":0},"chainType":2,"messageKeys":{}},"BT49k6iQ8/0fNMjeZ/vPoAwfzFzHyYGEzydxHsPDoNgM":{"chainKey":{"counter":0},"chainType":2,"messageKeys":{}},"BSpkaBIjok1h2VQK4SbMuDrI5u8PE7gyhpiwop5G9elz":{"chainKey":{"counter":0},"chainType":2,"messageKeys":{}},"BVNlIaRnF2crGMCBU7SISbpNVKedVKcF4yQF30iX1DwK":{"chainKey":{"counter":0},"chainType":2,"messageKeys":{}},"BQp6CYUf7rPUS/WbRe70jJWzZc0pcJ0nlRdZB7bR+J9R":{"chainKey":{"counter":0},"chainType":2,"messageKeys":{}},"BVN8Uv/39vo3ENp4OIDKZanBlvEXF/cUom3WCyEXaZtH":{"chainKey":{"counter":0},"chainType":2,"messageKeys":{}},"BcS7PxoEz8+L1G3CCDomtPDzn3HECCwLsDbKq/RS4aQi":{"chainKey":{"counter":0},"chainType":2,"messageKeys":{}},"BcAYFCIclZUo+xkaOl5lNKEM0Ki0DMGsa+x97OPQHPAC":{"chainKey":{"counter":1,"key":"jARnAXUYgw6jiJgcokNe06W2X0kjPKs/VgW++wn/fvA="},"chainType":2,"messageKeys":{}},"BSENjXtjweyI+nWuRcNLcPzX70L+vQJJQKTZ+snAIWYV":{"chainKey":{"counter":1,"key":"Tx22c07MJo1nStM+/VeBJTvMJ4WgAD5hSwH89wa38TI="},"chainType":1,"messageKeys":{}}}},"BX4ngVgNZ+v11A4aOBo0fS16Uq3zoFUep4evE6unLAQk":{"registrationId":1955057731,"currentRatchet":{"ephemeralKeyPair":{"pubKey":"BZ0q+aCmohHN4ABlBHIk1Xa8i2Nu7Op5Hr54y+hATMRc","privKey":"CIUJ2NTA1nISGkBehKeyPJYU5gIuQMbE5FtTc9S7ZEU="},"lastRemoteEphemeralKey":"BXuufaWKvxK8i3bwAuY1nzNthf1tZCdXLsKHe79EGVo2","previousCounter":0,"rootKey":"JYQZm0lxhWX5Rx8IGp0bXJvaBbqPJQYvGC5AO3bmL1c="},"indexInfo":{"baseKey":"BX4ngVgNZ+v11A4aOBo0fS16Uq3zoFUep4evE6unLAQk","baseKeyType":2,"closed":-1,"used":1742866987127,"created":1742866987127,"remoteIdentityKey":"BYzqxMg5hBUtY5So9HDF3ks0JGmpBgXc6SBin743AUgI"},"_chains":{"BXuufaWKvxK8i3bwAuY1nzNthf1tZCdXLsKHe79EGVo2":{"chainKey":{"counter":0,"key":"WQ5kDZbTfUKosxgvzTJ181/tt15HccRbCTS5KZn8z9s="},"chainType":2,"messageKeys":{}},"BZ0q+aCmohHN4ABlBHIk1Xa8i2Nu7Op5Hr54y+hATMRc":{"chainKey":{"counter":0,"key":"zpzXIBgLvsOTzltflLi2r53jBkjCzmw5WpYKbc7aOq0="},"chainType":1,"messageKeys":{}}}}},"version":"v1"}