{"_sessions":{"BYXwNAylijTD45g7vcVmwaZI1hYP4tdFE/xidyLzqPs3":{"registrationId":1550351435,"currentRatchet":{"ephemeralKeyPair":{"pubKey":"BRnl7hRyqBrRE6cq3uThS+F/cRtjf6ZcEvgeHdYbriJn","privKey":"mA5UgyVWYjEirvzyRoSbbrcIHoBBYJj01ol0HIWUcGE="},"lastRemoteEphemeralKey":"BdJVThPmVo5ZxTkJUL78Wz8oxThkcpiRNAB4Qv5CtGR6","previousCounter":0,"rootKey":"eVuHmqh9norZmKRekfrjHkBWpI7vm5fxHEBycQsWS98="},"indexInfo":{"baseKey":"BYXwNAylijTD45g7vcVmwaZI1hYP4tdFE/xidyLzqPs3","baseKeyType":1,"closed":-1,"used":1742259968501,"created":1742259968501,"remoteIdentityKey":"BUXncITgMNqqB0hKVqcHnMfsxqrC25G6aVb5Dup4uqgf"},"_chains":{"BRnl7hRyqBrRE6cq3uThS+F/cRtjf6ZcEvgeHdYbriJn":{"chainKey":{"counter":8,"key":"gOO4dfVk72bde/AFxEATnsrWHg93nPxNXteIFGE9on8="},"chainType":1,"messageKeys":{}}},"pendingPreKey":{"signedKeyId":1,"baseKey":"BYXwNAylijTD45g7vcVmwaZI1hYP4tdFE/xidyLzqPs3","preKeyId":920}}},"version":"v1"}