{"_sessions":{"BZCchWtDQn4EBywMqPj8S/Og3p/RYuDOPVMtyNb76Ps5":{"registrationId":1359182397,"currentRatchet":{"ephemeralKeyPair":{"pubKey":"BVTNerWflJTjsoxgG2RPOkPgvKMgP1GvmAtS20k35Xlv","privKey":"+GZScEDUA7A3CMWoBBYIUakAAUpMaOp4GbW97616hE0="},"lastRemoteEphemeralKey":"BZl0iTUr4gBYctMs3crfycd01r2JzCMF/m9DDDjugshF","previousCounter":0,"rootKey":"B1rQDu4vk1bk2T1q247Q0HALLbr6KANTfjFJNSoRCqQ="},"indexInfo":{"baseKey":"BZCchWtDQn4EBywMqPj8S/Og3p/RYuDOPVMtyNb76Ps5","baseKeyType":1,"closed":-1,"used":1742183597864,"created":1742183597864,"remoteIdentityKey":"BZi9gOdfPERHq29IcXq+yNRvlK6dqVfNJ9ih7h+qBMJm"},"_chains":{"BVTNerWflJTjsoxgG2RPOkPgvKMgP1GvmAtS20k35Xlv":{"chainKey":{"counter":23,"key":"RRjUFfuY4Fj1DIJ9WKl7ThngOH6nJY/3QFugPK/GlO0="},"chainType":1,"messageKeys":{}}},"pendingPreKey":{"signedKeyId":1,"baseKey":"BZCchWtDQn4EBywMqPj8S/Og3p/RYuDOPVMtyNb76Ps5"}}},"version":"v1"}