{"_sessions":{"BXj96tCUVjzUMkmge7pEviQSlC4dIqe1wxsmuXceH/Bd":{"registrationId":237764682,"currentRatchet":{"ephemeralKeyPair":{"pubKey":"BcNDtw7UJPViMrw5RlVTXUqeiMeIYlmJFjVHhjwvJm9l","privKey":"0IXK2ZIBWNtHkteQju8RIbjnc9+ol417IM35QXX0dUk="},"lastRemoteEphemeralKey":"BTRLHTt2jSf/w4fFjAuD0ZBv9TpO9hA22xlhohMv7mBt","previousCounter":0,"rootKey":"4CTZhP6uecGZS2hndi852NNf2hZv3FpXZGh9BCE+mTQ="},"indexInfo":{"baseKey":"BXj96tCUVjzUMkmge7pEviQSlC4dIqe1wxsmuXceH/Bd","baseKeyType":1,"closed":-1,"used":1742182762718,"created":1742182762718,"remoteIdentityKey":"BdvsJmNLgsFoXNIm+tTd1dChs5UaYMPRzd+se2hDspUw"},"_chains":{"BcNDtw7UJPViMrw5RlVTXUqeiMeIYlmJFjVHhjwvJm9l":{"chainKey":{"counter":33,"key":"ZoDPV/Xh/QtO9w/vla+m0vnB2fBr0F9413sCSyBzk/4="},"chainType":1,"messageKeys":{}}},"pendingPreKey":{"signedKeyId":125,"baseKey":"BXj96tCUVjzUMkmge7pEviQSlC4dIqe1wxsmuXceH/Bd","preKeyId":1631}}},"version":"v1"}