{"_sessions":{"Bb/s8zvweChnCLSN5VmjiOXkfeDW4iTkttNu9HTET+Ev":{"registrationId":2134803058,"currentRatchet":{"ephemeralKeyPair":{"pubKey":"BV+UA87RLA/M8H8bvIbmAchmckrsHObsNq57WvCpTW4l","privKey":"2DuTLy3ioIYamWvmZuOuvdoMySTZesWk04Pu/X74AlA="},"lastRemoteEphemeralKey":"BZEp1+b67btn0nNDlOnbRLNZOqgVr+1p0wZ3XBXhnUpP","previousCounter":0,"rootKey":"4SQVZUkj3uyZ55XV9XIZIn4fIODcWKFls+XSns1kp9k="},"indexInfo":{"baseKey":"Bb/s8zvweChnCLSN5VmjiOXkfeDW4iTkttNu9HTET+Ev","baseKeyType":2,"closed":-1,"used":1742788291772,"created":1742183587925,"remoteIdentityKey":"BSrFlO6EvU1ncXVPd1TDuknjWsXtZLy/dMlwQ+9ZZK5R"},"_chains":{"BUSwMjZBQM8O+FKCnnYszNQulKvjmnO92wId3UUondgT":{"chainKey":{"counter":0},"chainType":2,"messageKeys":{}},"BZfn6fLinuEv9ZgBQ2HWlh1eyEcyyEmW31I2OmrLeV1z":{"chainKey":{"counter":0},"chainType":2,"messageKeys":{}},"BeMOqRdUVAGRpH+I4I2oBUA0Jj6fFGgzFH3nf1rmNEYb":{"chainKey":{"counter":1},"chainType":2,"messageKeys":{"0":"WHneDIhFOEpJHIvAf50W5EM6ceQOCc7l88cM4+NMJ94="}},"BYd5mkDt61Ha1nbCWLjRwM54ociINreIbPzEng2tw541":{"chainKey":{"counter":0},"chainType":2,"messageKeys":{}},"BTmMEj+EUqzm3sdJukgPJFtJPkGeXSKHpW3SCJbsKnEQ":{"chainKey":{"counter":0},"chainType":2,"messageKeys":{}},"BY3ynDfwpYU8DTAonueHGbYXLUu1FvYkB3jNbTTaHQ0h":{"chainKey":{"counter":0},"chainType":2,"messageKeys":{}},"BUObQNqZEiqpnpwJjybFvaclhn7uoQhnmbLNRgvA2HUl":{"chainKey":{"counter":0},"chainType":2,"messageKeys":{}},"BXnIh8ActsDzLY+rbEfgKt2eb+ZShpwmMWlnlNpxs1ss":{"chainKey":{"counter":3},"chainType":2,"messageKeys":{"0":"e4qW2hJ5btZ4W/+pvBzgNhH/UfLHsrPPy70sel/8nRg=","1":"XXx2o8vbC7tmEav2pxUo5p8DOwfDHZq8Fxg+kbnovkg=","2":"NtYwxNdi70ertQIAE/H5Utj7c3NYJ+isFjhW9iYn+eU="}},"BeBRjFvTUlycHw+8PmICa44aktRm8AdSA6S31dG9AZAN":{"chainKey":{"counter":0},"chainType":2,"messageKeys":{}},"BX+CWr7s684SFN5v418KQAYXHfVe1kwf7gXyZy+cZSNA":{"chainKey":{"counter":0},"chainType":2,"messageKeys":{}},"BZz15dpP42J4xJSReXHJs1BOJV4Z8q4fSps09B2JgjZp":{"chainKey":{"counter":0},"chainType":2,"messageKeys":{}},"BZEp1+b67btn0nNDlOnbRLNZOqgVr+1p0wZ3XBXhnUpP":{"chainKey":{"counter":0,"key":"YKKessHXuhS7a47z8JvwLhCQzAMrsi0YknIpziiRNUo="},"chainType":2,"messageKeys":{}},"BV+UA87RLA/M8H8bvIbmAchmckrsHObsNq57WvCpTW4l":{"chainKey":{"counter":0,"key":"+YhSOlVI2QlvTvXPn+dZq1PKA4nWTganuXwLEFTgeIQ="},"chainType":1,"messageKeys":{}}}}},"version":"v1"}