{"_sessions":{"BaSh5gIJKJBXZO6QrGFBnooW88aW8zJT+BsWwJ7t2dlX":{"registrationId":908010965,"currentRatchet":{"ephemeralKeyPair":{"pubKey":"BRz1BU9gm7vNFBO5dCZ/rD2N0LyYLEei1dKKki9wYjAZ","privKey":"0NfSIEwF4qtrIyfSJ0NOeeYoF/rQHCKHOZuTikbPpV8="},"lastRemoteEphemeralKey":"Bb7Oluc6fygriFh8QN2RGMC4dLH5Py25MIJ8NX1XsqBi","previousCounter":0,"rootKey":"XoCgmrOGbx/8xMlopwMjaKQMackNtVGEPcSliPMmxI0="},"indexInfo":{"baseKey":"BaSh5gIJKJBXZO6QrGFBnooW88aW8zJT+BsWwJ7t2dlX","baseKeyType":1,"closed":-1,"used":1742259982147,"created":1742259982147,"remoteIdentityKey":"BfHii3Lfn1WlR3WfAEVVvXC4wyNtUlxzLY79OvAJh7l0"},"_chains":{"BRz1BU9gm7vNFBO5dCZ/rD2N0LyYLEei1dKKki9wYjAZ":{"chainKey":{"counter":14,"key":"KGP2c8kIfVThCQ22tHe/6xeQAmo2zPirSGnqu0uFy7Y="},"chainType":1,"messageKeys":{}}},"pendingPreKey":{"signedKeyId":1,"baseKey":"BaSh5gIJKJBXZO6QrGFBnooW88aW8zJT+BsWwJ7t2dlX","preKeyId":442}}},"version":"v1"}