{"_sessions":{"BVWHV/nZF6JUIraJ6EOOCA2R7Hnfvy9blwHxWrRoDlkc":{"registrationId":4144,"currentRatchet":{"ephemeralKeyPair":{"pubKey":"Bf2qo+JMq8CdDo+QmXewZIONjw3KJm44KBN16YqFbB0l","privKey":"GN5g5rwVmLEjBPuNNXWTsvPkkSsTONWkzT7dk5TRiGc="},"lastRemoteEphemeralKey":"BXRrsrPTy0Pdl4q8AryGyr+ejaE5Z04brH9jQINoeUEA","previousCounter":0,"rootKey":"kElJAsOADMgMbHeCbbluGYlKGZB+yuJxZu5bmIUCEHE="},"indexInfo":{"baseKey":"BVWHV/nZF6JUIraJ6EOOCA2R7Hnfvy9blwHxWrRoDlkc","baseKeyType":1,"closed":-1,"used":1742866467498,"created":1742866467498,"remoteIdentityKey":"BSLcv4GV/ZP2Upgp1PPw6upAG2omjmI77IYl61pnA2E8"},"_chains":{"Bf2qo+JMq8CdDo+QmXewZIONjw3KJm44KBN16YqFbB0l":{"chainKey":{"counter":0,"key":"LcUY9YNFmjjEEIFElPPBechDmgK6/h6Nf7nr5T77CRk="},"chainType":1,"messageKeys":{}}},"pendingPreKey":{"signedKeyId":2,"baseKey":"BVWHV/nZF6JUIraJ6EOOCA2R7Hnfvy9blwHxWrRoDlkc","preKeyId":868}}},"version":"v1"}