{"_sessions":{"BWmOroN9wedFgO5gu4trabG3bQGhB+2g6NCjzsCCayFt":{"registrationId":2082793295,"currentRatchet":{"ephemeralKeyPair":{"pubKey":"BT2lvabwUZJmSuA2BPSwafCiR70l+nzJBb2Gyh2jst5x","privKey":"WNH8TFEDQTZC/FLUBAFn75wwCpZDzoBvrPxuoXVGi3o="},"lastRemoteEphemeralKey":"BTjYsiav8B66UAGpdBN0i1dsmXCdlYenZLMrbAfhgn9i","previousCounter":0,"rootKey":"EbcrAEiqcmLjt0pL6yBnckKFm6gLSRvgdXhlnGHj/k8="},"indexInfo":{"baseKey":"BWmOroN9wedFgO5gu4trabG3bQGhB+2g6NCjzsCCayFt","baseKeyType":1,"closed":-1,"used":1742866451671,"created":1742866451671,"remoteIdentityKey":"BQcGpPDBrCmsganS8qM73WeTCT4+ITbQMUhUN49qKhMQ"},"_chains":{"BT2lvabwUZJmSuA2BPSwafCiR70l+nzJBb2Gyh2jst5x":{"chainKey":{"counter":0,"key":"dBO7IcILT0H5699ui4kGcbktbs3CbrEBT6j7iRK+zjo="},"chainType":1,"messageKeys":{}}},"pendingPreKey":{"signedKeyId":1,"baseKey":"BWmOroN9wedFgO5gu4trabG3bQGhB+2g6NCjzsCCayFt","preKeyId":1803}}},"version":"v1"}