{"_sessions":{"BbTyq7buvSRkLPmqQiV1CnPGTSGU+4VDK75k6HZQ1ZBl":{"registrationId":431715327,"currentRatchet":{"ephemeralKeyPair":{"pubKey":"BcCks3WS1/0tVDmVCIb1mQVVtxaBQ7RZXLRHVU5rq2pD","privKey":"OAAX/KSiw0I1pAtATh77IByOAeXYzaKIKBpe6rWfTFg="},"lastRemoteEphemeralKey":"BbXZRJ0jp+fflv2ivF+gG+f9R8ZrZGDykKEISdAjHaVa","previousCounter":0,"rootKey":"pOF6Gg2kTS/H9oYfUSPK99iAQxUUJ5dSCgJJOnQc0is="},"indexInfo":{"baseKey":"BbTyq7buvSRkLPmqQiV1CnPGTSGU+4VDK75k6HZQ1ZBl","baseKeyType":2,"closed":-1,"used":1742366331780,"created":1742366249848,"remoteIdentityKey":"BTHwbg1MfS9PJdcmkF0O7ho203el/ByQLe1Xo3Q+HiYJ"},"_chains":{"BemBUU0CAFwJ7lrqJeUfPSVVI/uJEUkCpUS5Zq/vTchZ":{"chainKey":{"counter":1},"chainType":2,"messageKeys":{}},"BUuJ8LwtUF8XIcBMuL/7kzXddFnaNlweM8EemdagFuJg":{"chainKey":{"counter":0},"chainType":2,"messageKeys":{}},"BbXZRJ0jp+fflv2ivF+gG+f9R8ZrZGDykKEISdAjHaVa":{"chainKey":{"counter":0,"key":"FxTpIiWFOXY799Nw86Bfk0bC2N10P7i9nvcOms89AA8="},"chainType":2,"messageKeys":{}},"BcCks3WS1/0tVDmVCIb1mQVVtxaBQ7RZXLRHVU5rq2pD":{"chainKey":{"counter":0,"key":"rTJ2EC6+v3LpJ3wNMBAnlHMkXcR7za9uY7exH4AS+SU="},"chainType":1,"messageKeys":{}}}}},"version":"v1"}