{"_sessions":{"BToKOLKK+NwF5+e2i7MvtnZCzX1uQhBcF6nBE0lOxp8S":{"registrationId":151,"currentRatchet":{"ephemeralKeyPair":{"pubKey":"BejAUpEenbD9qTPH9EtN/4hmwjWn0Q37xV0Xtzdbk+hh","privKey":"6IvB5WH4rnsCamYWmwnmzmcurqKnOSBHmfAdc/okq00="},"lastRemoteEphemeralKey":"BWPWp9b/VDZcgtqOQCu70NOixpHmMT1FCruws1r1ttx/","previousCounter":2,"rootKey":"atolJWnTNFQtFpCYKCc8OkeT4cxQ3MyQEu6/NQ2nbis="},"indexInfo":{"baseKey":"BToKOLKK+NwF5+e2i7MvtnZCzX1uQhBcF6nBE0lOxp8S","baseKeyType":2,"closed":1742786743685,"used":1742980475110,"created":1742270487370,"remoteIdentityKey":"Bbp6If26SK8ns7yXtRnRYc1OCVoQeOdQc1WVbKs4unAI"},"_chains":{"BWarNUGcZ5w81UjBQDHhgmPdcE8rkVrYVSOq4IjO6sZX":{"chainKey":{"counter":65},"chainType":2,"messageKeys":{}},"Be0n9uYLoYc7DqCIl4rr+bKQq39RiqhdbEmlpxdUAl06":{"chainKey":{"counter":0},"chainType":2,"messageKeys":{}},"Bexm+AyP8r218/Q9g49VSIXAxfXs23oB8rsYeiNaR0ht":{"chainKey":{"counter":0},"chainType":2,"messageKeys":{}},"BYo2ykJNtnf/0JYi7UIOhjaNMBpaZI5Zpe1YxcKdKqhe":{"chainKey":{"counter":0},"chainType":2,"messageKeys":{}},"BQtdjxjZGJcM9rrf4/eJi3C+QQ2SLtSoCleZoMU6kSNe":{"chainKey":{"counter":0},"chainType":2,"messageKeys":{}},"Bd6r0KF8ch19ZH7K8vFspzaEl+dsAxYABhZ95nQkFqtr":{"chainKey":{"counter":0},"chainType":2,"messageKeys":{}},"BfxnMQmd2nrFnLpXQMZp8KUylHAdHCLsM3u4yPx2hfkM":{"chainKey":{"counter":0},"chainType":2,"messageKeys":{}},"BYAIwxwY4SAY7V8o36+oHuROSYdqdvIcJYUuiZF2x11A":{"chainKey":{"counter":1},"chainType":2,"messageKeys":{}},"BaWKO6vKXtkuONOhjc1TwzhH0l1nrgibiuzbsm2lQs0O":{"chainKey":{"counter":0},"chainType":2,"messageKeys":{}},"BYt2aSi/DDH7e4N2FtN79B5zIfLatq2YYapQXSZPpxc1":{"chainKey":{"counter":0},"chainType":2,"messageKeys":{}},"BXYKpwKJQiZh2YeORaFVmQvZzQHTn58e+XHcOXSqr9E5":{"chainKey":{"counter":0},"chainType":2,"messageKeys":{}},"Bdu0WnJFcF/JpS3k5um2MVxRBCh4RbI2xpwEarNHjwwa":{"chainKey":{"counter":0},"chainType":2,"messageKeys":{}},"BRQgqh07IcJ/nnqMyrL1Oi/gM8gh1y6nxwLTom/mz0cp":{"chainKey":{"counter":0},"chainType":2,"messageKeys":{}},"BV0swg7h6dLjdVNG8baEbrfAXWYa4ybRnd554nOm4mco":{"chainKey":{"counter":1},"chainType":2,"messageKeys":{}},"BU1Od2efV5sl0FtJXK8Jpi4u95ImV62S8oX/OVP4Fxlz":{"chainKey":{"counter":0},"chainType":2,"messageKeys":{}},"BWPWp9b/VDZcgtqOQCu70NOixpHmMT1FCruws1r1ttx/":{"chainKey":{"counter":79,"key":"l+2ekutFPTMX5HYVvnXkYH2wrt6CaHR6BcIHq4Fn4Zw="},"chainType":2,"messageKeys":{}},"BejAUpEenbD9qTPH9EtN/4hmwjWn0Q37xV0Xtzdbk+hh":{"chainKey":{"counter":2,"key":"lMvXkZzdZJENwK7D1xrVpctz5fxYCbiidHKU6etrA94="},"chainType":1,"messageKeys":{}}}},"BXnI5YsH3zTrzc/C8EcvhxIRtTUH7zsCDbjvtzN3dCJQ":{"registrationId":151,"currentRatchet":{"ephemeralKeyPair":{"pubKey":"BbYXY2xRy4kjbLZg4j6eBYl4dEvV17VrRkJ/d3avtvl9","privKey":"WCaF8QlFo4hqr/L61rxEPb/jC6ztaqQk993NWKwQuHU="},"lastRemoteEphemeralKey":"BWPWp9b/VDZcgtqOQCu70NOixpHmMT1FCruws1r1ttx/","previousCounter":3,"rootKey":"XuArZVsu6d1iQscWmx9OyzuxkJYNhmyJQGayjUf+OpA="},"indexInfo":{"baseKey":"BXnI5YsH3zTrzc/C8EcvhxIRtTUH7zsCDbjvtzN3dCJQ","baseKeyType":2,"closed":1742786767705,"used":1742786748686,"created":1742786743707,"remoteIdentityKey":"Bbp6If26SK8ns7yXtRnRYc1OCVoQeOdQc1WVbKs4unAI"},"_chains":{"BYmRZCKj3jtqiOJUFH+FT2U75dHVAW1952Gnt0W+LokF":{"chainKey":{"counter":1},"chainType":2,"messageKeys":{}},"BST5wR+ldHZ1KuRjZlJ2vcCM4cLIeauKmNQ9qvywNw0a":{"chainKey":{"counter":1},"chainType":2,"messageKeys":{}},"BTKfFzUTHFUQOrvjYRugcdB3MkIUVkWRZTd9btn7FiQy":{"chainKey":{"counter":1},"chainType":2,"messageKeys":{}},"BWPWp9b/VDZcgtqOQCu70NOixpHmMT1FCruws1r1ttx/":{"chainKey":{"counter":76,"key":"ns3STF+lXs/f3WYrXUDwx+2gZoUf56xTwIbgMUgw/2k="},"chainType":2,"messageKeys":{"0":"CS73XhaY4Bka/s4gdEU1yrgj/J2HUJ+baNmLr+2Lq74=","1":"uco0yYi6DW0dI2FKuzv2ZLUj5xw3WJdK5CGzUxPL0gw=","2":"jhK62L0GLOKdNofVpFvuabZml2l+V4FJ9utJf2LH2vs=","3":"2JC6LK31hZntXNL18xZXpTBIATHye8z82WlKn1iwa7Y=","4":"Awv568isAXIzAEhtuAO2AdhbwmI8nroLfAOER6fBcs4=","5":"+EGAnevibIEsAxg3z+yb9nLSK2cW+dP7BlZjZk0h9es=","6":"5hO4k9qe+NjnxI0FfzJQP0c4DP4c4676ik4FTb1a7rg=","7":"RalY4JFaISjRdfSdXiwePNopbvUtDaGV0QQChGxUTOo=","8":"sK0W6DQl76CG5pBt1ctgxSJZ/7ubx4x79MStFjT/zNk=","9":"3CffpieCgF+QlSWYr/Wh9PvEawzSOgCxl52a6UFzFHs=","10":"qwyDy1vR/0NcpL6OenrP88U0Nsqi8vZi7vuLMh3gyqc=","11":"rmGD7RhOrZKTZdPEXwqsb/iFUeeEgowvkom1BWQCdmg=","12":"9LLxP9PDMdy/8zEwwmxa+cBz6tAUM/6ngYvGwG98PEk=","13":"Est3TFunlPMPl3kY5jayBYzb4BuNsKTNURIfURLjvlM=","14":"043uuFFPIxpRJut7xSswgY50DEuUlVQkMMlU+yNV30w=","15":"N/kKxb8UUMVbZQOuFfymHJXbm8DCp8BAC3wRAHwxGb4=","16":"CJpAiMtWvAUKSkYbMWUaJkkJIwXyt2OafZ9392h7GLY=","17":"xQK6JMjjjrslCJb8xTjW2Sku+BLwdsTrwHa8CPkOoAo=","18":"yPhXGBjIK0d1XDpPaUq1RAWVeWLDqAUwe+CMa6pY8vA=","19":"rcHPkw6btEeNTnlF2rNdQyWeTgrf9WwDnfQai25VoEM=","20":"24cH62CJpp1C3A39+8V+Rmlk5k/XcCDBKMj6Vh8yfeM=","21":"pAOQ8EF6mh06fc+LxPenWN0dce63l0pRAzeQiIMRj3E=","22":"8kco3q9mRZH7zJE9CC/KusPlSVYcHQ5gPIoRc35lXCY=","23":"/mHAsQEZKOUCxFvgATq99dxCcxHan/U43r5aryFhJM8=","24":"g7dgsyQHJPcYJoNSTkNAXuCFglvHEsdDsZ/l8MOh0HU=","25":"ntKfwMZD7TWjwilBvTO3SBcNFh/yM1oQ3YV9IrYmOLs=","26":"wdZUtRInCaNEIkxS81oNySxylu7k2zTtbZENOO37fI0=","27":"Yi9aL4+GLcXGQvBhRBE8P+F2IT+PCvZHZYYST0XJe3o=","28":"LnxQiOIISm7VqKnfUmr5ibYVptNJGxdcBcbMH6EH3Ck=","29":"zvLsvj1AbukqckDnusFOYmqu/SdhjybGyxGtwkwyb5w=","30":"0Gd7Its3Nykd0mC2CITN48BdkRSWk90JVzO+p45XnJ0=","31":"nLW/Rj91H/KShMQHHbWw3r2YbHAX8TMooqb0+INWw5M=","32":"zUEWFjWYDQkQFkGazwMz12t9KJy070a5+syJl88JRzQ=","33":"5xO6f6pjO2kHsf4AAQyb9fIeUu8MOfG8l5RKNkiob2I=","34":"C/IJTogXDvlciKsO3YEU8XUN7KA9g/X64guvkQV7V9A=","35":"zvpwmYefLGkvvJyqPhanOxNEwlmRVTTHa0K8y9ujAws=","36":"WfQnJyqdMWstNEQBFJb7KB/f0QEWur4U2BXXU5y0GeI=","37":"vZrDCNFXZ49dgYKCan0Lyn4uabiooehWfXpwsNHznZw=","38":"WDX83JUASdR+XMRhsEqt2Guf4M+NqnmDScfqJvFe8h8=","39":"UFyiApQB88S8J4nuz9lzJqOXwp0paqvDfOZk6hFwTT8=","40":"hHubLjLTgUuKoJ4GZpGZSWsFQdMlwLtearCz8yQekv0=","41":"mfGy5rQg4KotdTlJ0Tg3LWo75hh03EkMXHljd+gLjlE=","42":"6ekRuNnH49VAL4+zsWyQYjZh47HYyfcuPNJO4K+V9sk=","43":"+m3SDQe/tvBWHJrN8xZ6ztKYuCCSXluloV/zmhuEUTE=","44":"h7W+S730T3WyGXJ11PR/J4Q8BGDAb9EaDXx1buxo2dA=","45":"hboGn15Ka3PVYskLw9M9ojAr4/gN0ynuGjTBuVgN19k=","46":"86f6rRQRzVQ2z+wraNh++rHNucv7eaLqV0LKck1+69Y=","47":"GVpQmtbixH9cY4nUD/E0Yp6BoO0vIgvjk45759BY2TA=","48":"/C4K9JQaAleKMyV93sBr3wFaeriCXrt/bm0CyeKZi0Q=","49":"OPjjS3dsVbHPIt8YjDYx5S+uMAsAyjWTs58U3BqLiFY=","50":"qjv7YX8+fAzfQkKRpVLXSQP0J37f+TGYE2jhXIuBOX8=","51":"alsJQcoevkeqGfIPUsjVcbQtVpoUt6Lm12sCqkR6R94=","52":"0rXv9BmJCBCqft6z9nn353BfIUzJlsR7tI5U/hSFHGg=","53":"Rhp29+E3THlJTmQbPRSzyYVzIHEGsTuBsIKki56BAKM=","54":"lnWDDUlPINS/xMNgJRhzgfkfXyqaGU/ulDCOxFL7/hQ=","55":"kwDpLi7p/5j7Ui/kLR2vfSYtF1f4/1J/XZSxbqoZdqc=","56":"dYuLnT/J6krIAuM9tUls08aTAxS/rgZXLRBe0BoQyeE=","57":"mcTUcG+f2u/WDKBXoaZoKMKJuwb1HfGVx1CZ3RUMOwA=","58":"QcJcVf/wDUM1HWbSkmo2ZWkpiahtBZJQJpW/avAEErw=","59":"svNj1by+7AWWqcxY5kLz5EAuaaDqCGWBZMSi1lDisWw=","60":"YCzJoURSPlcl7C7fSD+cQuqmPXXDBROr6f4mOvCzKow=","61":"uOeWkn28FbK53+0CfwvjszB4X+uhb9jjPxlm9yPfbyk=","62":"lXxBKp1gNSx+SsHi12+cz52Hw5slWYwfxfVnglmPoQo=","63":"lNy+CP3JqwfwHU2UsBgWyPo/k6YGQUTvfxRp6Y1BAHU=","64":"/NOadA9JhfTpJDjL3tqaeCb59wfBKH+E7FtzFgjCxvw=","65":"znI/M+nzLWTnWluEloNHpnXAQmip6C2tb0Esswu4DHk=","66":"xi3s+E1YQNi35IqaWea5FZosiGiDQpUwKGYQW1Nbawo=","67":"V9jnFHqK9rjNYxKSi8zjCjyYJosqdPUANNJNgsubxDc=","68":"fAeeiQj0NpzNLPCzrn1ILABV3ELAgFXCiHrmaC20uyI=","69":"iRF4HTibudYeSoRokdJ/zqIDOcTPjdp5vBh/7r6OhnU=","70":"PaCXvYw0zhBf+sRVoKdUbx+7k68W8jv69OnCR9WxBvs=","71":"Zg8MbkiPUzx53EwofHuN3XY7WVtdaKqVQmX1gYlz7og=","72":"nfEFsgcHQd16BLtb+9xRdkogd/AbEarkUSjrx6HRWHk=","73":"l1lR3eS8vmDEUt1dCTZjavU5cWOKrdQT1djMlaXEDfQ=","74":"iaA/jDwziPOWu/TYziQhBMsCpxjIJL5gHUR6KxPEJwg=","75":"WjCXUxFXh832vMU4DSmDKKS9slfKKMq9h6lBMDmvOFM="}},"BbYXY2xRy4kjbLZg4j6eBYl4dEvV17VrRkJ/d3avtvl9":{"chainKey":{"counter":-1,"key":"604ZETO9w7RyxuFlgTicitjjdZS3U5iwbUqqF26e1eo="},"chainType":1,"messageKeys":{}}}},"BRovdJ40U2/qtKHCck5Ar+lD6fRFvRLH4Ekg8LIZmClF":{"registrationId":151,"currentRatchet":{"ephemeralKeyPair":{"pubKey":"BXxAIrZD2C9fekj2+XokVNnrkAv3fzuoFyty1nyiD+9f","privKey":"QCE2ibFXGKUjJNBqy0ElMim+PhW1/w+mJxMSxz1IWWg="},"lastRemoteEphemeralKey":"BWPWp9b/VDZcgtqOQCu70NOixpHmMT1FCruws1r1ttx/","previousCounter":10,"rootKey":"RlDKhxLyUgHTfanciEJ5iVOtNeXdEYvuIuTYPRcqNpU="},"indexInfo":{"baseKey":"BRovdJ40U2/qtKHCck5Ar+lD6fRFvRLH4Ekg8LIZmClF","baseKeyType":2,"closed":1742833887181,"used":1742786767715,"created":1742786767715,"remoteIdentityKey":"Bbp6If26SK8ns7yXtRnRYc1OCVoQeOdQc1WVbKs4unAI"},"_chains":{"BX1yOAWA31a6PPojRZ84+lRE1N42eiNM5MIv+fe2cYwx":{"chainKey":{"counter":1},"chainType":2,"messageKeys":{}},"BWPWp9b/VDZcgtqOQCu70NOixpHmMT1FCruws1r1ttx/":{"chainKey":{"counter":76,"key":"+mX7rVuoY9wu4O17GJYZj9I3zsAe+Zm1wpKl+K5frPM="},"chainType":2,"messageKeys":{"0":"aErTHfBZ0iti3hUVfAev15jhohuRFIz/ACMKhATn3+o=","1":"hc1fBFv95neYrdj7qR8J00EtpPJzBWTxuqcPVCPzVMQ=","2":"kZD4op5rbwNMHGz0JT1CA5l4nydRrNpIgEN2sdVIX5Y=","3":"oHaU3yh85lqICtv0Jwgsdm/UwXrsDoKuxiLxwXn3qrE=","4":"bX5v3mpKsq9wbfI78jsqA1xPTMzuT8Jq7enOs5iCnR4=","5":"OaIhaRfYvXCg7iOAfXmY1RHQC3v5Dew+UbYkQzYSWNA=","6":"oIJPym4KrWbIZeu2cgetukX0l6mg+4idKeNNaBHHnwg=","7":"WD2/ONQHgg9iYpqmvbNhtSXDXD6tQgue+cTEqPCpiRw=","8":"mnqYYhPd0lBY/YZQtU6ZdNPucOxG4ZMM1HpSSqSo6sQ=","9":"rOGzDxomMoXtmTiJGMwngsJjhV5JuZTH8FCGdjHwye4=","10":"pHsKuVf6jC0gVAX/omsVxtZ4EHlR1sTCl9xaTu72uxA=","11":"owIhw2JYBBlNFQ8bvZNDijhWpics/gi8u+DCu2oNIcU=","12":"hrYgK53kedNH68bzsc8OZ/ZZR6tZREdzg1HkE7739jA=","13":"4xBqunAhlHcXlvBgYKH5QJsl3OhXFW2p6OTfXDdSJHE=","14":"QI5lSa35mJAY5REJryUdJ7Oaf4VXsYQJxLVt20I5LR4=","15":"GEGR07L7ppM7AdNYazRXEx4aFBtKaFYKGtsdqZMJs5s=","16":"d4NiMSRQuKGO6HJTzXJOubmtEMBPc7T/kM1KbxOd7nQ=","17":"g7YKekRXXWvx6uiHxEXUYAKjjOqjKRqw30pZPks4A3c=","18":"mUyF4zfJCmFYvsqWlQcQ33lxWDF/3B+XgOuoGCD3XJE=","19":"WAm5xIHmu/vKm8cCKlX9/qxj1NQACMk1BXRE27yl7EU=","20":"/h9v/zulQ9Oi3PEfN9Gzzqv1QIAi/oSVc9X+DKol9ks=","21":"pWxQHpKbFiXc7hMQ9qel+4OK8YHJvLYbs73zQcwN8LU=","22":"kc0z9QVOdrt79Wm+uI/PlbdyR7pLeub83836jC9FQMM=","23":"HjgxjKaK+8sNF+Jz65XqcBMsCTbBIafWzvELpsBq4K8=","24":"amjgblfJppxJoVJfNg9vtSeOeZr8mjGLeyRZLZb13yQ=","25":"yF0mF6JkzXOz3oqPuFpEpeGHK84ehIyG10NhflQQVDU=","26":"Ck39HkTbl/As+4aVLHAp8ZB2oUCCxA91l/Cxd3psS8w=","27":"5rRk76StCKjn+iQBO35wc8QlAq/BbxXUf6+1CkTOWBQ=","28":"8BTcP48ZfPwyMalgsP+MQTRwV4zmOLEDBlicNDjusQU=","29":"q4u6fC8NhXBTxrxIASa4Mf0/q/E6OUCBlsWFahZWWNc=","30":"ehxosdVRTKyvbDVXF87s3JgbHOO9au6KBerEzynILv4=","31":"KG0n47HNZ6FoPVdKPkCUY5b9b2iUPkxWGKt+rviCp9o=","32":"RwWXFclP4shn8Se9dzw1tp12XHWeR1sUwPsNbBswZC4=","33":"+u1HENd0BjztGxl5/qzA01q6BBH9YLPzmm+9TybgPEA=","34":"daPWekEjbvbRXga+o50XxDuyIyTEf1BuP1wUTZz46nY=","35":"BL3I1DjGbKV14EE2Ou3nJrsXcjgwfJQwBD88Fx0Sbvw=","36":"Z1L/nKw/39B7GVNxGSX8FqsEybNczkUc6gDMtk849qc=","37":"zqdgKMqouDl8PY8TKfrxkW/AcvGhUeYpacrOTXS+V/U=","38":"rOnx+9el6wnvHKKsaIdEGm0qjGLN6A2EXbVs42gyYM4=","39":"5DZ5wzNzX4dqdCpW6D1D1/S6/4vRLw7Wksi/IMOWqm0=","40":"bHjNXWbI6yRuBi+tEIvql/LJZlYnVNqdyJl9RdL8vMA=","41":"adOvpEFM+ssWoR+/VWJ+oZwm+WHEy9Pn3iN/SWz8BN8=","42":"tBGxSQZG25Ku4eRRExRcF6/05ZlK3AD029XTuoplHaI=","43":"LjVc2FMperbw1ZOaQsg5ZbF0dpaWYQo5WP6ahRYNvDk=","44":"MD1PPJUIWhUYdR8lANXG102wonl/aRlDKZZAT2g/qOY=","45":"2GF1TUjgqNesQ1+1MK8UzA/gJnX0xg5rH7lJpRJumXM=","46":"zEEnRjkF23C1ZrPBe1YzVLpN/X1YHlJldZ6oQMLdqcY=","47":"xCW8w6Ys26cN1k0ZfUOj+vOptlWwdXr79R6DF5G1xsE=","48":"wIG01qe6pg9+nefuYzJXJwwHSwsm3Dvx6SN8azLRYoQ=","49":"ZFNKag6umR68rnTgFp7RgHasr2jgdLOVYSsfHnQ5rR0=","50":"0zETCl5TMhGx7OvQdO5HT8Y55S2qSDilVYuMx5Ok/XU=","51":"vPFWClrTSCSHKQX3/qftQpEOb+aZRjg+BRZ9anjNXhU=","52":"lL23DU3ETSQQtRIzAmv17Deh0bsbaioiaRNF7IX+yDY=","53":"wvfz76gph3X+1PFt2rHZ0oYBpXK9Kjd++zPfivknWp8=","54":"4TEULOLq47YRGrlbHkZDQwbh9hBFIRg7I8yQaHzt5UI=","55":"2Qogj3fuW8Fgrqg3N06XD3JUZcpObWEXGWs32Z39pOQ=","56":"sNj1bE9W/x6Srlna+gjF0+3T6fBu1bKJ8H9mYceB4ao=","57":"iNL0gC724tnvBCttlf4LHl92/4MW4RZtzB2Rd1fXATY=","58":"wxmaZ17MhkNSUBzSpgZJ6PFj5lMPnKE8SzjbjZ3Ynco=","59":"zuknoWxps+6LGf880n3TjsYejIr3DNjL/wo0nL+VGqo=","60":"OxVLdPI7C56JkVZKF0iN1/R2b5AhwOMkpv1dxA9BxNs=","61":"xumIrTm0diEKxd999mEiZVGoiFzTFZoLg6QQRKlTkhI=","62":"bMFMPJqk9lwsuLSxGC4A6rygSh0rH9L+HDpAlBKLuaI=","63":"sJ/uMStQguBUiunBkqXL0RpVDepuqWH2jZz++QVRS5s=","64":"a87ThTKtIQdQZNhSF0osGlfpoa6zM29vGbGxA8RWukY=","65":"CDaF6lHJMDU1fQuzWje/qGiKHFWmh/NkvWqtRUoA6JE=","66":"Mup8XnVVVcgu+HUP/BD/7D3kL/4s3cUOehQbrJgVU7c=","67":"1C8p0cEpArhtFkA43lTRD+zcMztQkC+y/ktUzqtaqiM=","68":"JqtE2RjEKgMx0/Ek+4dEF8NjaGRPFr4pKGt/Pqehuu0=","69":"R01lDhnulTZfS6LJe1VygZ76QHG61WgYFbixvfb/Zgg=","70":"VaU8GNMX///8RhrQm4m2atBGvyDBJai2CQKm668Mb0E=","71":"YbcosVXAOed8GfIaznqk/GuaEuXy+hzknLkkbJnt7Is=","72":"e9RnkaP8jbhdhN5ftT/5EjfG08hZ/n1YvrhFx+WOTdI=","73":"HS6sjoYqq4ykTGn1Q9zDjoxnacldZZZy6rldrSQ5Z2w=","74":"aZCw81FXh1pIGlZn2KPl95b2xb2CJ/+9GPOK1RC4KyE=","75":"0mlf1M9+p3A2j2WmIgGHTNreWG9xA0I8JGA24UqrlPg="}},"BXxAIrZD2C9fekj2+XokVNnrkAv3fzuoFyty1nyiD+9f":{"chainKey":{"counter":-1,"key":"IRsCP82h3BUO8pTdBjkOT8Meq6VR+FtxQvp5xyX895w="},"chainType":1,"messageKeys":{}}}},"BQYO9fRA7fOO/ZUcS9uSj11TGOW6+a8bJT21pvJjev9V":{"registrationId":151,"currentRatchet":{"ephemeralKeyPair":{"pubKey":"BaEk7RLEtHFLx33ZCc3GVUT9GFtNQA2b+6dyzupdt/F8","privKey":"wJY28KENgegSBRWfulLnfgdDNJIv2BVRCCatvTGw+mA="},"lastRemoteEphemeralKey":"BWPWp9b/VDZcgtqOQCu70NOixpHmMT1FCruws1r1ttx/","previousCounter":18,"rootKey":"Jkfe92YzbooDo9cWicnNhNqZAYRX0TxU1zB0UroMH54="},"indexInfo":{"baseKey":"BQYO9fRA7fOO/ZUcS9uSj11TGOW6+a8bJT21pvJjev9V","baseKeyType":2,"closed":1742865429734,"used":1742833890441,"created":1742833887190,"remoteIdentityKey":"Bbp6If26SK8ns7yXtRnRYc1OCVoQeOdQc1WVbKs4unAI"},"_chains":{"BfLZt1caoOQcSmxidl/5ptyjd/7Ul1TZgWeFd5lDO9Ub":{"chainKey":{"counter":0},"chainType":2,"messageKeys":{}},"BfuqLs6e2B8kF3vVmV+aZJmlXzlGTG9cBozkcLRVkgMk":{"chainKey":{"counter":1},"chainType":2,"messageKeys":{}},"BWPWp9b/VDZcgtqOQCu70NOixpHmMT1FCruws1r1ttx/":{"chainKey":{"counter":76,"key":"ABc4IA10i5qix763UnGkt7MV+XqA/ydQ+O0AU20DIDI="},"chainType":2,"messageKeys":{"0":"/xRGWzEqBgPltQtnPE/B7LYhBox6lPKFhI1EGoaMfnM=","1":"PiQvOSYOiCmlQmFM08lL77z81lO0qHRyaBl0zUXZSOQ=","2":"Dm161kr1NqhykJYJIkdCYiG78VtCZdhkC0pDT3E0M6Q=","3":"Lj7a1tt6k9S35LK6/Yf8vdw1aK0ZsXeUJSjqnHgSfwE=","4":"HRNIZxFstu/5V99BwadaXNtRcvxrt60HsjVe6au2/m8=","5":"MunJCml+IRThCKPbQ4NFbEx3PXfqx2i5YdqT6lE4CQQ=","6":"qisTcrZ+6iRiu9oYwb3e4vPc6CA/obAUfB/esGGzkBc=","7":"vXirKys2G27/DsLEtjlpmkpzGQ51ZVOt5xRC+mfRAPo=","8":"++MfQqendDYc7sS6oIDglMsTZpZ5nw39Az3JPZDyeZU=","9":"uAR0QlB8Gf1bVgGAw2gLU5Bkb5y2dcXGH3ZIgS4Iqu0=","10":"pIaIvJoSZlXO1G9+DTH58Y9a10VIsSja3eENkP1C20k=","11":"PbTomj5marzfwkkA4TYddEwQo3fe5Vo41yIu7mcdsTs=","12":"tXBCMh/eYY2P8MemR6ji5Q44yUBycKf6mLt3u2lXLQg=","13":"SWDBOIpks9Wvm7QGR0cCxY9p/ILYTUxl+jZAmVWisvA=","14":"5exDVFX4lV2tm+wprB5fcGdsDoJlzctpgsMiEDUqkZ4=","15":"Y4aAjFDIGT5K6aRkDn1boC2D0icNMb/M7+r9MuKt4Lk=","16":"I3/LjMDue0xNvGnbkrcePfB7Q0NzmY9dvNYu3ZTOxgM=","17":"Su89G8okGt1ZbpuiPnADzbiIMJnMCpPAlkmIhkCF6nk=","18":"Q34hCG6ESFDj4B4f/nJ++pO4wAJZ28voBCXXv8ue+TE=","19":"V9YA28fm4KIlX4811OIflWCkLGRd0vBCp8WCk9ny1rA=","20":"CCy15Sv6+iNQVuUL9ogMSuwz55JWbR57LzGwCYfgkuw=","21":"fqdtoMni5J02laY2ljcG5rf0Ryk4mdsjXimIohBIewY=","22":"uUEjM7WpzKOqzx6POI8Pub079cXY44y6HpojVO7eJPg=","23":"T7+Xz8MhJshgzx9fD8BwmHZaHijAV4xpm5IrHr4XmdI=","24":"pxXuqzgj3c+n2tteTwhOR0pkEw181hwUD5CCA1dZdzI=","25":"8mLsAe1xldbBcQqh4iHtjt8t9xrx6cxC3IP8oxMIk40=","26":"/yLVT/67edOFkLtHskz+H4XEuGK5v/K5W1jXzO7NLK4=","27":"KdSOEv1de13L/1u3JkeO0lFn7S2CUmI9wvuSbsar6pk=","28":"69b2wGMjI/qWy9j90gYI5ecuVCysnFV+h705CJp7JXs=","29":"Rg0shZCqRofwUUWuraIh7lCXPwJE6ZfBg3xdmCME0To=","30":"GvjOj88shpv5u5DWb1qwvF9z6wGDmvUfOXG/xCGJo9Y=","31":"g9OfszDQena0sq97wtgmYn3Tu4uc5e6/7AkLnlWs8M4=","32":"HWWS+4OhX/8nNf5HrHx4xIpLKGSAuSVgx3VH+Vd3KfA=","33":"wv3TaYakvhAcCQdJ7UPvOKy2mwWMPockdV7WALfTvQU=","34":"zxiThTbfXrQ+V4qvaWhtHR84RIMuCsFAw7jxke5iyPs=","35":"cSDsudV/TBqobaU5+R0ZH+W/rCYSFw9Y4irWgUj+WG4=","36":"O4e+OfJTQSN7SIGU51YDZi9pphvJGsrbcTuNeVEswz8=","37":"zX2CXeUkfeRfRdyZlFhxBkeeEF84TYJds5eoStv/Op0=","38":"XwuK4mstomE8ELPg3tqcY7qNEnELQVnLI64gfqvhQ/U=","39":"k0yljxwt0B2wp6iYG0/yAsgihMgheQkBlE1SuWQmolQ=","40":"+NHyG9IlJ6CsvdUmmLuv+LZBts+uzvMOyEnfKVp+e6s=","41":"9+vbxXHOIgHaXH93TnxYR+z+XxFMt/lGPGEKqXjkgKI=","42":"6uovfPYghWOgXr2AKHmhIx+01oWirlZehJuSAm0pk78=","43":"FF4WIY4NrXx0IuPgadyo9ZWUlTxeDRtZbaZKQpJ7sSk=","44":"+uuTQgnh1hd3OlwEQxJjlbcsrHCVmzdFpK/NXbuog6k=","45":"uhykKwc0NAatcfZxvYn4YwpdS07uZ++JUBc4YztJYQI=","46":"gpNmTz85KIs0yEIzwS4riOmF5BCSJSIt7QMMLm36mWU=","47":"0JwaWNKiTxawks3BqxZr8OuKwrxzCNWb2bniuhdo0ws=","48":"MHHtf634feoq+bZBPonkUOsOZaBCeBAsuZuf1CpMCMg=","49":"ZfJGsGAMU2g+4xddvOZw2Fwsi3kfqZQy7iGEE/WohG0=","50":"9FIiBuooXlLCqcJDvkOFt/jw58wV5vks5Ct7l/IGbbc=","51":"iU7pIOvBqVWrDC3n7GkvUoPc2udigWNL+stziH3M2IU=","52":"jN+8ywRLkRvdy2I65MEU50kYIOpMDTUMLRTn1rv3B08=","53":"4sxswF6w/hi92lJaLy4XTJFn9y2A+cbBdbj5kpy87pk=","54":"0KrszIHatrs9c+ydgn4c26pWCy4PJtw2H4Ekw4yBgb4=","55":"ZYg9LgBmJfPtRC8YIXaqS5z/8p77dk5SSwXpfjYwuMs=","56":"PGOfXBVxjdIaKdp0rWi00VaESkZFDOAJLzXKuS55eB0=","57":"/vU9X/W0pP8zklJ4BfIPgZuhXApJ2t9kpMru4wDanB8=","58":"sw21m8zbbhuPHo/c9yWVGgGtLirHoHnF23KbkR3VW6U=","59":"0scWljoQizjfu4aTDYVckIb9hOWn+PogjYsdHPuo2zk=","60":"9FRxaV8Dm5mynTikGpmObPc2Lb6Ebpchr4u862uCPpw=","61":"j9ilkhkpZfJPXZli4UAz0d4uAVqAXaqfF3GrHPXcWRs=","62":"9ZGjkkaAVWjyGfW5z5BXIrc1P8xLVoimq9knZ4IGS3o=","63":"lnJyvgkEMjZoit6XxAN5QvcF8AhJbngUWPmkeymtLcI=","64":"wXQunjcrMZiGYYrnfc0tf6Bx9UfHXN35RyyIYhS6Zwg=","65":"fBiY/0TWLrEkJSejnpAy4b+e75AadAzLPYJwVDBWtbM=","66":"0spZpKAhjUdGM3gTIzArz0Tu/xndYceMgbc5T9Plq/Q=","67":"SzZuE6hcEGE9okOmNweVdevjD8oC0OsV98xxUhZ22bM=","68":"008BeCV3liptVYh313wzVm1hDFjpKHwum7z6lYuZ7Ug=","69":"9bLHMu/0AtC3HYPP9BGuexi0iqm2Vjxn2qlUuquEeVA=","70":"SCP7y516M+nSo0Fya3geIxxxQAeqPSBWHWt4X/tWdIs=","71":"56J7bI+i4x9Ba6f5dQ5jpIBNLyGDkQHx6n12oP9HYFs=","72":"wiFKpAR958w0oy/Y0r3zJsbrZttyhRfAPfsxr+UUOIA=","73":"5s8sRwyNeDieeNCy09B/tcOYyEquRDBxf3ZCrW+aHFs=","74":"mgGJEeHZDvH4EZuqEJb7eYF25ngcatmMmv3HYWIw4YI=","75":"5v62Rq0KXVy24k1pTvdduOKygRX6zh/A5yzJMxf3mmY="}},"BaEk7RLEtHFLx33ZCc3GVUT9GFtNQA2b+6dyzupdt/F8":{"chainKey":{"counter":-1,"key":"tqOo49fydWkbG8QBOemOVBa3S+ZxmBNRAPnwy4lxhlk="},"chainType":1,"messageKeys":{}}}},"BbFpSaBWqdWS5b8upwf4njGPv/dz3InXzZRJNbo5uu83":{"registrationId":151,"currentRatchet":{"ephemeralKeyPair":{"pubKey":"BfCU3MdGlOhaDpTYuk+1XuazT0YpPyCrOBaInc4tkNp9","privKey":"+NHl0Mx2Se8+nizOtlOb6LM/sa0k0QYMKZQmH6UtF2s="},"lastRemoteEphemeralKey":"BWPWp9b/VDZcgtqOQCu70NOixpHmMT1FCruws1r1ttx/","previousCounter":1,"rootKey":"LMA8+qaxqhXe+lY8Gq5WAVsv1hyKeG8yHaddT20NaZE="},"indexInfo":{"baseKey":"BbFpSaBWqdWS5b8upwf4njGPv/dz3InXzZRJNbo5uu83","baseKeyType":2,"closed":1742865434990,"used":1742865432980,"created":1742865429744,"remoteIdentityKey":"Bbp6If26SK8ns7yXtRnRYc1OCVoQeOdQc1WVbKs4unAI"},"_chains":{"BUnY0/RZbKrs+9E+MVu2mU351zuTFbsafsXqVOycPKY0":{"chainKey":{"counter":1},"chainType":2,"messageKeys":{}},"BdYdD8l+OOPmkJQxi5pzueGkTXjC4Sq5kMxj93imN45T":{"chainKey":{"counter":1},"chainType":2,"messageKeys":{}},"BVIwtVhjdTYuuxwbL1c0pMDjK/bcJVbYN0zgdHMkUDoK":{"chainKey":{"counter":1},"chainType":2,"messageKeys":{}},"BWPWp9b/VDZcgtqOQCu70NOixpHmMT1FCruws1r1ttx/":{"chainKey":{"counter":76,"key":"/aR2ua3fDOLB3xKPbsxaE+uzFxUeRAGhOqltRKMqGrk="},"chainType":2,"messageKeys":{"0":"Kmu2gWd48CU9xUBiERUztzQZJOoNbig2c4N/X5kQWFk=","1":"e8l01ZgouaAkXBUX9Lgd9jBGZ5piDbkmQc6XTUJYVW0=","2":"dFrYfK8VQF8+GWVYQoCQv+TicmQBsTO7e6BJZTVMXek=","3":"Kdnbh26mureY+ht8bdjOFG09x9Ga6lm7l/0yX/w4b1I=","4":"Gcp8VOTp4eVTyPTPfhgQON6yUbQUlA4uQHq2ryAyqbI=","5":"FoeyeQU5NZfZSytZO0fJhdslhFdwoGDuPLQMC3Bw7Ns=","6":"WFWHwxQvMvmHGWMyIS1q3/bvjwn+oReA8p+M+OB5XOs=","7":"+5R91TgbGmLpYv4Uv9h3YmW6X7ihOpB1WtMwi7fBwhM=","8":"HAMwS75W9lFLnQfDK38b2l2lwE0f7Fy6Xcp9yrKxVX4=","9":"fmbChZxPu7A7FD32zGdsSIKFmkoTaKEdGdG+vzV0iC4=","10":"eY7bHl7AG04gl9sPmukTFOwrGeEOHlUtbNylS+U3krc=","11":"ME/s35B5rLGzllXrfCg+vdRAKEAGpDEh02BH/9P0k4o=","12":"ehXktG4Pqq9So3HW58YMQy4SxruTkWQb1JCXmPVu+sE=","13":"Um+cameFTC+Cud86jl3hx6KbQ/duCS6gIN2Vr4KnCJs=","14":"Z2XCyxSWaRdOdpBN7SrLvYVJ+XGw5xPlcckAUgDmvBY=","15":"ft2wlLHC4jtCA4pPY/dvdNLzpjGY0gR9OhkCp5RZ8u4=","16":"bRAB7twRcbKVYMqoqB/HuJxcL7DYEwSksMkQ9CrngZA=","17":"+6/FapEFwiHBZBhoJQ9mkDJJblGmjq96ShN5+6qBWc0=","18":"HvEpeXTEGeMZzhty/JaFn4RQeICrsYRwKQ0kXeFgrms=","19":"KjP/aCpRFQQFNAPJQdizVrE1nXkRkbNVm4t+k9xgUPM=","20":"hIzvd1BaOQXGZF4M3bGQ3LJrYSo88dP+ReLDrjsuPWY=","21":"FZ9n5shnD7Q2T/3JjWtGBWkuoDeHkJdnRJp9vFNbZkw=","22":"hnKFOUfPjJLAgmWc5OvRTfpvuyXVPhT6lJiOlK6hgAU=","23":"8BA9nUweBDfIaaOi8QQTBn2VhoUA62U+ulYREoRl3FQ=","24":"9BT8rgFGYMnGmkcY4xzQ00ueJStGS89SYEVTrxnl+5k=","25":"n4oExB6RhdkmXjsPUcxJvI+OYDgoYi6wCXJgEXdMyh4=","26":"sheEJg107vF44cWqEMsT/OR7ogy5uV7agaWvkDp1qJc=","27":"0rhptdg2Wm7WODN/apkdyoEZ5SvKJP2hA//i0FZGlpE=","28":"atpV12A290D2P+aJbiIPA3ZKdMZjTlE1t0Mhn7/4j38=","29":"xm+3DSTVJ2thl0Vubk1bldAgOVBvQw8SAVNTRDvEER0=","30":"ILCtXMLckXP4FNgLGVR5ZUV07m9UBa5NKDQJErZfE+A=","31":"Gf7cOne586VURPSdfUhw449w8acriezDR30KqCFvtWw=","32":"E6PgoNLdRDlBjX2udMm9/Ee7K/r+z3zyAuaZ6jqi2KA=","33":"4RBiAKPKbZypJww+cAGoFzs8xyTPsVP0OzSkHwUxI2s=","34":"+u7Z3bONbGmqS9tFuizrA1ZX5VJtCX3G5yYXVE/Vt1o=","35":"S4XqHSYrjxNodDUFFwUlSsCTIaG4PuG5kVmqqoXojiY=","36":"bvAPeKf6vEe2/vmYxsiaO9mpxzvjo17RF5+RTpczVRw=","37":"/4mWSxH9iRVcwJhFbrlB4129DBZrBYfwShDgKm9Nh5U=","38":"VtgyqE0AmjYInkS0eoO2oTAnjhrhAq7J6aDsB4hAA3Q=","39":"hSxdIdwkjf2MieU8wgEj2MAl0Sv+C7M8B5A8CLaeMrI=","40":"5XRnckW5VgDBnyjT9jTBH8+TPVMP7X/xCYBssWNO7BQ=","41":"sVR+IwPuK59AzwbqIWRiLcBjBGRVe8esvEv4M21PvIk=","42":"jIXke7itQepGY1zpje9XHJ01/+CxN5m0gAjFHHYvuZI=","43":"GpLNdK1PMyKt/3J8GaxxJzaMZO4Orscwr7cu843GFp8=","44":"moul8o31PUUw/WHQ/yOt7qqckq0eqb5zFSdWremZuus=","45":"CwEyXvr5fqvzCk4FUI7xKbN29G2aWB35tikhtGFVre4=","46":"qYSb43mhiEguaanc+VSn83yiAtbNIbDWU1LuixS8BAU=","47":"/adUIRjzIgVfD6GOT5HVVS32aYK6cn1WBBM/EcTb3/o=","48":"zjbUcRBaPJc+CBqu8h71INmJUEuSuEvPSz4pSf+5ayw=","49":"6ovkHv4S3sc4G/Pvrurn7J7i5Hq3FwxRP6TnFgwpQrE=","50":"6HiybYwbNsRLe7dVoPzxPjcXxloOfXwBdpdE1nEv3i8=","51":"bxPtI1m53VkOtZca9xjqgVmM3H8cWOoZsEDAe+7qLkE=","52":"0sQ/UihnI7nHr7O/DgMGSd2MLOMPOQXtwjL/662Y5gg=","53":"+nTIbEGNTUAPn+CwT916bPEYqycFHIWwngtp6ypef1c=","54":"agINpz2LUR8tBvd1D2qgbSAdmN8qwqDyJwR/l4p/g2w=","55":"SkCJiIhlUOCCAiUwlttEWabIkAZIECA5dgrYCqkJjHY=","56":"03eK4DLBRcte0XiBI1ZvVjBR8ymdDbkbh8m8aYfrghM=","57":"VwtBEdva28C/SPHMWiqhEG4DKPSQADe+515YMaq+JWk=","58":"sC0lVCNHPu3z5iKKVnzJvfpmYQfm2XSen9tb+otbmqg=","59":"VIOoeKPyCOW/ijxeZyIRONfKUgie64s3xjbOhWpuODo=","60":"oIuWAKpTjmyW6MhHTjCAsKKYdprUnF3vbsvEiF2Xa28=","61":"oUmmPenpGn0ghdFAPrBwCChX9XT0bk4XDdXPiy3c36w=","62":"eoHsN9b+lAdWOh4LSt5EG5OrurqcVoFrfgK9nNeu2Ag=","63":"fUfv+RdUTdQyQ1+GfR/blA09SFU1psLGzCkL8sJBFB4=","64":"uPfYSuMUm6/nsLrSJ2ctahbGO9FR0ZU59ZQNpevD7Y0=","65":"FYsJuMttL6umLdbgxWMgURoZCF+uI9MJXp0+RHp7lGQ=","66":"FGaDRmyk3gzgV1ZLwzgV3w99rApaSOb5Yj6OPswA5gA=","67":"WAvSb2I1HoWfASFlStn6ts68iooAbck0ogmiFGOxxsY=","68":"pQKY4QAfh2hfD/vObAi/Ghvx4KSKpyHFK38i6osMcMI=","69":"FAzRJSbWy5QRueVMaT9vBNg4XLR/p3QJ9BrMBQO9wI0=","70":"TyG2Q8bMZ9zJJVn8aaTEVVmzUaWiP6jOKdQmO1KQRmc=","71":"JS3hDaM32wnNGWVZgf6m+JBN+qaMgJP4B3Cy8u0OMDU=","72":"wvZaMjRWLghYH2+PtVgmBwpdhw7e0uuTzFQeo3qJfjo=","73":"JsevJvP7y11fv5oFKTjkLEeBMdfGDbMH7C6uy8NmWxM=","74":"J1j2MtDrWYlbbOAWbvRBDZmHzAxaTMm7KMvO8OBEvbs=","75":"G7Z6I2cZ/aFA21MjgkNbC2aVgvLrlphv0oWbibmCscU="}},"BfCU3MdGlOhaDpTYuk+1XuazT0YpPyCrOBaInc4tkNp9":{"chainKey":{"counter":-1,"key":"M/kwwuRpFyfG10c0y3PMecBOwhzLsjjevDyCZYAu95c="},"chainType":1,"messageKeys":{}}}},"BYBfw5GkJFu2/CEnnQVgANAkKMiWju5BzjlTgCLHgKE/":{"registrationId":151,"currentRatchet":{"ephemeralKeyPair":{"pubKey":"BWSogkLF7/959HHZvGP4Bpub4Mp+/35auAYMzkmxSK0p","privKey":"gN0ZP0LTg7u4UQ/ebAcTDadMkoj913AIpGDyDd2DHmE="},"lastRemoteEphemeralKey":"BWPWp9b/VDZcgtqOQCu70NOixpHmMT1FCruws1r1ttx/","previousCounter":-1,"rootKey":"KeAIVLc/ZlWJ3CrWs/gjOp6yr7pz1qtHGpkq5DhC6eY="},"indexInfo":{"baseKey":"BYBfw5GkJFu2/CEnnQVgANAkKMiWju5BzjlTgCLHgKE/","baseKeyType":2,"closed":1742982561670,"used":1742980469988,"created":1742865435008,"remoteIdentityKey":"Bbp6If26SK8ns7yXtRnRYc1OCVoQeOdQc1WVbKs4unAI"},"_chains":{"BVUzMmp+VDgtnK+fYMxknSW3bHB7+zLSrn3pS88DFhQg":{"chainKey":{"counter":1},"chainType":2,"messageKeys":{}},"BYRDmHiYOedb/3Rit7kYJTOuHP7otfy8dfvcWyf0c4Yd":{"chainKey":{"counter":1},"chainType":2,"messageKeys":{}},"BYX9j85e0rfsXHfQbOXInTFMhRyWmqhW64MteZmghWJc":{"chainKey":{"counter":1},"chainType":2,"messageKeys":{}},"Bdl2pSLe+opfO8ziOZ78/t0Fg5kPWXSwj63jIyJSLMtF":{"chainKey":{"counter":1},"chainType":2,"messageKeys":{}},"BT8v6IZuHLNI+k8bSCiK/bojH3AuzVYL4MthASXS7YFU":{"chainKey":{"counter":1},"chainType":2,"messageKeys":{}},"BfhTRv3wSHP2YBgqtyMVT6pswVpS+onYssUFf3eHXY8G":{"chainKey":{"counter":1},"chainType":2,"messageKeys":{}},"BRJlZ3RbjzLrtBWha7sobbV9vKmGuuA175G9Nv9GpyEk":{"chainKey":{"counter":1},"chainType":2,"messageKeys":{}},"BbO7WtcvuGDFJfmU7NsMIBd6f00u2dtNDqVXBnwWcf4G":{"chainKey":{"counter":11},"chainType":2,"messageKeys":{}},"BTdPTEPsL5A1XgwTrQNj2yxLAAR5+lmva6tytxadAWMT":{"chainKey":{"counter":19},"chainType":2,"messageKeys":{}},"BWPWp9b/VDZcgtqOQCu70NOixpHmMT1FCruws1r1ttx/":{"chainKey":{"counter":76,"key":"zY3fWPFUk8t9tc/EL/B+8STG98o2Tyu2+e6Z/Nlngd4="},"chainType":2,"messageKeys":{"0":"R5HxgTQYlAFyeojl0ozCCuzcDlXOdS+ZaF1uREJ9rH8=","1":"VltcKNFF4OJNGSDeso9/Zj6gsXMWUKZz4UeqnR1uZRg=","2":"X4J2AyO0JD6IjTHPDOiBnbqdjwJU2sBf5LZ6S0hRSao=","3":"t2QiGVs/8VPrNIO0gIfdE5Jq4AsaV45KhRSXJPsfjeY=","4":"KBptWLZ+jwnrPztvsoU+rB7EZLBNVo3tkY1fAvdSMQQ=","5":"70hWBTzBtUWemGYJ87q1GxgE9fAwdLedQtOAjcA7hVg=","6":"N7vud35mlfLAJ759mWpCXuajJo4FZ9L/mMrzWQL/c/8=","7":"Jr8UL3EmvHa/Edkmy1MNg8FIs/moH27iTn6bu+F7hQA=","8":"4tqhilRZuLC5XLltjPEHPxneBFgHRTEIZWq0D3HEwUE=","9":"Cry3kXrNip0kc4OyKP1sEujYxTcEmiK/7YLNXW8zZjk=","10":"ujE0gITmrCZQJbM5sPlG7qXXfhvknTrGhHjVc69VVyY=","11":"qmEQMSRbescNyIf6b50wNhG4Zr5jR71pHmDMu53HL1A=","12":"UVZAXDCrHxshessUpd+Gbc+T4l6ZUUjyY4bu95dEzrI=","13":"qcBnJD7wDNiBOjxDRxhnUnFFHcJgWFMY8hQDcunxZ7Y=","14":"He4Z4LG7zbz8m9YcOhaNjfTDcJ667JfLLQI5jLUYUFo=","15":"xcLct2BMBD8NC7GdRKBvxq96+OBHywGS/76jO1ehgCM=","16":"5uapJfwxkI+O/cPKTc/AGK4Eu72Q05xLpg0HIv6nE9w=","17":"9XdXYsiZ8YJUswmE2HDEmlZGqQs5DVI5HWkVX+83UL0=","18":"5wDQJ6r7SUnAqISpm5tF9a5rkOcwFV1uRuZgl5D/kEs=","19":"9wEJiw9BwLRgwJkyuYHqBdAHQIJtSa7fgBz2/xJOt+c=","20":"X5xOE4RlHYD2DVWt9MelAwiKDg6naLfjrI+wLTTy4Ak=","21":"n5iWI2vewtfCmVdX4TpyElp0fpcPZPE0+8CnOfgXRz0=","22":"7FPnjwUbgqjdKa1eX5d44vf3ThgPuwNNZ69e6uhU3pc=","23":"XFdlK44+PX3gO7eAK9hnQzOlnyc1h/9c1bAC90SU/gU=","24":"7/x2IjFwkUPRdPImKxtuqHwsMx/3ZPovOBkrGn9+8ns=","25":"qXdWbBm0zMBwhAuquJEWbVdXpRPNGMb0wYNkrfVjBqw=","26":"tIMdZw3rz7IUABwp5ceK8aZKUad6jnCr3S9Dc9JNsZU=","27":"9y1Ff1WfKsI7aA18UHLnDEmDROPqfoPEA14xJ//tvCk=","28":"xOVD/edFciXLmbYW/2Q61BoCC7a7EEt8m5GRBTXwSmI=","29":"VE2gKsQUXwpNm6V55QcrjyQxS/dbediLfA2C5rfWuf4=","30":"WlyQzLrQ4H2R1mCFw8CgqnHJI7xaiIzidGf6kyHtLWk=","31":"bWrarFLMov2QHFJj86zjzeibgW+jYsjkZ6jN3taTTsw=","32":"nbgQVJCPRnOY1Amg6uE2QT55eCE7W+Z1HJPiwarnoPo=","33":"zEtlUI2miexFVTRItI+nltVL/p0TU9/qB0etxEWcp8E=","34":"YPagx4gBATO46YsOZVQUKsIs+5RX7/ovBKvLiDa6hkE=","35":"WyH2pYvpsVaaocN7PA9r6eR5cPy1r33/Ed7n/ovSA3k=","36":"j03HFGxBn9WuN7M/1E/623Zt31FpGTywBTfIi8hphwk=","37":"GxtqCAKVVgVqYqg4suSCGBMDlgGOklo5CoiOsLMhY+U=","38":"oxSPpYZne4MRVTOnjS+kdfV5E0Lk+Ti90467h+12tss=","39":"dTlsCyj79+s6Go8fMEusASAhYAvMwuaLllCOzS2zed0=","40":"3BNYiHgdvSD8GkNE6/3lWrGmZmsfjWqLIBLjExZS7AM=","41":"C2yexXsqaKRRXtv/cA9J7k4RcBUKMFmWbweGkyXJwWw=","42":"JcrvcQfyWuqYV76G70Ow3R+rIzGu04I+3oJ+FSqwSEE=","43":"eOPe7jUjr4cq3U853e62EASZ6dywycBUqqF4IBfzxIQ=","44":"Y0Fgr4qffif8PigVQspOcZCrzEEVRaoZS2AjI73oJTA=","45":"Bojb4wVpUnWm+GijNgdlnDUWr3+btPr5q2kDsu8Q/8s=","46":"lqxjYqr0dYwQ2Jiq2jrpbFBgUxECl5AVZrERJXeTPTQ=","47":"rVxlCxyw+rnqlLsj2wXsZ59PpSRBGPZkSjibCANkuSc=","48":"emMT+x/edqLF5ZuNWh6+P6PPfkfSMlloosBy8jOLVek=","49":"/ZehCtx7PuLQeF2FYOAVEfW8qTzkHIZfFKMg8y9f/YI=","50":"mfzval2i2uUvJxM/8A1rVA5QZhhQlRnaRgClNPZFM6A=","51":"nrCesHrmW+0GlepDmF7egadKzJcJwPsB49mPHSfc4OY=","52":"wBOCczDQQiJ1m7dOmDfPiSAmxRUWMzYgdGwr5/E0S8k=","53":"CUVRi9r3jiZirJz2xDsg6VchFNoxHZ8BYF0dOl493X4=","54":"NhchfhvrLbr7djJNqpXma60y2xcy2ymkjslpREypQmw=","55":"FOs/E46aFtKrW1+P0SIZfjtSns8acqUUknS5urVokAQ=","56":"bSgwYqeTbk2p0obifGUYvs/tYtd8wdQmSnyWbdzTqMY=","57":"Gy2bJZSnBSyjdnGuB1xdBgLYYs/vXOf8F8/3+FJE7uc=","58":"nBUs8R1sygXbrLDdM53yU20hp3AV9wgxLSbSqTp40dk=","59":"KLXBNzcr6Dl3LqtMa01wF4UlL/9CcbwmfHhHag0AJNw=","60":"QlI+8yOjxJPmK94nijJTqPVuZp2gwmw2recuvxGn364=","61":"VJx2NTSV27ekN8hqBi2vu0u63DAilaSLXwBK1R0mtvs=","62":"GJK+bncjYF0yZIZPTAS9X/dtbnH3bTBS18WR69wO8ws=","63":"4sg+EhqEhUNZQh3oEMeHuco95zIguPsXA7osAFzGmzI=","64":"haToVgpHnDcFsNyRNwl50j81SlJwl3DHE1Oov7mYyNE=","65":"IaWaepoYJOZqp9303uapBV2NueB8RlJs1MTfhW0TBKE=","66":"9v+eOvUqzO8kSMs4QloBj6ek0tqcYxKBJO/ypul4Tjs=","67":"ip9dBwJI3kTFyghhJiWxbJ2x2sDd+lr1WxaRJTVyTbc=","68":"zNAlDMGJ8m4/uW06dCBBOcamhc7L1ocNkQ4eYuh8zBg=","69":"1Xf6RvIugqnN2Eu/1CYfMW/cfhUaJq6xHmU8TXyMz58=","70":"DMTKLcQZzvZbF5dttjhB46PeRPCvlKDePaJqyFctwoQ=","71":"B3kV6ne2hB9enrqEGjKEZH9oHaEpQeTdGzSO3xTvYBc=","72":"KA6rnBh2MsjgQzC+OWShjYPqJLJdteZQHG8lzQQZb/s=","73":"xBKB+SdBLsGWH0ghOIem2TIrs5yu+ANFs96ftp08NDU=","74":"9DHD+1FNDouJn7MhKYuhw8gTg3DdrlqqmSemhJ4dSmE=","75":"jytcUd1JAPzrXdl6bgNlmZtOP9cCPj33r2uJO8goUDY="}},"BWSogkLF7/959HHZvGP4Bpub4Mp+/35auAYMzkmxSK0p":{"chainKey":{"counter":0,"key":"cOVOFUKrTiHeC8xRbKhX7zfBY7CcGj4NcGOn/R/95k0="},"chainType":1,"messageKeys":{}}}},"BYcCe8QxEdoxRrtMgj/Wz3ujJpCCrk37k7RptBepfJ0m":{"registrationId":151,"currentRatchet":{"ephemeralKeyPair":{"pubKey":"BXLWRXoAPu45v8pRTPanPsq+DvnTYgGLYHB8YjzhDoMQ","privKey":"YAtjD8sfQmZy6YbiD0RQhiLHjbhR8BVb6wEaAF8O9nw="},"lastRemoteEphemeralKey":"Ba06yoqY6x/lgJirLK0M1aVRgPK5/KSRfkg9E7BoN6sk","previousCounter":27,"rootKey":"qPkzpf+gA1PofDmiMhV3IubEYOojiq2tBQTCh3bNSXY="},"indexInfo":{"baseKey":"BYcCe8QxEdoxRrtMgj/Wz3ujJpCCrk37k7RptBepfJ0m","baseKeyType":1,"closed":-1,"used":1743008783780,"created":1742982561666,"remoteIdentityKey":"Bbp6If26SK8ns7yXtRnRYc1OCVoQeOdQc1WVbKs4unAI"},"_chains":{"Ba06yoqY6x/lgJirLK0M1aVRgPK5/KSRfkg9E7BoN6sk":{"chainKey":{"counter":5,"key":"cDpTxgGrA6aiCogTVakejgMxR60SQekSc84xCiACp5k="},"chainType":2,"messageKeys":{}},"BXLWRXoAPu45v8pRTPanPsq+DvnTYgGLYHB8YjzhDoMQ":{"chainKey":{"counter":5,"key":"Qg/rgqs1VOioAffSOUd5aBleXONrAV+LD8dJrOZQ8mM="},"chainType":1,"messageKeys":{}}}}},"version":"v1"}