{"_sessions":{"BQF0R7FWpXvov1kJQrzjWSHuGqghjz+RB64Vg9x5jy9z":{"registrationId":1978749766,"currentRatchet":{"ephemeralKeyPair":{"pubKey":"BRbbR1V6EonFuHbMJ2A/bceTzYwS1uWKKAm/8wPsAm8x","privKey":"uP+BwSITMj5WXrzWg0zkP/k3zmh6ApgGOv1c1+gVL2E="},"lastRemoteEphemeralKey":"BcCHmw9iqrbIKRptUlhSRNDzbEItHAbm/8819/Aab+cI","previousCounter":0,"rootKey":"03Hnki9c4xgmELPDGB234bbdxB40QrDMUdZZfk6bHAg="},"indexInfo":{"baseKey":"BQF0R7FWpXvov1kJQrzjWSHuGqghjz+RB64Vg9x5jy9z","baseKeyType":2,"closed":-1,"used":1742865270169,"created":1742259881015,"remoteIdentityKey":"BT0fIK7WWLV8b1EruIfD95k/2wVDvyZkG4L9hxrMbwQg"},"_chains":{"BdDB9//12uoRMmI3jkXaYZvMDBbr8nVk4P06v/rN7V1D":{"chainKey":{"counter":0},"chainType":2,"messageKeys":{}},"BUJ8hJHx+E3nXo3PDeiQanBnF+HloDPIkUD7Qdub6Xhs":{"chainKey":{"counter":2},"chainType":2,"messageKeys":{}},"Bbicc8UH79x8YT4VZSjmW3u2bODnrvlmYTXiSt4wSh5p":{"chainKey":{"counter":0},"chainType":2,"messageKeys":{}},"BZ0ycNeIuPpoYcj06muQiwAEcMp4FCl8PXrI7WAOoecQ":{"chainKey":{"counter":1},"chainType":2,"messageKeys":{}},"Bd3S8WdzuEJdS/+c9fovosKil/Fi9lX7Bqn8MAY9UK4+":{"chainKey":{"counter":0},"chainType":2,"messageKeys":{}},"BWrHWHvzR738R4jlwhQFvAH0zS/yPaSes2VrbPVHsFM4":{"chainKey":{"counter":0},"chainType":2,"messageKeys":{}},"BTC1WUzqSsHMdKIeVjvkJm8T4vN7v2vyQ47mN6gfqMYE":{"chainKey":{"counter":0},"chainType":2,"messageKeys":{}},"BZmWRavL0RZI2cmucDDkU0x5wvDFgSpfOL5t/aSjvsJM":{"chainKey":{"counter":0},"chainType":2,"messageKeys":{}},"BWwQ6pksuJQNo5adepf8XMQGY+/MoLwgYXqIJEA9Hfdi":{"chainKey":{"counter":0},"chainType":2,"messageKeys":{}},"BSHuEZWA9S3atDYog/ZB0repUobdT5GNUWe1PH1OtwE/":{"chainKey":{"counter":0},"chainType":2,"messageKeys":{}},"BcCHmw9iqrbIKRptUlhSRNDzbEItHAbm/8819/Aab+cI":{"chainKey":{"counter":0,"key":"2x/LL250SZDGgWmqrPOIvaJ8DBrJgIC+qX6smjCUCxM="},"chainType":2,"messageKeys":{}},"BRbbR1V6EonFuHbMJ2A/bceTzYwS1uWKKAm/8wPsAm8x":{"chainKey":{"counter":1,"key":"R3yOKF0Uo1MfDbR5+sKnfc+ZR2ICruIogm/L1oB62rc="},"chainType":1,"messageKeys":{}}}}},"version":"v1"}