{"_sessions":{"Ba0PcgaiqKPzliFcfu/+cEabISb64N95Zc0TwAagl7NT":{"registrationId":1878487907,"currentRatchet":{"ephemeralKeyPair":{"pubKey":"Bbmue8b3tfEBHE6WH83azxvYUvis7imQlo7J1PL/IVFW","privKey":"gM/QjrK/qzWuSjQVQbBJegEfkfzfmY3IQFkPe91490k="},"lastRemoteEphemeralKey":"BaKrUU6Zh/aDg7F1Wi8oIuU5YQYg/hiMXkoaO7i2G31M","previousCounter":0,"rootKey":"y494al/at5m8OD1TbZUAEvDsk1yH3Rs9nXKfXCd0taU="},"indexInfo":{"baseKey":"Ba0PcgaiqKPzliFcfu/+cEabISb64N95Zc0TwAagl7NT","baseKeyType":2,"closed":-1,"used":1742865882650,"created":1742259688934,"remoteIdentityKey":"BTnVaDJ21er/9oSqQb6Wk3QBCl0ev2AfHluUx6fRryEr"},"_chains":{"Be/WFO7R/W4yPnibO8Vt2Q+mpu71IkkzIbG+E10a8409":{"chainKey":{"counter":1},"chainType":2,"messageKeys":{}},"BfFdvBaJB29/9f2VYiLPcUIia/m9Vm+tb715HC8hY3pZ":{"chainKey":{"counter":1},"chainType":2,"messageKeys":{"0":"c5HuVtnkAH5RY1R/3D8DFX5O0QcfD0+uhU90n5LzwRE="}},"BTkPjLB54rWEFkVFqnkHVuMWyGWcuPr4lTun0JXX9MB8":{"chainKey":{"counter":0},"chainType":2,"messageKeys":{}},"BVPk74r8pR27KwGlmmkFlIQYgTJghwIcvn/85UCL/X4u":{"chainKey":{"counter":0},"chainType":2,"messageKeys":{}},"BX6NNNYIvtB7Dq3JWAdlSjOpAdhqGhafzgf4VLqg4zsK":{"chainKey":{"counter":0},"chainType":2,"messageKeys":{}},"BZH2l9F41tC8JfEgq3cGBvXKLKK+3BhjV0IR/bK7Yb8t":{"chainKey":{"counter":1},"chainType":2,"messageKeys":{}},"BS6GnEtGE8cgU6LRgHoavZobYyCoY/mjiOkSmBeHmpRj":{"chainKey":{"counter":0},"chainType":2,"messageKeys":{}},"BSbF+ZvZnTkSeim7pEXXpzWLHB/LfM45/V3AZZIvDo4Y":{"chainKey":{"counter":0},"chainType":2,"messageKeys":{}},"BVX/2it4lzNK9a1N0SUK04J+21gAJotvub8vSIJYZv1Z":{"chainKey":{"counter":0},"chainType":2,"messageKeys":{}},"BV4/WM8LpMv9E0EuBGaBbb5/tl35Bfw7rTEST3GGnElG":{"chainKey":{"counter":0},"chainType":2,"messageKeys":{}},"BR7OOQbn7UhyrLxkt9HpiXvE7II+iPGWUa5KYk0t+EQ2":{"chainKey":{"counter":0},"chainType":2,"messageKeys":{}},"BbBo8OU57AcvS1VNMSM1uxXHQDV3LV2R/2zQL7M3f/t3":{"chainKey":{"counter":0},"chainType":2,"messageKeys":{}},"BQmEmhJen8xNuv8zEY1xQUpebEoohJznJlhyLyl1rrwz":{"chainKey":{"counter":0},"chainType":2,"messageKeys":{}},"BQC57idHp8xNzfehHeB28BYJad5Aij1IXKixkW23yMEl":{"chainKey":{"counter":0},"chainType":2,"messageKeys":{}},"BR7H6+ZlLX3uuGO81Q1q1QXgzlz7IC8M5DFXU3nGshgF":{"chainKey":{"counter":0},"chainType":2,"messageKeys":{}},"Bazt7zLL3Sq4sJ9GCOExMd4caIbFf2kgsBczBRCxNzAS":{"chainKey":{"counter":4},"chainType":2,"messageKeys":{"0":"ek6w+3zq+sLQP6TJ9J34dW2Dj07MhE3JsEQ0ozssgaw=","1":"WSYyVrCPA8gViJqaBqm2buxVDE7y+f2d2P1mjeclW4M=","2":"cOuFXB8uXr5lZMOBKD5TEqbpZbV7RqLpMIQPoJN6zQE=","3":"udnXtPmfZXn7oYkM52QcIU7JRZI/DWtjIVfQpzQumIw="}},"BXy69O7LHl2vK2c8eAmt0fuLHuRNS26+NllWBcwqwR96":{"chainKey":{"counter":0},"chainType":2,"messageKeys":{}},"BdOjKBmAEo7dZarWv5h3fGpCHGqmEaynWxzHy6xODVVK":{"chainKey":{"counter":0},"chainType":2,"messageKeys":{}},"BT0DsxuUwb0qtmIT5JhpQkhK2yGoUvbXLEz8WrdYAjMf":{"chainKey":{"counter":0},"chainType":2,"messageKeys":{}},"BYA4w2WOMmp1/6om9ZC4aF5PqPYZG4tPfdonA6Pi3eF6":{"chainKey":{"counter":0},"chainType":2,"messageKeys":{}},"BZe96HZpzAvdFUM1D0vsxBj63Qvwj52FZVb2HadMDPpx":{"chainKey":{"counter":0},"chainType":2,"messageKeys":{}},"BacSGK5zU18owoV2hXjRELqJh3U71yBW5gfTwhosA1Vx":{"chainKey":{"counter":0},"chainType":2,"messageKeys":{}},"BVpaUFsaln5kI7LjTEUIisCd7vy2Oip/D+62GLnldMRB":{"chainKey":{"counter":0},"chainType":2,"messageKeys":{}},"BeFJM8x8AzjyyRNsMvLfOMP/zEOQSzqZH8US0QmMT9tf":{"chainKey":{"counter":0},"chainType":2,"messageKeys":{}},"BSzFQtoIr+PDsajCTVmfG3S0GtUrDaKKg2K7OD27rH0s":{"chainKey":{"counter":0},"chainType":2,"messageKeys":{}},"BS2sNODjRjZt1hDqHb/nH/dogLn0Fdw/4I3PzvaFzoFS":{"chainKey":{"counter":0},"chainType":2,"messageKeys":{}},"BaKrUU6Zh/aDg7F1Wi8oIuU5YQYg/hiMXkoaO7i2G31M":{"chainKey":{"counter":0,"key":"pXXE/lKGB+ksJKmAPAgRL6gV0EuZ4Vb62BoBHHzMAN0="},"chainType":2,"messageKeys":{}},"Bbmue8b3tfEBHE6WH83azxvYUvis7imQlo7J1PL/IVFW":{"chainKey":{"counter":1,"key":"5z4SBz5y+l8ue1FNUKLRG9m6ennRmgFHGsZytasHCN8="},"chainType":1,"messageKeys":{}}}}},"version":"v1"}