{"_sessions":{"BclGKDvzt1SLR4hOBSfgoZrcNEfNIq1mo3iLckkvCxk8":{"registrationId":1029796994,"currentRatchet":{"ephemeralKeyPair":{"pubKey":"BU+s9jcaoXN+NnggrjOEzAtfejBFmvJ2pOvFvgz0CHhy","privKey":"gGbnRfGzpsBc/mFR1jge7Lz0T2gTlA0HVZigIg+PZG0="},"lastRemoteEphemeralKey":"BU+S/aekxAxF6WFtm+gcuwFTmOw43c8LL1fowoC6Nfwg","previousCounter":0,"rootKey":"a/yk8EYzKoDQk2tqGvyHn/3RZ4RikjXhTbI1Ps+78FA="},"indexInfo":{"baseKey":"BclGKDvzt1SLR4hOBSfgoZrcNEfNIq1mo3iLckkvCxk8","baseKeyType":1,"closed":-1,"used":1742260085448,"created":1742260085448,"remoteIdentityKey":"BX9/THq4I1RuXn7bNN/rXArkGOCThuCHjQkO+dH8EL8y"},"_chains":{"BU+s9jcaoXN+NnggrjOEzAtfejBFmvJ2pOvFvgz0CHhy":{"chainKey":{"counter":5,"key":"n3KvAP/G3y09EHd1xqAHTVqvRZvUC0y8Sw6YDYY61OA="},"chainType":1,"messageKeys":{}}},"pendingPreKey":{"signedKeyId":194,"baseKey":"BclGKDvzt1SLR4hOBSfgoZrcNEfNIq1mo3iLckkvCxk8","preKeyId":2017}}},"version":"v1"}