{"_sessions":{"BZ01CYkBJUGHzUoY79uGrsQswKNPY8WxVZaRIWAdIA8i":{"registrationId":13395,"currentRatchet":{"ephemeralKeyPair":{"pubKey":"BSKOr4CX/j88nGwusV6Z2YbV5PET0h+nQhWOp3HrejAs","privKey":"iMbQX4Fx5t+MWiknwpnKsfU/vdJvM7CgQiGtJGALrVM="},"lastRemoteEphemeralKey":"Be37nGjXj5khrl8DTAfx4+/rvhUp/HrXCg4KtRw3BMRs","previousCounter":0,"rootKey":"GBgjtBd/03M4B70nvrPsX4rN/5s2T8ucxdLzXGfCAEg="},"indexInfo":{"baseKey":"BZ01CYkBJUGHzUoY79uGrsQswKNPY8WxVZaRIWAdIA8i","baseKeyType":1,"closed":-1,"used":1742259982140,"created":1742259982140,"remoteIdentityKey":"Bdy+6Jmb+LWn40ecvvR3b4kCa+cFBI+C68AnzCf3cDpo"},"_chains":{"BSKOr4CX/j88nGwusV6Z2YbV5PET0h+nQhWOp3HrejAs":{"chainKey":{"counter":14,"key":"Qh7Tc5YN01gy4+hC+WQtcRXxsWOlItlC32Fmr/BIapo="},"chainType":1,"messageKeys":{}}},"pendingPreKey":{"signedKeyId":1,"baseKey":"BZ01CYkBJUGHzUoY79uGrsQswKNPY8WxVZaRIWAdIA8i","preKeyId":1531}}},"version":"v1"}