{"_sessions":{"BW9imu+Sg1EQEZ78zK03aAfK93/gw4wNqZjjF2vJyXge":{"registrationId":506061194,"currentRatchet":{"ephemeralKeyPair":{"pubKey":"BSbMWKUO8hdv7NjumhDlhNMYQsCg7ITM/bxJtx2VnHMh","privKey":"WF14I9C60228mXSa1rmDRhQSS0juxaNTpbFTLMBxA2E="},"lastRemoteEphemeralKey":"Bej8xYu4tSX3T5wAbDlEzxbKcYvnDxFc0kwblSmGTicB","previousCounter":0,"rootKey":"QSrzz5XeerEUjuppth2oV2hBOvPVkRD45yoatVvOeS4="},"indexInfo":{"baseKey":"BW9imu+Sg1EQEZ78zK03aAfK93/gw4wNqZjjF2vJyXge","baseKeyType":1,"closed":-1,"used":1742865744274,"created":1742865744274,"remoteIdentityKey":"BZWWJ5gCr5NRSEN+TCEsxG31XFX0lJ5YhqZZzpRiagwq"},"_chains":{"BSbMWKUO8hdv7NjumhDlhNMYQsCg7ITM/bxJtx2VnHMh":{"chainKey":{"counter":7,"key":"dnmOZCugbXIcU6UtEk2tvyT9DZS5wIjd0P5GmTSU/fM="},"chainType":1,"messageKeys":{}}},"pendingPreKey":{"signedKeyId":1,"baseKey":"BW9imu+Sg1EQEZ78zK03aAfK93/gw4wNqZjjF2vJyXge","preKeyId":808}}},"version":"v1"}