{"_sessions":{"BdNhS0PYdC4bEJTQe3rb662v9NffZ/fCnsKHS2kXsHBT":{"registrationId":1784852301,"currentRatchet":{"ephemeralKeyPair":{"pubKey":"BQupXgEfg7ywIo/Nb3RPSuZMKyiQ8JiAVWeS+OhQ1utD","privKey":"CD45sD/Evx6IcojJAYMd+B2JFkU/CCEgzu+kU49ftlw="},"lastRemoteEphemeralKey":"BQPts7ChFSTdlympdSGTPtpcVmQ9nEv4JBivm19zttR5","previousCounter":1,"rootKey":"p0plgdqn5MHPbaGDwSS7QisywUku5C3mcN0AiZNELys="},"indexInfo":{"baseKey":"BdNhS0PYdC4bEJTQe3rb662v9NffZ/fCnsKHS2kXsHBT","baseKeyType":2,"closed":-1,"used":1742865138689,"created":1742259737532,"remoteIdentityKey":"BYd1b7D9zS0OWF5SWLf5ly7r611u4lE6ErjciAnJNzlQ"},"_chains":{"BVI2lsFwnNny5rGDCLBgutAnjnTZ9CqexLhdF57mel40":{"chainKey":{"counter":1},"chainType":2,"messageKeys":{}},"BQimoTlvdvz/6BjGs1PNlRb75q6iccyE0EwTp+VmFZgI":{"chainKey":{"counter":0},"chainType":2,"messageKeys":{}},"BX5DfysFO03LSdG3vrM6Mx1O4073dIrnphE7Y7dHgpxY":{"chainKey":{"counter":1},"chainType":2,"messageKeys":{}},"BdRvaPZqBZprRdYGrr2WFD16gMSumqi3tRzec+4u/z4H":{"chainKey":{"counter":0},"chainType":2,"messageKeys":{}},"Bd1qXpT/R5vhGjX7oFkpxSWBykkJ9nJsefPqawv0ig1c":{"chainKey":{"counter":0},"chainType":2,"messageKeys":{}},"BaVDmp8Ph05QNPkEIL0nLayOhaRmqmjyB+T6jQ6KbowT":{"chainKey":{"counter":0},"chainType":2,"messageKeys":{}},"BZpog9N2ACikGQeAqRVcqvlXb+TC2H/CiztTbjivFYVx":{"chainKey":{"counter":0},"chainType":2,"messageKeys":{}},"Beu+R8/TX66LTCUNyBwm/7DFmkUXBmgOy7ncxMtI+ExI":{"chainKey":{"counter":0},"chainType":2,"messageKeys":{}},"BVpuU4v9ZpZuRd7ask2Kaq9ME2zLUZGVe+16pgzs+lsb":{"chainKey":{"counter":0},"chainType":2,"messageKeys":{}},"BQTtiBwDD0lM9VDAoO4Nb4dwCsfIlaFu4w4cx3GowRhq":{"chainKey":{"counter":0},"chainType":2,"messageKeys":{}},"BQmAHPDUrosaj/7JQNBpGm2GKS9ruH4fdfJDEqHKBM8j":{"chainKey":{"counter":0},"chainType":2,"messageKeys":{}},"BfscshheJ6CfcPbwKp1QpftucWjrG0maRQOBviAS7hQE":{"chainKey":{"counter":0},"chainType":2,"messageKeys":{}},"BQPts7ChFSTdlympdSGTPtpcVmQ9nEv4JBivm19zttR5":{"chainKey":{"counter":0,"key":"DIoeIZu1x1gOpyhcP+0UBaXWG+8kj48y3gXSuyXAjW8="},"chainType":2,"messageKeys":{}},"BQupXgEfg7ywIo/Nb3RPSuZMKyiQ8JiAVWeS+OhQ1utD":{"chainKey":{"counter":0,"key":"b7950MBNyVgS1yPUw7O2hlEd9mg6wp4Z/EGKHIJcrPo="},"chainType":1,"messageKeys":{}}}}},"version":"v1"}