{"_sessions":{"Bbpa/VVsyLBVp34zUURjA1f7ZiUiXV1nbCUzBKPTkGsc":{"registrationId":1630317289,"currentRatchet":{"ephemeralKeyPair":{"pubKey":"BcsMOpFyGWlkPBN6Krmb7lNxWvrJk6DZAarp4PYOhAdN","privKey":"EGyNh2SBKbzVEGXDNrGjOdjEAMub0FpD2dNB6ocUnkc="},"lastRemoteEphemeralKey":"BalgLUhiEdjT8Gx64xfcKbrfmlgrar4XQZwqO+1VbrQe","previousCounter":0,"rootKey":"uqSxtVdTJoDzZqZY/Faexsorwu6FXBhXxqfyNtCArvM="},"indexInfo":{"baseKey":"Bbpa/VVsyLBVp34zUURjA1f7ZiUiXV1nbCUzBKPTkGsc","baseKeyType":2,"closed":-1,"used":1742984498120,"created":1742869789766,"remoteIdentityKey":"BX/4Zn59Y46TlKYZtEWstR45UdkI7uRF6EVUsa7vPydU"},"_chains":{"BRbxZ9hQtPQ+FUApEnl79upgcBRvXx/DwUFrbaOMg54u":{"chainKey":{"counter":0},"chainType":2,"messageKeys":{}},"BalgLUhiEdjT8Gx64xfcKbrfmlgrar4XQZwqO+1VbrQe":{"chainKey":{"counter":0,"key":"uL2GDG/K1kE1OklaNhMyZypEepLzCloxwalxwth+VUg="},"chainType":2,"messageKeys":{}},"BcsMOpFyGWlkPBN6Krmb7lNxWvrJk6DZAarp4PYOhAdN":{"chainKey":{"counter":0,"key":"GUKC4Wdm9hLDTqjgMWVCQphB7wx9L4RvLfX4JGw+sGk="},"chainType":1,"messageKeys":{}}}}},"version":"v1"}