{"_sessions":{"BZBpC7Qtf9nKIVdhyteTdsBli3EMXnsnYdIkxepufgNA":{"registrationId":3256,"currentRatchet":{"ephemeralKeyPair":{"pubKey":"BejDQ63EjEdsfxGKJzxNRJJOl3n7XoZa0c4YZxwWeMsE","privKey":"sJnwEhyRggeECrL8chdASz88Bsu6eV6X3XOd8H0L2mA="},"lastRemoteEphemeralKey":"Bc2YXaCWQPfeqCcaq3Lb1GSWO/AOEEziFrPrMWV4VPcS","previousCounter":0,"rootKey":"zjn6U9veabWIbzxfs+IzST1XxL9DZ42G6w2uBsTTrnQ="},"indexInfo":{"baseKey":"BZBpC7Qtf9nKIVdhyteTdsBli3EMXnsnYdIkxepufgNA","baseKeyType":1,"closed":-1,"used":1742259893212,"created":1742259893212,"remoteIdentityKey":"BVLeRtWaClsM82gyjYSoSz/K4NzRme45EQ40YRE/gPcs"},"_chains":{"BejDQ63EjEdsfxGKJzxNRJJOl3n7XoZa0c4YZxwWeMsE":{"chainKey":{"counter":6,"key":"6wbeZr8X9QJb8lX4WHEE617Qb+zG05V8Lm0l6vmTr9g="},"chainType":1,"messageKeys":{}}},"pendingPreKey":{"signedKeyId":2,"baseKey":"BZBpC7Qtf9nKIVdhyteTdsBli3EMXnsnYdIkxepufgNA","preKeyId":312}}},"version":"v1"}