{"_sessions":{"BQVm6oZdAxQOfORaMUsJZMoU8zhQoOpxP9f2B4hAZ8Uf":{"registrationId":12475,"currentRatchet":{"ephemeralKeyPair":{"pubKey":"BdO2/SxQ9BhcsNAKAQYuFY2fmZdjUZDbqPY9LmmtZdJ6","privKey":"wK1zfsZ8uNo6OwutdzI4s0n+1vqBVkT5I5whZghkP04="},"lastRemoteEphemeralKey":"BbKAFTkXYOx/rF9x4bN44yvMT4VqwLMZH/IqhlpL3opm","previousCounter":0,"rootKey":"L0nO8SKg2ysZOLmFMyOr6L1vlbg4kUO25G87A/duixY="},"indexInfo":{"baseKey":"BQVm6oZdAxQOfORaMUsJZMoU8zhQoOpxP9f2B4hAZ8Uf","baseKeyType":1,"closed":-1,"used":1742786932178,"created":1742786932178,"remoteIdentityKey":"BXEuG+U/fZ+04QbUYpx1ZNtYAz5vSyGCarHslco7wTU6"},"_chains":{"BdO2/SxQ9BhcsNAKAQYuFY2fmZdjUZDbqPY9LmmtZdJ6":{"chainKey":{"counter":3,"key":"AAwrTB5EtlDgArODMK9rktZ0wk+Ex08nDWLsKP5xV1g="},"chainType":1,"messageKeys":{}}},"pendingPreKey":{"signedKeyId":1,"baseKey":"BQVm6oZdAxQOfORaMUsJZMoU8zhQoOpxP9f2B4hAZ8Uf","preKeyId":223}}},"version":"v1"}